group,sample,variant,maeEV,p95EV,meanRatio,gainCorrelation,puPSNR,puSSIM,uvError,baseColorShift,aboveSDR,darkMAE,midMAE,brightMAE,hdrMAE,edgesMAE,darkPixels,midPixels,brightPixels,hdrPixels,edgesPixels,white100PSNR,white100SSIM
development,DJI_1_0226_D,SDR,0.6939161555322664,0.8921346770422689,0.5931626367633501,,26.323719255971177,0.9869604174922209,2.690227048426447e-06,0.0,0.0,0.6697184470898847,0.6657007294312351,0.8933162249640856,0.9588430805873235,0.6707659659557055,39355,133399,23652,16109,19514,27.073430891880264,0.9827122528693538
development,DJI_1_0226_D,production/legacy,0.5715059329463843,0.7275578139630772,0.7587786370972918,0.8512096260620291,28.20678841529173,0.9864217051223816,0.0003027181721995165,0.0003010574165655978,0.056905110677083336,0.6689565937522431,0.6109377287905643,0.18695778100014912,0.16186567414436723,0.666786782865541,39355,133399,23652,16109,19514,29.07299240803061,0.9830536296171878
development,DJI_1_0226_D,production/v11,0.4631686443633743,0.7195020753404107,0.887618432990345,0.6246956426361154,29.57807437467237,0.9875049940761658,0.0003028488427162741,0.0003011614475766464,0.09102884928385417,0.667569168339922,0.470808782565807,0.0799718991763561,0.07427195656236245,0.6465420716224841,39355,133399,23652,16109,19514,30.533313431511225,0.9846611763439733
development,DJI_1_0226_D,production/v11-bilinear,0.46309973012074995,0.7195012871622632,0.8877064299251434,0.6248257665361651,29.579109472810746,0.987513104467713,0.0003028336295535953,0.0003011369673002473,0.09107462565104167,0.6675744719682382,0.4707422141625807,0.07976626174158147,0.07406632809520149,0.646614679036776,39355,133399,23652,16109,19514,30.53441989892452,0.9846708809498493
development,DJI_1_0226_D,production/full-edge,0.39034738911263817,0.591845741492392,1.0776773628700782,0.602175473622975,31.309019030110335,0.9910471436201779,0.00030276544598077865,0.0003010696683542564,0.13115946451822916,0.5454107929920471,0.3545374191133928,0.3343053600349788,0.31362355334114006,0.5044205052209206,39355,133399,23652,16109,19514,32.20309837080338,0.9895376389401782
development,DJI_1_0226_D,production/full-bilinear,0.3904398116459979,0.592239119723105,1.0778413585312356,0.6022920478063712,31.308646241545443,0.9910689947461645,0.0003027700718417152,0.0003010548287682122,0.1311798095703125,0.5462312410834985,0.3543791453409897,0.33460035278031763,0.3139227027098282,0.5047120820520807,39355,133399,23652,16109,19514,32.20319244793986,0.989568074598938
development,DJI_1_0226_D,edge/none/0.5/cap2,0.466799719157521,0.6321736734416141,0.7923659720183391,0.6030485793270978,29.971282294393987,0.9913393340258738,2.6902270484263874e-06,5.83353121083717e-17,0.037750244140625,0.6061576518371128,0.45887011724378646,0.27964301042612205,0.3227730457333359,0.5843811202221226,39355,133399,23652,16109,19514,30.86781644128066,0.988705345565053
development,DJI_1_0226_D,edge/none/0.75/cap2,0.372954325672152,0.6117503523806004,0.9220868872588823,0.6030485793270962,31.342948957211693,0.9918579406526615,2.690227048426332e-06,5.825760970174112e-17,0.092071533203125,0.574377254210727,0.3648463803903758,0.0835323926435724,0.07436070733825957,0.5413283738933042,39355,133399,23652,16109,19514,32.30584433071955,0.9898245035528513
development,DJI_1_0226_D,edge/none/1/cap2,0.3897312058819364,0.5918072841778357,1.0777118956530989,0.6030485793270978,31.32388549672403,0.9913165149389565,2.690227048426592e-06,5.803797135848205e-17,0.13115946451822916,0.5426103949451768,0.3544563658935437,0.3343053600349788,0.31362355334114006,0.5014386725867256,39355,133399,23652,16109,19514,32.21591167941315,0.9897640465051439
development,DJI_1_0226_D,edge/linear/0.5/cap2,0.6114276481851483,0.6715827067036235,0.6953010732744002,0.8620030841670975,27.747327827361513,0.9889260247346999,2.690227048426456e-06,2.2752398061113662e-17,0.0260009765625,0.6697184470898847,0.6278898896267443,0.42158827151664724,0.4268263054267415,0.6681571646893758,39355,133399,23652,16109,19514,28.577203209164686,0.9850207080718358
development,DJI_1_0226_D,edge/linear/0.75/cap2,0.5701833945115891,0.6715827063896437,0.7595237051847674,0.8620030841671289,28.241521625216286,0.9892025008995542,2.690227048426445e-06,2.2809680524084322e-17,0.057078043619791664,0.6697184470898847,0.608984469724499,0.18572429479292804,0.1608179178464505,0.666852764056211,39355,133399,23652,16109,19514,29.10709010201709,0.9854148824290759
development,DJI_1_0226_D,edge/linear/1/cap2,0.5472722467978748,0.6715827063777176,0.8348424952584661,0.8620030841670975,28.474864953873208,0.9890398411266489,2.690227048426484e-06,2.2802159406465213e-17,0.08207194010416667,0.6697184470898847,0.5900790498222537,0.10209826873508315,0.11325329535116394,0.6656822469651985,39355,133399,23652,16109,19514,29.357228184086036,0.9853358791335176
development,DJI_1_0226_D,edge/perceptual/0.5/cap2,0.5295640438024715,0.6715761609502262,0.7715187978869422,0.6287096113988357,28.90640976633424,0.9898837108439316,2.6902270484264857e-06,5.644985539998259e-17,0.037750244140625,0.6689907115963162,0.5322515192900333,0.2824118768148148,0.3229241632681925,0.6552920646540584,39355,133399,23652,16109,19514,29.804621130492016,0.9864114577828903
development,DJI_1_0226_D,edge/perceptual/0.75/cap2,0.4627639887865497,0.6715708059467175,0.88800018858749,0.6287096113988349,29.603238982730456,0.9902459940152033,2.690227048426447e-06,5.645716803721798e-17,0.091156005859375,0.668626843849532,0.4698977527065936,0.07999003165084859,0.07424306026437522,0.6475625596705146,39355,133399,23652,16109,19514,30.557475970451577,0.9869735211925589
development,DJI_1_0226_D,edge/perceptual/1/cap2,0.48204160439076155,0.6715668565412197,1.028020758329371,0.6287096113988359,29.430703677659885,0.9899395796318593,2.6902270484263735e-06,5.614731785023155e-17,0.12723286946614584,0.6682629761027478,0.45427826760803247,0.3287716601895975,0.31332343683259983,0.641619438098953,39355,133399,23652,16109,19514,30.35638907804847,0.9867568754467281
development,DJI_1_0226_D,edge/adaptive/0.5/cap2,0.5295640438024715,0.6715761609502262,0.7715187978869422,0.6287096113988357,28.90640976633424,0.9898837108439316,2.6902270484264857e-06,5.644985539998259e-17,0.037750244140625,0.6689907115963162,0.5322515192900333,0.2824118768148148,0.3229241632681925,0.6552920646540584,39355,133399,23652,16109,19514,29.804621130492016,0.9864114577828903
development,DJI_1_0226_D,edge/adaptive/0.75/cap2,0.4627639887865497,0.6715708059467175,0.88800018858749,0.6287096113988349,29.603238982730456,0.9902459940152033,2.690227048426447e-06,5.645716803721798e-17,0.091156005859375,0.668626843849532,0.4698977527065936,0.07999003165084859,0.07424306026437522,0.6475625596705146,39355,133399,23652,16109,19514,30.557475970451577,0.9869735211925589
development,DJI_1_0226_D,edge/adaptive/1/cap2,0.48204160439076155,0.6715668565412197,1.028020758329371,0.6287096113988359,29.430703677659885,0.9899395796318593,2.6902270484263735e-06,5.614731785023155e-17,0.12723286946614584,0.6682629761027478,0.45427826760803247,0.3287716601895975,0.31332343683259983,0.641619438098953,39355,133399,23652,16109,19514,30.35638907804847,0.9867568754467281
development,DJI_1_0226_D,edge/shadow/0.5/cap2,0.4976825938843001,0.6700098767660492,0.7885025313860757,0.5768555838178328,29.421317291734095,0.9906467669641214,2.6902270484264374e-06,5.840246817822078e-17,0.037750244140625,0.6651539307126438,0.4869346704896223,0.27964301042612205,0.3227730457333359,0.6373766783374317,39355,133399,23652,16109,19514,30.339259698372906,0.987479732077633
development,DJI_1_0226_D,edge/shadow/0.75/cap2,0.4192786377623205,0.6691965502001747,0.9161528587155777,0.5768555838178339,30.322253542928795,0.991125091617557,2.690227048426473e-06,5.823635466891472e-17,0.092071533203125,0.6628716725240235,0.4069432102591294,0.0835323926435724,0.07436070733825957,0.6208217110662677,39355,133399,23652,16109,19514,31.308783001453943,0.9882739528453619
development,DJI_1_0226_D,edge/shadow/1/cap2,0.45149312982700085,0.6684011831985361,1.0696091679775215,0.5768555838178328,30.07060447928908,0.9907602971624508,2.6902270484265433e-06,5.797705049148494e-17,0.13115946451822916,0.6605894143354031,0.4105838340623605,0.3343053600349788,0.31362355334114006,0.6074108077035424,39355,133399,23652,16109,19514,31.007676016651477,0.9880937764374483
development,DJI_1_0226_D,edge/none/0.75/cap1.000,0.37313114499545524,0.6117503523806004,0.9215867265218195,0.6005907075220033,31.34042933553004,0.9918156077886359,2.6902270484263205e-06,5.756909305272535e-17,0.092071533203125,0.574377254210727,0.3648462273435419,0.08500156194457431,0.07651781158478618,0.5413304585010125,39355,133399,23652,16109,19514,32.30302671264103,0.9897859357556461
development,DJI_1_0226_D,edge/adaptive/0.75/cap1.000,0.46294101420193917,0.6715708059467175,0.8875003532538298,0.6265499457747302,29.601549318292196,0.9902036065146912,2.6902270484264353e-06,5.576849267389043e-17,0.091156005859375,0.668626843849532,0.4698977527065936,0.08146004914344943,0.07640140986615032,0.6475667185696182,39355,133399,23652,16109,19514,30.555590242977946,0.9869349000842658
development,DJI_1_0226_D,edge/none/0.75/cap2.322,0.372954325672152,0.6117503523806004,0.9220868872588823,0.6030485793270962,31.342948957211693,0.9918579406526615,2.690227048426332e-06,5.825760970174112e-17,0.092071533203125,0.574377254210727,0.3648463803903758,0.0835323926435724,0.07436070733825957,0.5413283738933042,39355,133399,23652,16109,19514,32.30584433071955,0.9898245035528513
development,DJI_1_0226_D,edge/adaptive/0.75/cap2.322,0.4627639887865497,0.6715708059467175,0.88800018858749,0.6287096113988349,29.603238982730456,0.9902459940152033,2.690227048426447e-06,5.645716803721798e-17,0.091156005859375,0.668626843849532,0.4698977527065936,0.07999003165084859,0.07424306026437522,0.6475625596705146,39355,133399,23652,16109,19514,30.557475970451577,0.9869735211925589
development,DJI_1_0226_D,edge/offset0.1,0.4498460046581613,0.671582660884869,0.8607266835094741,0.6084129918633009,29.874835681805404,0.990150527526258,2.6902270484265365e-06,4.9746567136914655e-17,0.07859293619791667,0.6542575865631483,0.45434306996751583,0.08435801966436139,0.10625922798011021,0.6266199124856152,39355,133399,23652,16109,19514,30.827647118252088,0.9871418422044899
development,DJI_1_0226_D,edge/offset0.25,0.5321787389162447,0.6715827067950259,0.783472366037045,0.6558457076341514,28.780024100690966,0.9894343312250132,2.690227048426521e-06,2.2781021728640696e-17,0.0499725341796875,0.6693999915362927,0.5465488796815139,0.222805121259887,0.2547380283063422,0.6624692711589362,39355,133399,23652,16109,19514,29.680303932031926,0.985819676774742
development,DJI_1_0226_D,edge/offset0.4,0.5865184549938453,0.6715827088356907,0.7204166308548742,0.7356715775252378,28.080786368112022,0.988931953367242,2.6902270484265467e-06,1.9067384694697493e-17,0.0260009765625,0.669685073418588,0.5998759426914277,0.3727987793014903,0.4047380283063422,0.6670414064541276,39355,133399,23652,16109,19514,28.931403341082365,0.9851379536930566
development,DJI_1_0226_D,bilinear/none/0.5/cap2,0.4668011583624425,0.6323250877687991,0.7924265556287943,0.6031746619000979,29.97196166448195,0.9913714663115607,2.690227048426558e-06,5.836032441948065e-17,0.037816365559895836,0.6065479220546764,0.4587846273160142,0.2794877531516624,0.3226094058939149,0.5845500295965658,39355,133399,23652,16109,19514,30.868751767144484,0.9887413738775258
development,DJI_1_0226_D,bilinear/none/0.75/cap2,0.3729619778885676,0.6120738132120565,0.9221923632241037,0.6031746619000974,31.343574957584526,0.9918902796621932,2.6902270484265878e-06,5.823112014075103e-17,0.09215291341145833,0.5749626595370724,0.364719764356131,0.08333599347864977,0.07415855817641222,0.5415706413549758,39355,133399,23652,16109,19514,32.30691743063335,0.9898628787394411
development,DJI_1_0226_D,bilinear/none/1/cap2,0.38981678505928313,0.5922375422862599,1.0778760436009067,0.603174661900098,31.323653076250633,0.9913396555787536,2.690227048426628e-06,5.794222823132785e-17,0.1311798095703125,0.5433902961761731,0.3542999785334238,0.33460035278031763,0.3139227027098282,0.5016938886259821,39355,133399,23652,16109,19514,32.21611402140267,0.9897952502441828
development,DJI_1_0226_D,bilinear/linear/0.5/cap2,0.6114071276719165,0.6715827067025799,0.6953352989295384,0.8620951350674898,27.747660346416097,0.9889305645724378,2.690227048426506e-06,2.2709874813016412e-17,0.0260162353515625,0.6697184470898847,0.6278827781909753,0.42145797837012183,0.4266743385457246,0.6681726233130454,39355,133399,23652,16109,19514,28.577559799108627,0.9850249671300547
development,DJI_1_0226_D,bilinear/linear/0.75/cap2,0.5701526137417418,0.6715827063933505,0.7595850749451778,0.8620951350674673,28.241832446893294,0.989201172684875,2.6902270484264302e-06,2.2798977299370366e-17,0.057088216145833336,0.6697184470898847,0.6089738025708453,0.18552885507313988,0.16058996752492521,0.6668759519917153,39355,133399,23652,16109,19514,29.107425881239614,0.9854136960210278
development,DJI_1_0226_D,bilinear/linear/1/cap2,0.547270199793151,0.6715827063777176,0.8349407196402596,0.8620951350674896,28.47493773741151,0.9890279391469078,2.69022704842652e-06,2.2872091740161918e-17,0.08209737141927083,0.6697184470898847,0.5900648269507153,0.1021614884556358,0.11343269899631618,0.6657108098812802,39355,133399,23652,16109,19514,29.35730384578147,0.9853247882066017
development,DJI_1_0226_D,bilinear/perceptual/0.5/cap2,0.5295131888910131,0.6715760863341865,0.7715727524644295,0.6288462275243591,28.907339165758184,0.9898950510059192,2.6902270484264586e-06,5.659207659451404e-17,0.037816365559895836,0.66899320594105,0.5322033357126583,0.2822571865713423,0.32276045167991196,0.6553035706850967,39355,133399,23652,16109,19514,29.80561205864599,0.9864235264305874
development,DJI_1_0226_D,bilinear/perceptual/0.75/cap2,0.46269099161640836,0.6715708366340436,0.8880952671535786,0.6288462275243628,29.60433999504886,0.9902524889205891,2.6902270484266106e-06,5.635121295948457e-17,0.09119160970052083,0.6686305853666327,0.46982507377794663,0.0797875526553431,0.07404353851095738,0.6475773047815246,39355,133399,23652,16109,19514,30.558653993686058,0.9869816683068391
development,DJI_1_0226_D,bilinear/perceptual/1/cap2,0.4820306484413522,0.6715668507574865,1.0281704630465849,0.6288462275243593,29.43139910110495,0.9899353755040253,2.6902270484264755e-06,5.606247195006952e-17,0.12726338704427084,0.6682679647922155,0.4542082835546434,0.3290670964598636,0.31362473743381797,0.6415713414370979,39355,133399,23652,16109,19514,30.35710170024855,0.9867554878369419
development,DJI_1_0226_D,bilinear/adaptive/0.5/cap2,0.5295131888910131,0.6715760863341865,0.7715727524644295,0.6288462275243591,28.907339165758184,0.9898950510059192,2.6902270484264586e-06,5.659207659451404e-17,0.037816365559895836,0.66899320594105,0.5322033357126583,0.2822571865713423,0.32276045167991196,0.6553035706850967,39355,133399,23652,16109,19514,29.80561205864599,0.9864235264305874
development,DJI_1_0226_D,bilinear/adaptive/0.75/cap2,0.46269099161640836,0.6715708366340436,0.8880952671535786,0.6288462275243628,29.60433999504886,0.9902524889205891,2.6902270484266106e-06,5.635121295948457e-17,0.09119160970052083,0.6686305853666327,0.46982507377794663,0.0797875526553431,0.07404353851095738,0.6475773047815246,39355,133399,23652,16109,19514,30.558653993686058,0.9869816683068391
development,DJI_1_0226_D,bilinear/adaptive/1/cap2,0.4820306484413522,0.6715668507574865,1.0281704630465849,0.6288462275243593,29.43139910110495,0.9899353755040253,2.6902270484264755e-06,5.606247195006952e-17,0.12726338704427084,0.6682679647922155,0.4542082835546434,0.3290670964598636,0.31362473743381797,0.6415713414370979,39355,133399,23652,16109,19514,30.35710170024855,0.9867554878369419
development,DJI_1_0226_D,bilinear/shadow/0.5/cap2,0.4976029249265652,0.6700224850210056,0.7885675760187099,0.5770049345582372,29.42296684849827,0.9906576494725746,2.6902270484264137e-06,5.838663234770336e-17,0.037816365559895836,0.6651738264611697,0.48683903024163994,0.2794877531516624,0.3226094058939149,0.6373564893417653,39355,133399,23652,16109,19514,30.34101921044534,0.9874940025081921
development,DJI_1_0226_D,bilinear/shadow/0.75/cap2,0.4191646277347517,0.6692085622820142,0.9162652332037534,0.577004934558236,30.32455691356771,0.9911217724757234,2.6902270484265196e-06,5.824300422258522e-17,0.09215291341145833,0.6629015161468124,0.4068013687445696,0.08333599347864977,0.07415855817641222,0.6207803309727751,39355,133399,23652,16109,19514,31.311267880779738,0.9882767949078983
development,DJI_1_0226_D,bilinear/shadow/1/cap2,0.4514167239187877,0.668416593484231,1.0697828010919943,0.5770049345582372,30.07253637748676,0.9907309519568983,2.6902270484265115e-06,5.791376701825634e-17,0.1311798095703125,0.6606292058324548,0.41040729794449043,0.33460035278031763,0.3139227027098282,0.6072892188835141,39355,133399,23652,16109,19514,31.00971177177196,0.9880738488015574
development,DJI_1_0226_D,bilinear/none/0.75/cap1.000,0.37314830025574325,0.6120738132120565,0.9216661036714867,0.6005727194797793,31.340887333729825,0.9918406941297699,2.6902270484266013e-06,5.753526364856549e-17,0.09215291341145833,0.5749626595370724,0.364719764356131,0.08488321277712299,0.07643025914155523,0.5415746999055964,39355,133399,23652,16109,19514,32.303911594184,0.9898177127169744
development,DJI_1_0226_D,bilinear/adaptive/0.75/cap1.000,0.46287731398358395,0.6715708366340436,0.8875690076009617,0.6265589341122944,29.602539096156594,0.9902029412944799,2.690227048426624e-06,5.565535646729902e-17,0.09119160970052083,0.6686305853666327,0.46982507377794663,0.08133477195381633,0.07631523947610039,0.6475813633321452,39355,133399,23652,16109,19514,30.556644027269524,0.9869365392147899
development,DJI_1_0226_D,bilinear/none/0.75/cap2.322,0.3729619778885676,0.6120738132120565,0.9221923632241037,0.6031746619000974,31.343574957584526,0.9918902796621932,2.6902270484265878e-06,5.823112014075103e-17,0.09215291341145833,0.5749626595370724,0.364719764356131,0.08333599347864977,0.07415855817641222,0.5415706413549758,39355,133399,23652,16109,19514,32.30691743063335,0.9898628787394411
development,DJI_1_0226_D,bilinear/adaptive/0.75/cap2.322,0.46269099161640836,0.6715708366340436,0.8880952671535786,0.6288462275243628,29.60433999504886,0.9902524889205891,2.6902270484266106e-06,5.635121295948457e-17,0.09119160970052083,0.6686305853666327,0.46982507377794663,0.0797875526553431,0.07404353851095738,0.6475773047815246,39355,133399,23652,16109,19514,30.558653993686058,0.9869816683068391
development,DJI_1_0226_D,bilinear/offset0.1,0.4498099516620449,0.6715826611119574,0.8608250402234562,0.6085752404163628,29.87597330413101,0.9901846984606362,2.6902270484265602e-06,4.963833104431161e-17,0.07861328125,0.6545773464806152,0.4542418633787189,0.08409739398500106,0.10599249246940487,0.6267620626396484,39355,133399,23652,16109,19514,30.829071284362513,0.9871814490826732
development,DJI_1_0226_D,bilinear/offset0.25,0.532156469664585,0.6715827067950259,0.783536307310232,0.6560479908869653,28.780401604846986,0.989449975008811,2.6902270484265734e-06,2.2710916639753674e-17,0.0499420166015625,0.6694040785125344,0.5465563438654608,0.22257129865436645,0.25449256854721064,0.6625886948706794,39355,133399,23652,16109,19514,29.68073391041743,0.9858342799647564
development,DJI_1_0226_D,bilinear/offset0.4,0.5864977612714064,0.6715827088356907,0.7204686465414829,0.7359300231098423,28.081191342493423,0.9889506805928182,2.6902270484265365e-06,1.8983404799212595e-17,0.025980631510416668,0.6696860486953498,0.5998866445632522,0.3725649566959697,0.4044925685472107,0.6671042229940881,39355,133399,23652,16109,19514,28.931850081430998,0.9851550452108861
development,DJI_1_0226_D,input/native512-u8/none,0.373199554571388,0.590530793504738,0.9219315617061458,0.6078588878449567,31.364146637417218,0.9933451974041759,2.690227048426505e-06,5.893172056665272e-17,0.09225972493489583,0.578759323033872,0.3640278744119935,0.08289379919095488,0.07396961302979067,0.5445698207391623,39355,133399,23652,16109,19514,32.32911681977685,0.9911220503852315
development,DJI_1_0226_D,input/native512-u8/adaptive,0.46281737053897015,0.6715398384369426,0.8878745509173122,0.6307673329813726,29.607648950700693,0.9902833760638895,2.6902270484267644e-06,5.669046995133103e-17,0.09135945638020833,0.6686381841962161,0.4700927605995394,0.0793145851436216,0.07385108892218757,0.6475453973016636,39355,133399,23652,16109,19514,30.562076712572495,0.9870152847061842
development,DJI_1_0226_D,input/native512-float/none,0.37318394284735984,0.5905386860596077,0.9220150776796746,0.6077702629440253,31.364328794895336,0.9933453095690874,2.6902270484264645e-06,5.886143585055091e-17,0.09227498372395833,0.5787602515519955,0.3639947987415858,0.08294916377984794,0.07398373986801715,0.54456350578126,39355,133399,23652,16109,19514,32.329309477386616,0.9911222221731021
development,DJI_1_0226_D,input/native512-float/adaptive,0.462798739937037,0.6715398554689439,0.8879488868705182,0.6307014039375144,29.60783536513491,0.9902834075212484,2.690227048426689e-06,5.662402785030979e-17,0.0913543701171875,0.6686381874450065,0.4700557257403333,0.07936875068242612,0.07386518522187879,0.647542183313363,39355,133399,23652,16109,19514,30.562278206467607,0.9870153748685006
development,DJI_1_0226_D,input/native1024-float/none,0.3736382637350299,0.5926978424939535,0.9270801387356902,0.6060763827199247,31.35457183916699,0.9933236180355773,2.6902270484263714e-06,5.88276719593926e-17,0.09458414713541667,0.5816080582964425,0.36367975541949893,0.08376018939963079,0.0715887005638804,0.5456897869592907,39355,133399,23652,16109,19514,32.32159806079417,0.9911170141261495
development,DJI_1_0226_D,input/native1024-float/adaptive,0.46161919986943467,0.6715413772717114,0.8927368059704082,0.6297401595022613,29.617557263426946,0.9902140671479689,2.690227048426412e-06,5.674384023766339e-17,0.093475341796875,0.6686606059254465,0.46824891392358886,0.0797271078499671,0.07139470921349354,0.6472461587067024,39355,133399,23652,16109,19514,30.572962005551958,0.9869584738150431
development,DJI_1_0226_D,input/padded512-float/none,0.3727258640600541,0.5906831630324254,0.9231032452759292,0.6048583453675161,31.363936439323936,0.9933449860199944,2.690227048426619e-06,5.883647281510386e-17,0.09243265787760417,0.5788580247506477,0.36319833467633855,0.08347471017370002,0.07419366183000814,0.5446414977035436,39355,133399,23652,16109,19514,32.32898352316789,0.9911210393193465
development,DJI_1_0226_D,input/padded512-float/adaptive,0.46223381660474055,0.6715399453225803,0.8888794233000246,0.6284478986714592,29.610598317219733,0.9902861970080173,2.6902270484266488e-06,5.659938665553027e-17,0.09150187174479167,0.6686393918257673,0.4691315099818674,0.0798882723954204,0.0740749509527177,0.6475461311301108,39355,133399,23652,16109,19514,30.56529693493953,0.9870183586240434
development,DJI_1_0226_D,input/flipY512-float/none,0.37654244806199394,0.590539152993537,0.9170120485401989,0.6142796991732248,31.327206623794893,0.9933338725893207,2.6902270484266733e-06,5.89211299010049e-17,0.09099833170572917,0.5790396143577409,0.36876888279189085,0.08344714338997318,0.07469652886434376,0.5451863598554311,39355,133399,23652,16109,19514,32.29000480702116,0.99109960285262
development,DJI_1_0226_D,input/flipY512-float/adaptive,0.4651778413028465,0.6715399316396022,0.8836638211211153,0.6356346045727094,29.585515801099742,0.9903024319418803,2.6902270484264522e-06,5.686446537041063e-17,0.09007771809895833,0.6686435294666204,0.4734226358731274,0.08012628081890376,0.07461753694093255,0.6477969490570968,39355,133399,23652,16109,19514,30.538180885390062,0.9870259226876656
development,DJI_1_0226_D,input/flipX512-float/none,0.3731856616962,0.5904968679536455,0.9221980254199035,0.6084962035314359,31.36711406190865,0.9933461431989626,2.690227048426618e-06,5.896522935852944e-17,0.092620849609375,0.5787515041210303,0.36403557839506273,0.08274799188642529,0.07371173362764441,0.5452613019548015,39355,133399,23652,16109,19514,32.3323168467429,0.991122959877871
development,DJI_1_0226_D,input/flipX512-float/adaptive,0.4627819368533135,0.6715397028174412,0.8881215691803591,0.6313210160822031,29.609098114357376,0.990278870215792,2.6902270484264857e-06,5.681442605643737e-17,0.09159342447916667,0.6686385407425339,0.4700738819964688,0.07912622755972175,0.0735806807354368,0.6479584934250324,39355,133399,23652,16109,19514,30.56363925464574,0.9870111871982032
development,DJI_1_0226_D,input/ensemble512-float/none,0.37413881073198574,0.5904931732440326,0.9203860785254941,0.6103168938747509,31.354549432681026,0.9933537360234195,2.69022704842654e-06,5.879708728352309e-17,0.0919342041015625,0.5788504566804246,0.3654743492181556,0.0823835120334662,0.07332056016700166,0.5449982449060243,39355,133399,23652,16109,19514,32.3190324520164,0.9911259437784754
development,DJI_1_0226_D,input/ensemble512-float/adaptive,0.4634536251730684,0.6715396320322113,0.8865594128875746,0.6326360843334753,29.60168413338781,0.9902951801074129,2.6902270484266183e-06,5.675758226799066e-17,0.0909423828125,0.668640085884965,0.47111068287715463,0.07885371810457104,0.07321998267193632,0.6477631474294302,39355,133399,23652,16109,19514,30.555650553241797,0.9870239812996922
development,DJI_1_0226_D,gamma22/full,0.44742184353232844,0.7881126318495819,1.0884257370890127,0.5595717587464731,30.18270143339338,0.9888674818261822,0.0015663435193043985,0.00156705250033639,0.13342793782552084,0.7309849674057611,0.3804600182353989,0.3532654843553517,0.3308222550813361,0.6236374001966535,39355,133399,23652,16109,19514,31.154707458265026,0.9867585792422205
development,DJI_1_0226_D,gamma22/adaptive,0.5102570283292874,0.8898649680436587,0.8963284619936154,0.5774223415435216,28.786944665756977,0.9873181901372747,0.001566343519304398,0.0015670525003363895,0.09406026204427083,0.8562381557529255,0.4828023799791146,0.08941884828140206,0.07928280012864712,0.7689214992225645,39355,133399,23652,16109,19514,29.814616302730258,0.9833920795565305
development,DJI_1_0226_D,learned/scene-scale,0.38768798031952706,0.5933088985230452,1.068717553283682,0.6031746619000979,31.367629478263414,0.9913959573920992,2.690227048426435e-06,5.802922744342066e-17,0.12984720865885416,0.5450940264709749,0.3535729969900694,0.31818813738345814,0.2969790176287365,0.5037351872189864,39355,133399,23652,16109,19514,32.267655346472274,0.9898282968832268
development,DJI_1_0226_D,learned/residual-cnn,0.3364744622864577,0.5286556501506245,0.8593625833524366,0.5980044840848199,32.57122971563999,0.9928133865271614,2.690227048426547e-06,5.891416397972274e-17,0.059031168619791664,0.47880800027061554,0.32288385855148377,0.1762950508318344,0.2183343883308271,0.44893897593494636,39355,133399,23652,16109,19514,33.48528195281646,0.9916639183465172
development,DJI_1_0616_D,SDR,0.6788487894887926,0.7679870900652521,0.6121025161385751,,26.57967782587617,0.9882787739223579,2.7221069096496973e-06,0.0,0.0,0.6704609690488265,0.6647423567465769,0.7930419558806783,0.851168301616419,0.6701567232080357,21681,152370,20415,12323,18595,27.326500240521824,0.984266938284742
development,DJI_1_0616_D,production/legacy,0.5754684485838826,0.7517266063433762,0.7786735426831101,0.7871758990272361,27.96109349485528,0.9844629667863084,0.0004149466816947406,0.0004132104160895699,0.058232625325520836,0.666806175778667,0.6236668870813962,0.11873127801438482,0.07209474099610506,0.6710547256788171,21681,152370,20415,12323,18595,28.788350245519233,0.981476791729585
development,DJI_1_0616_D,production/v11,0.4805257838169873,0.7368768485262055,0.8805954686973055,0.5493260871509505,29.264119980737895,0.9860549655728064,0.0004154468905683686,0.00041367297520447747,0.07562764485677083,0.6648753830568752,0.5029738942413517,0.1171996879815519,0.1280703390136522,0.6488477605147969,21681,152370,20415,12323,18595,30.153724435426078,0.983606747515431
development,DJI_1_0616_D,production/v11-bilinear,0.4804565950536305,0.7368800878191801,0.8806613519607702,0.5493942127107146,29.26546111638276,0.9860525623710612,0.00041542841909225674,0.0004136544155516688,0.07562255859375,0.6648969577699093,0.5028845691187438,0.11718439753450402,0.1281091336960493,0.6488565186487463,21681,152370,20415,12323,18595,30.155149730198637,0.9836074831745826
development,DJI_1_0616_D,production/full-edge,0.3871649489250741,0.6063063027508158,1.056355858698744,0.5410455590435664,31.102703011377354,0.9894113281304484,0.0004150720821477754,0.00041330087644343515,0.10158793131510417,0.5523732377705617,0.35966947928799303,0.4169275645578466,0.4467743050075581,0.5154382227648194,21681,152370,20415,12323,18595,31.945614785273754,0.9881855564336497
development,DJI_1_0616_D,production/full-bilinear,0.3871843512639827,0.6066598672920785,1.0564827536248158,0.541032960865751,31.102933316942377,0.9894228522403418,0.0004150550936539381,0.0004132837809360442,0.10159810384114583,0.5534515678922739,0.3595275518361739,0.4170264774014918,0.44691201584503504,0.5161405385351207,21681,152370,20415,12323,18595,31.9463645932532,0.9882060764783684
development,DJI_1_0616_D,edge/none/0.5/cap2,0.4678328366437797,0.638944472994112,0.7961577253029015,0.5432786855753589,29.83020263907005,0.9914700804045515,2.7221069096496215e-06,6.101909652113049e-17,0.048395792643229164,0.6069898363524128,0.4854731694376947,0.18838535104536355,0.2025464130536974,0.5885019681783158,21681,152370,20415,12323,18595,30.68664823013147,0.9889809981169377
development,DJI_1_0616_D,edge/none/0.75/cap2,0.3887986426743312,0.622610601043448,0.9148484682445294,0.5432786855753584,31.02879069104644,0.99129555507761,2.7221069096497913e-06,6.072811407775911e-17,0.07623291015625,0.5752852650195033,0.3983288596962221,0.11961737269190639,0.12681518932673475,0.5477109489571055,21681,152370,20415,12323,18595,31.923450623680985,0.9894458156603411
development,DJI_1_0616_D,edge/none/1/cap2,0.3858657614142749,0.6062890873647659,1.0564502911199567,0.5432786855753589,31.135684924733074,0.98997405703513,2.72210690964974e-06,6.086862593030104e-17,0.10158793131510417,0.5437492102974643,0.3592384872368618,0.4169275645578466,0.4467743050075581,0.5071548713532023,21681,152370,20415,12323,18595,31.974207591127204,0.9886933656015219
development,DJI_1_0616_D,edge/linear/0.5/cap2,0.6040429205281029,0.6715827064838606,0.7137706616415715,0.8073420608441656,27.716473185066327,0.9893765292059407,2.722106909649758e-06,2.5596234842230545e-17,0.042399088541666664,0.6704609690488265,0.6362383869313986,0.2932110358429221,0.24861169852066872,0.6697687694833385,21681,152370,20415,12323,18595,28.52473505979159,0.9856494986912114
development,DJI_1_0616_D,edge/linear/0.75/cap2,0.5745009562224945,0.6715827064326684,0.7794545240781098,0.807342060844163,28.002326019461307,0.9894421627184141,2.7221069096497943e-06,2.5397029691086395e-17,0.058319091796875,0.6704609690488265,0.6219864020238093,0.11817637063180068,0.07138528579859517,0.66957479262099,21681,152370,20415,12323,18595,28.828042789988025,0.9858056679001226
development,DJI_1_0616_D,edge/linear/1/cap2,0.5768739387390609,0.6715827064272508,0.8580436772570824,0.8073420608441655,28.015983129857037,0.9891994575904604,2.7221069096498578e-06,2.5709788441867393e-17,0.07039896647135417,0.6704609690488265,0.6077344171162201,0.24715209232839272,0.3551611900234719,0.6693808157586414,21681,152370,20415,12323,18595,28.838631530654833,0.9856234610566409
development,DJI_1_0616_D,edge/perceptual/0.5/cap2,0.5304378043631628,0.6715429570597585,0.7751140240864715,0.5585676201504979,28.75355012563198,0.9906233365904583,2.7221069096497223e-06,5.933359270021126e-17,0.048395792643229164,0.6697262213472713,0.5561413375775504,0.19067000987339192,0.20254695648117266,0.6570271777224757,21681,152370,20415,12323,18595,29.6101119176539,0.9873123412804417
development,DJI_1_0616_D,edge/perceptual/0.75/cap2,0.48063391230639896,0.6715227638958252,0.8809742060417506,0.5585676201504993,29.29579053416883,0.9909428721050116,2.7221069096498074e-06,5.915275497234595e-17,0.07575480143229167,0.669358847496494,0.5025576687115509,0.11657473604828232,0.12681578648103825,0.6504624049796957,21681,152370,20415,12323,18595,30.18368993700023,0.9878359471778799
development,DJI_1_0616_D,edge/perceptual/1/cap2,0.49126844394630786,0.6715028086804236,1.007870569436143,0.558567620150498,29.15413131032824,0.9907303888481107,2.722106909649709e-06,5.93420172949091e-17,0.09922281901041667,0.6689914736457165,0.47655109579874,0.4123690724220385,0.44677502087747556,0.6438976322369157,21681,152370,20415,12323,18595,30.01528228026106,0.9877429121121786
development,DJI_1_0616_D,edge/adaptive/0.5/cap2,0.5304378043631628,0.6715429570597585,0.7751140240864715,0.5585676201504979,28.75355012563198,0.9906233365904583,2.7221069096497223e-06,5.933359270021126e-17,0.048395792643229164,0.6697262213472713,0.5561413375775504,0.19067000987339192,0.20254695648117266,0.6570271777224757,21681,152370,20415,12323,18595,29.6101119176539,0.9873123412804417
development,DJI_1_0616_D,edge/adaptive/0.75/cap2,0.48063391230639896,0.6715227638958252,0.8809742060417506,0.5585676201504993,29.29579053416883,0.9909428721050116,2.7221069096498074e-06,5.915275497234595e-17,0.07575480143229167,0.669358847496494,0.5025576687115509,0.11657473604828232,0.12681578648103825,0.6504624049796957,21681,152370,20415,12323,18595,30.18368993700023,0.9878359471778799
development,DJI_1_0616_D,edge/adaptive/1/cap2,0.49126844394630786,0.6715028086804236,1.007870569436143,0.558567620150498,29.15413131032824,0.9907303888481107,2.722106909649709e-06,5.93420172949091e-17,0.09922281901041667,0.6689914736457165,0.47655109579874,0.4123690724220385,0.44677502087747556,0.6438976322369157,21681,152370,20415,12323,18595,30.01528228026106,0.9877429121121786
development,DJI_1_0616_D,edge/shadow/0.5/cap2,0.49422260501914156,0.6698918645677471,0.7924961975855741,0.5131797841521405,29.36418944946135,0.9913585292783437,2.7221069096497057e-06,6.082671199537827e-17,0.048395792643229164,0.666062015806313,0.510748281166664,0.18838535104536355,0.2025464130536974,0.6363390932783397,21681,152370,20415,12323,18595,30.23904437373703,0.9883995536568592
development,DJI_1_0616_D,edge/shadow/0.75/cap2,0.4283797640598042,0.6690444209759804,0.9092132342076912,0.5131797841521404,30.192732533940173,0.9916579404790139,2.7221069096497134e-06,6.0758152799222e-17,0.07623291015625,0.6638625391850562,0.43624143087272715,0.11961737269190639,0.12681518932673475,0.6194302783134917,21681,152370,20415,12323,18595,31.1119947669171,0.9890508879310085
development,DJI_1_0616_D,edge/shadow/1/cap2,0.4386093248183319,0.6681983184569504,1.0487398052756838,0.5131797841521405,30.084011064643672,0.9911799865798955,2.7221069096497074e-06,6.072885502881236e-17,0.10158793131510417,0.6616630625637995,0.40977559801947616,0.4169275645578466,0.4467743050075581,0.6025336210903737,21681,152370,20415,12323,18595,30.963835570664177,0.988821954127003
development,DJI_1_0616_D,edge/none/0.75/cap1.000,0.38823324971284284,0.622610601043448,0.9124711534317371,0.5313793966032028,31.03169933662629,0.9912826791186906,2.7221069096497858e-06,5.954252005893015e-17,0.07623291015625,0.5752852650195033,0.3983288596962221,0.11423164123715304,0.11789287271156074,0.5477109489571055,21681,152370,20415,12323,18595,31.926641819487177,0.9894342457248522
development,DJI_1_0616_D,edge/adaptive/0.75/cap1.000,0.4800685193449106,0.6715227638958252,0.878596981489214,0.5480868016951875,29.297719219049036,0.9909275308059255,2.722106909649802e-06,5.796716095351698e-17,0.07575480143229167,0.669358847496494,0.5025576687115509,0.11118900459352897,0.11789346986586424,0.6504624049796957,21681,152370,20415,12323,18595,30.185810092812396,0.9878223795428238
development,DJI_1_0616_D,edge/none/0.75/cap2.322,0.3887986426743312,0.622610601043448,0.9148484682445294,0.5432786855753584,31.02879069104644,0.99129555507761,2.7221069096497913e-06,6.072811407775911e-17,0.07623291015625,0.5752852650195033,0.3983288596962221,0.11961737269190639,0.12681518932673475,0.5477109489571055,21681,152370,20415,12323,18595,31.923450623680985,0.9894458156603411
development,DJI_1_0616_D,edge/adaptive/0.75/cap2.322,0.48063391230639896,0.6715227638958252,0.8809742060417506,0.5585676201504993,29.29579053416883,0.9909428721050116,2.7221069096498074e-06,5.915275497234595e-17,0.07575480143229167,0.669358847496494,0.5025576687115509,0.11657473604828232,0.12681578648103825,0.6504624049796957,21681,152370,20415,12323,18595,30.18368993700023,0.9878359471778799
development,DJI_1_0616_D,edge/offset0.1,0.4620609622120471,0.671582655584203,0.8541630263122313,0.5516525395549621,29.585789513739304,0.9900558737503603,2.7221069096495774e-06,5.300954220214125e-17,0.06644185384114583,0.6457392152585482,0.49235002833838665,0.0409258551842954,0.045878670266431186,0.6245033745667606,21681,152370,20415,12323,18595,30.472279819722008,0.987280288952954
development,DJI_1_0616_D,edge/offset0.25,0.5457761503557631,0.6715827084117949,0.778548905396266,0.6096310956894204,28.416467638742535,0.9898464189578882,2.7221069096497252e-06,2.2946222191981196e-17,0.05316162109375,0.6686895729559578,0.5831820015494592,0.13605704862770623,0.1282354687723366,0.6666302506640698,21681,152370,20415,12323,18595,29.264692640342915,0.9863272111900361
development,DJI_1_0616_D,edge/offset0.4,0.5947063733250552,0.6715827102413892,0.7210716946549269,0.7166266314973236,27.84250882920062,0.9894634848951334,2.722106909649702e-06,1.7489944665535844e-17,0.040822347005208336,0.6702117565598049,0.6253173778830705,0.2860494554500894,0.2782354687723366,0.6697820073391544,21681,152370,20415,12323,18595,28.657545885168076,0.9857719245798382
development,DJI_1_0616_D,bilinear/none/0.5/cap2,0.46782294321524853,0.6391066971139562,0.796209451932869,0.5432912964309596,29.83095418034207,0.9914902149323114,2.7221069096496367e-06,6.093010865831259e-17,0.048395792643229164,0.6074654213553708,0.48540280707270245,0.18831119085099485,0.20244665932732375,0.588804284600332,21681,152370,20415,12323,18595,30.687630725328848,0.9890056505508843
development,DJI_1_0616_D,bilinear/none/0.75/cap2,0.38879142187328414,0.6228596308068729,0.9149343653512403,0.543291296430961,31.0297599279178,0.9913153803711244,2.7221069096496714e-06,6.08767882687441e-17,0.07622273763020833,0.5759977948188539,0.3982203357849568,0.1196018561346371,0.12685555656137767,0.5481625810515809,21681,152370,20415,12323,18595,31.92482670060128,0.9894721669461944
development,DJI_1_0616_D,bilinear/none/1/cap2,0.3858699138677337,0.6066240300015414,1.0565777640959162,0.5432912964309596,31.13628478279896,0.9899878542149068,2.7221069096497184e-06,6.092709838993457e-17,0.10159810384114583,0.5446938890529528,0.359096114231766,0.4170264774014918,0.44691201584503504,0.5077467100939472,21681,152370,20415,12323,18595,31.975253713181072,0.9887152867173319
development,DJI_1_0616_D,bilinear/linear/0.5/cap2,0.6040320917487658,0.6715827064736661,0.7137870935248912,0.8074216639675472,27.716627904202433,0.9893767587341723,2.722106909649694e-06,2.5516665260904136e-17,0.0424041748046875,0.6704609690488265,0.6362331966034095,0.2931466234438603,0.24851948897263768,0.6697608473071504,21681,152370,20415,12323,18595,28.524898822981992,0.9856498795778477
development,DJI_1_0616_D,bilinear/linear/0.75/cap2,0.5744947553015987,0.6715827064300136,0.7794837509753448,0.8074216639675523,28.00247591083926,0.9894395999273997,2.722106909649676e-06,2.5488868286717262e-17,0.058324178059895836,0.6704609690488265,0.6219786165318254,0.11817541090271123,0.07140544553488747,0.6695629093567077,21681,152370,20415,12323,18595,28.82820078977701,0.9858035588946278
development,DJI_1_0616_D,bilinear/linear/1/cap2,0.5768695871950255,0.6715827064272508,0.8580902039055579,0.8074216639675472,28.016046766782846,0.9891922802076436,2.722106909649812e-06,2.5679023153416806e-17,0.070404052734375,0.6704609690488265,0.6077240364602415,0.2471881184459065,0.35526586700092594,0.6693649714062653,21681,152370,20415,12323,18595,28.838694592992358,0.9856171513181584
development,DJI_1_0616_D,bilinear/perceptual/0.5/cap2,0.5303827883141579,0.6715435486684009,0.7751545068717375,0.5586357344644846,28.75455311650368,0.9906251762379746,2.722106909649788e-06,5.924152329156134e-17,0.048395792643229164,0.6697302534040062,0.556080461981181,0.190596017446789,0.20244721550005831,0.6569911623529426,21681,152370,20415,12323,18595,29.6111669763893,0.9873161432643881
development,DJI_1_0616_D,bilinear/perceptual/0.75/cap2,0.48055979191762827,0.6715238491033033,0.8810415926070085,0.5586357344644838,29.297212701336427,0.9909377637719506,2.7221069096496524e-06,5.912882565934443e-17,0.07574462890625,0.6693648955815961,0.5024642060674906,0.11655983911072074,0.12685617283268494,0.6504083819253961,21681,152370,20415,12323,18595,30.185193238844995,0.9878342452035146
development,DJI_1_0616_D,bilinear/perceptual/1/cap2,0.49118509993936754,0.6715042457198457,1.0079710103960222,0.5586357344644846,29.155591113823046,0.990713396418053,2.7221069096496854e-06,5.916055465336974e-17,0.0992431640625,0.6689995377591859,0.4764303431471839,0.4124678560526921,0.44691275674414954,0.6438256014978497,21681,152370,20415,12323,18595,30.016808272154563,0.9877310097566018
development,DJI_1_0616_D,bilinear/adaptive/0.5/cap2,0.5303827883141579,0.6715435486684009,0.7751545068717375,0.5586357344644846,28.75455311650368,0.9906251762379746,2.722106909649788e-06,5.924152329156134e-17,0.048395792643229164,0.6697302534040062,0.556080461981181,0.190596017446789,0.20244721550005831,0.6569911623529426,21681,152370,20415,12323,18595,29.6111669763893,0.9873161432643881
development,DJI_1_0616_D,bilinear/adaptive/0.75/cap2,0.48055979191762827,0.6715238491033033,0.8810415926070085,0.5586357344644838,29.297212701336427,0.9909377637719506,2.7221069096496524e-06,5.912882565934443e-17,0.07574462890625,0.6693648955815961,0.5024642060674906,0.11655983911072074,0.12685617283268494,0.6504083819253961,21681,152370,20415,12323,18595,30.185193238844995,0.9878342452035146
development,DJI_1_0616_D,bilinear/adaptive/1/cap2,0.49118509993936754,0.6715042457198457,1.0079710103960222,0.5586357344644846,29.155591113823046,0.990713396418053,2.7221069096496854e-06,5.916055465336974e-17,0.0992431640625,0.6689995377591859,0.4764303431471839,0.4124678560526921,0.44691275674414954,0.6438256014978497,21681,152370,20415,12323,18595,30.016808272154563,0.9877310097566018
development,DJI_1_0616_D,bilinear/shadow/0.5/cap2,0.4941339042424276,0.6699084166503915,0.7925547147317515,0.513213659808157,29.365940217238236,0.9913576917789476,2.7221069096497447e-06,6.091719481543983e-17,0.048395792643229164,0.6660882047886401,0.510641284328689,0.18831119085099485,0.20244665932732375,0.6363041651031115,21681,152370,20415,12323,18595,30.240899279286737,0.9884033489072407
development,DJI_1_0616_D,bilinear/shadow/0.75/cap2,0.4282545022926603,0.6690711459244257,0.9093097773517534,0.5132136598081609,30.195303618418414,0.9916394272467632,2.7221069096497955e-06,6.064416874947104e-17,0.07622273763020833,0.6639018226585469,0.4360780516689367,0.1196018561346371,0.12685555656137767,0.6193778860506496,21681,152370,20415,12323,18595,31.1147482442377,0.9890401833092501
development,DJI_1_0616_D,bilinear/shadow/1/cap2,0.43845699020502027,0.6682339711028303,1.0488821167974869,0.513213659808157,30.086544384973074,0.991133302382461,2.7221069096497214e-06,6.073209014561507e-17,0.10159810384114583,0.6617154405284539,0.4095604715820739,0.4170264774014918,0.44691201584503504,0.6024603398708925,21681,152370,20415,12323,18595,30.966522473526194,0.9887866138907448
development,DJI_1_0616_D,bilinear/none/0.75/cap1.000,0.3882230375665432,0.6228596308068729,0.9125459421905868,0.5313322315560508,31.03267841141159,0.9913012518065023,2.7221069096496693e-06,5.969403086847216e-17,0.07622273763020833,0.5759977948188539,0.3982203357849568,0.11418763019318842,0.11788603431884956,0.5481625810515809,21681,152370,20415,12323,18595,31.928029286207668,0.9894594762644351
development,DJI_1_0616_D,bilinear/adaptive/0.75/cap1.000,0.4799914076108874,0.6715238491033033,0.8786532582229928,0.5481009929110741,29.2991486604399,0.9909212102244046,2.7221069096496507e-06,5.794606825907246e-17,0.07574462890625,0.6693648955815961,0.5024642060674906,0.1111456131692721,0.1178866505901568,0.6504083819253961,21681,152370,20415,12323,18595,30.18732145560434,0.9878195899186645
development,DJI_1_0616_D,bilinear/none/0.75/cap2.322,0.38879142187328414,0.6228596308068729,0.9149343653512403,0.543291296430961,31.0297599279178,0.9913153803711244,2.7221069096496714e-06,6.08767882687441e-17,0.07622273763020833,0.5759977948188539,0.3982203357849568,0.1196018561346371,0.12685555656137767,0.5481625810515809,21681,152370,20415,12323,18595,31.92482670060128,0.9894721669461944
development,DJI_1_0616_D,bilinear/adaptive/0.75/cap2.322,0.48055979191762827,0.6715238491033033,0.8810415926070085,0.5586357344644838,29.297212701336427,0.9909377637719506,2.7221069096496524e-06,5.912882565934443e-17,0.07574462890625,0.6693648955815961,0.5024642060674906,0.11655983911072074,0.12685617283268494,0.6504083819253961,21681,152370,20415,12323,18595,30.185193238844995,0.9878342452035146
development,DJI_1_0616_D,bilinear/offset0.1,0.4620222282864443,0.671582655835931,0.854242398617659,0.5516990069565512,29.587075316275314,0.990078071705153,2.7221069096497125e-06,5.300802568824549e-17,0.06646728515625,0.6461496736488914,0.49225585085970147,0.04082388322691052,0.045788715870096516,0.6247913102707652,21681,152370,20415,12323,18595,30.47382165535926,0.987308159415268
development,DJI_1_0616_D,bilinear/offset0.25,0.54573904973802,0.671582708391149,0.778594114302962,0.6097448643361356,28.417182733883074,0.9898503573155413,2.722106909649737e-06,2.304443194686806e-17,0.053141276041666664,0.6687318321997398,0.5831435421359105,0.13594580833615316,0.12808583818277613,0.6666686107957567,21681,152370,20415,12323,18595,29.26546467443897,0.9863320152862638
development,DJI_1_0616_D,bilinear/offset0.4,0.5946927170867938,0.6715827102413892,0.7210954132206873,0.7168112481143004,27.84274722507281,0.9894668208706608,2.722106909649782e-06,1.7463412811346454e-17,0.040812174479166664,0.6702176854597955,0.625313614485322,0.2859411630378682,0.27808583818277616,0.6697837375171964,21681,152370,20415,12323,18595,28.657801593244727,0.9857751623753996
development,DJI_1_0616_D,input/native512-u8/none,0.3894130408641939,0.5903109339570862,0.9148169536970936,0.5562347969976148,31.05479795962048,0.9938386132534912,2.7221069096498264e-06,6.209346227978414e-17,0.07580057779947917,0.5872935800561276,0.3975777545316088,0.11832289186961398,0.12737784700383825,0.5550853860717492,21681,152370,20415,12323,18595,31.952778711935533,0.9916851639358544
development,DJI_1_0616_D,input/native512-u8/adaptive,0.48062267900442024,0.6711904000870068,0.8810001027477825,0.5661761411187014,29.302842460457196,0.9910399752193033,2.7221069096497316e-06,6.016618560072554e-17,0.07535298665364583,0.6694222960900538,0.5027071547592616,0.11528463987638567,0.1273785653195906,0.6501245161509758,21681,152370,20415,12323,18595,30.190969652674234,0.9879380696154205
development,DJI_1_0616_D,input/native512-float/none,0.3894094547201769,0.5903172639254248,0.9148651140417033,0.5561206625452507,31.05470979936384,0.9938386440193654,2.7221069096497367e-06,6.19323900546312e-17,0.07582600911458333,0.5873019521724439,0.397561722255103,0.11839949921886397,0.12741251949439597,0.5550964601848225,21681,152370,20415,12323,18595,31.95269365881808,0.991685104877976
development,DJI_1_0616_D,input/native512-float/adaptive,0.4806117957039283,0.6711902437320239,0.8810443383330477,0.5660906451159053,29.302913178877567,0.991040164286052,2.722106909649843e-06,6.009287943860983e-17,0.0753631591796875,0.6694223891540335,0.5026830748957734,0.11536059379096342,0.12741323842736466,0.6501261730603638,21681,152370,20415,12323,18595,30.191046364149337,0.9879382423768774
development,DJI_1_0616_D,input/native1024-float/none,0.3884876035462951,0.5923799297740469,0.917634227390468,0.5504535070518963,31.057920291213435,0.9938486288155058,2.722106909649694e-06,6.209506838177524e-17,0.07622273763020833,0.5906184075608728,0.3955480897101317,0.12112516227155373,0.13175348393150302,0.5554153378847985,21681,152370,20415,12323,18595,31.95838194125176,0.9917151576130364
development,DJI_1_0616_D,input/native1024-float/adaptive,0.47939280724576633,0.6712038660660408,0.883499421992848,0.5626096801767314,29.31732730589531,0.99100584737419,2.7221069096497913e-06,5.991330819687131e-17,0.07567850748697917,0.6694524938798473,0.5007584187510492,0.11808189414395627,0.13175429743212203,0.6495499388005344,21681,152370,20415,12323,18595,30.2064869411719,0.9879176810844295
development,DJI_1_0616_D,input/padded512-float/none,0.38907469937406003,0.590276546373205,0.9149509212454747,0.5526284946075464,31.05625541929483,0.9938374076582905,2.722106909649733e-06,6.187526683927404e-17,0.07583109537760417,0.5873040581378474,0.39723713806398186,0.11763107897038219,0.12597695891659924,0.5551294241602851,21681,152370,20415,12323,18595,31.954411835669184,0.9916837616242522
development,DJI_1_0616_D,input/padded512-float/adaptive,0.48023932684285453,0.6711901699456594,0.8810692764217746,0.5631895831395739,29.305044392897322,0.9910397382686281,2.7221069096499035e-06,6.012501042165371e-17,0.07538350423177083,0.6694225542602169,0.5023107741672849,0.11459112784901247,0.12597767774636878,0.6501359619771044,21681,152370,20415,12323,18595,30.193352561613484,0.9879381035522076
development,DJI_1_0616_D,input/flipY512-float/none,0.3915514200250336,0.5913148553912465,0.9051487033007433,0.5620132097397357,31.00270174082572,0.9937901811939457,2.722106909649692e-06,6.205087103057825e-17,0.073089599609375,0.5883783189018916,0.4029737879295357,0.09726632611574358,0.10814161215865205,0.5568926278812727,21681,152370,20415,12323,18595,31.899775354336217,0.9916146578522415
development,DJI_1_0616_D,input/flipY512-float/adaptive,0.48164271166197675,0.6711960237159419,0.8723443779987832,0.5707876841149238,29.28201389927959,0.9910315292849333,2.7221069096496435e-06,6.016899538797852e-17,0.07281494140625,0.6694349898526804,0.5068014894802878,0.09442902762432237,0.10814231742182177,0.6504199478545738,21681,152370,20415,12323,18595,30.1692944609834,0.9879184536102458
development,DJI_1_0616_D,input/flipX512-float/none,0.389496011925191,0.5912731915348004,0.9131418271688055,0.5530715557888382,31.04441250216547,0.993817167369696,2.722106909649797e-06,6.201522139764448e-17,0.07539876302083333,0.588256596631094,0.39821462688786985,0.11333712880630345,0.12124515638214473,0.5558403442438687,21681,152370,20415,12323,18595,31.942997662078568,0.9916555938778988
development,DJI_1_0616_D,input/flipX512-float/adaptive,0.4802706808720221,0.671195291162513,0.8794454887018943,0.5638414709869484,29.303616694318336,0.9910378397750645,2.7221069096498125e-06,5.984889237000749e-17,0.07497660319010417,0.6694323943083739,0.5029224520629169,0.1103140075744382,0.12124589218625809,0.6501476557852585,21681,152370,20415,12323,18595,30.191988185152393,0.9879344903669973
development,DJI_1_0616_D,input/ensemble512-float/none,0.3900864624749518,0.590964938235973,0.9110356745220485,0.5570824423049675,31.034990546509093,0.9938213180659539,2.7221069096499387e-06,6.193479380830683e-17,0.0747222900390625,0.587978955927841,0.3995003111816321,0.10966053653867974,0.11892190848223642,0.555943144065591,21681,152370,20415,12323,18595,31.9329531337239,0.9916573302373962
development,DJI_1_0616_D,input/ensemble512-float/adaptive,0.480795775786487,0.6711933246890831,0.877597552751314,0.5669029661484842,29.296739183867196,0.991039302719025,2.722106909649606e-06,6.004801886760379e-17,0.074310302734375,0.6694299244390935,0.5040821211720936,0.10666315647019843,0.11892262848233597,0.6502312589023345,21681,152370,20415,12323,18595,30.18471306171783,0.9879330250495825
development,DJI_1_0616_D,gamma22/full,0.42694017961478026,0.7563633478164775,1.0668891654280614,0.4934945088607779,30.253109293697133,0.9872922352454772,0.0017463249264593644,0.001746362788613665,0.103851318359375,0.7595517797801692,0.37864745498505925,0.43414127433164446,0.4607066296598819,0.6385383457658649,21681,152370,20415,12323,18595,31.200374030148925,0.9854082479590317
development,DJI_1_0616_D,gamma22/adaptive,0.5135121365073928,0.8493553589025072,0.8893532963948446,0.5005496646551931,28.702474677252326,0.9875312800270867,0.0017463249264593644,0.001746362788613665,0.07822672526041667,0.8844055345756161,0.5117855519818124,0.13250502999970518,0.14005137732193507,0.7813951492025343,21681,152370,20415,12323,18595,29.68052021509278,0.9838140575365637
development,DJI_1_0616_D,learned/scene-scale,0.38473896625815934,0.6076034139612846,1.0473002427598583,0.5432912964309612,31.167905496257898,0.9900999823596254,2.7221069096496532e-06,6.084180710821025e-17,0.10019938151041667,0.5465704937943223,0.35982615930287076,0.3988117092052959,0.4273714036449909,0.5101725328763336,21681,152370,20415,12323,18595,32.013157184687444,0.9887948684357571
development,DJI_1_0616_D,learned/residual-cnn,0.2389015722202486,0.4540900786255075,0.9041014191340307,0.600044804208783,34.81206723357593,0.9933678306384569,2.722106909649723e-06,6.208566912589108e-17,0.06479390462239583,0.29517982691632044,0.2584137342688382,0.033501769555094506,0.039976461338452195,0.32361242519543637,21681,152370,20415,12323,18595,35.619334766286485,0.9931856775284009
development,DJI_1_0927_D,SDR,0.6693319936541653,0.6715827337512851,0.6285668768588318,,26.97153316920106,0.9884508030202604,3.036017893582176e-06,0.0,0.0,0.6681618816500893,0.6686601941734693,0.743287754850286,0.8145096844126073,0.6707209704589957,30870,163762,1976,294,19661,27.77305743634016,0.9844354439036178
development,DJI_1_0927_D,production/legacy,0.6543746546262011,0.7312158272911665,0.6507370108701008,0.3069563885005062,27.171244407658914,0.9849026823454101,0.00046550330086034134,0.00046378317372629507,0.000396728515625,0.668124711917828,0.6560775495792547,0.2984365210763669,0.19675485465076872,0.6697710553192061,30870,163762,1976,294,19661,27.98494740765563,0.9813884164842955
development,DJI_1_0927_D,production/v11,0.5754110205374178,0.6992657093241417,0.7182017974506447,0.09966859308267323,28.234163536864454,0.9864988586154028,0.0004663074627915214,0.0004645550019281457,0.0012410481770833333,0.6670474091721159,0.5644813392936552,0.04962718586532961,0.03894795943627033,0.616800972884731,30870,163762,1976,294,19661,29.081364755843065,0.9837188119631342
development,DJI_1_0927_D,production/v11-bilinear,0.575241306956555,0.6993220936877463,0.7184136440375214,0.09998692878444534,28.23646400160193,0.9864717198066368,0.000466292509334252,0.0004645403814554838,0.0012461344401041667,0.6670588998992929,0.5642942803264511,0.04806412115531146,0.03704002590642283,0.6168318918945567,30870,163762,1976,294,19661,29.083807462004874,0.98370041035451
development,DJI_1_0927_D,production/full-edge,0.3982776787794739,0.5645073464598538,0.830589818342315,0.09396858645516946,31.288491371918994,0.9910119521973386,0.00046573194254342465,0.00046400026821988706,0.0060577392578125,0.5440057369462978,0.3732157814855657,0.19866293638833676,0.2333686350569658,0.42763271819206083,30870,163762,1976,294,19661,32.1566044075351,0.9897500183274599
development,DJI_1_0927_D,production/full-bilinear,0.398367494178364,0.5647706182764196,0.8309593636833282,0.09382249378546785,31.287243694379416,0.9909658846744034,0.0004657796149401365,0.00046404897903759026,0.006108601888020833,0.5444900605152775,0.3732043794848519,0.20097800309456285,0.2371562661381908,0.42893281202471706,30870,163762,1976,294,19661,32.156038845204456,0.989719972991468
development,DJI_1_0927_D,edge/none/0.5/cap2,0.528303502489595,0.6180367954640412,0.7204232960859184,0.09431867718124724,29.049600318914184,0.9914375642898653,3.036017893582252e-06,6.152591567149398e-17,9.1552734375e-05,0.6058487053802218,0.5167744537253708,0.2723316758161283,0.29061408569767827,0.5483429660150413,30870,163762,1976,294,19661,29.881052636806036,0.9888636193715579
development,DJI_1_0927_D,edge/none/0.75/cap2,0.45791922939095936,0.5912671575560311,0.7729646936287874,0.09431867718124741,30.177747012231553,0.991685652823435,3.036017893582121e-06,6.155426434201151e-17,0.001251220703125,0.5747172481628856,0.440943817893365,0.04009154628351233,0.03468620981843862,0.48718238489406956,30870,163762,1976,294,19661,31.028530871989513,0.9897810783085393
development,DJI_1_0927_D,edge/none/1/cap2,0.3981023134894193,0.5645073464598539,0.8306264101440732,0.09431867718124724,31.294294235508996,0.9911100443423948,3.036017893582282e-06,6.167881483874616e-17,0.0060577392578125,0.5436940977270843,0.3730639885406218,0.1986629363883368,0.2333686350569658,0.42640714422126935,30870,163762,1976,294,19661,32.16218470182206,0.9898391958269154
development,DJI_1_0927_D,edge/linear/0.5/cap2,0.6586260447545039,0.6715827098367053,0.643236625356277,0.3746701146236213,27.136337151832617,0.988650967639535,3.036017893582209e-06,1.5926915577967242e-17,1.0172526041666666e-05,0.6681618816500893,0.6593968149682212,0.4457747508752,0.39998410814797747,0.6701974325163002,30870,163762,1976,294,19661,27.946376358329132,0.9846978813400744
development,DJI_1_0927_D,edge/linear/0.75/cap2,0.6532730703046733,0.671582709814642,0.6513687485239068,0.3746701146236165,27.2036976236082,0.9885777780220388,3.036017893582204e-06,1.5900170498936712e-17,0.0004069010416666667,0.6681618816500893,0.6547651253655974,0.29701824888765715,0.1927213200156625,0.6699356635449524,30870,163762,1976,294,19661,28.01733674687724,0.9846648127048411
development,DJI_1_0927_D,edge/linear/1/cap2,0.6480445087853104,0.6715827097978844,0.6601027783938201,0.3746701146236213,27.25997952457647,0.9883990656874292,3.0360178935821537e-06,1.5855540406505647e-17,0.0011240641276041667,0.6681618816500893,0.6501334357629731,0.16064058163361555,0.06828376620999689,0.6696738945736046,30870,163762,1976,294,19661,28.076634417976763,0.9845302431403913
development,DJI_1_0927_D,edge/perceptual/0.5/cap2,0.6070024877395591,0.671415821578519,0.6855461193863476,0.10414146667209276,27.861419905549432,0.9899121597381085,3.0360178935822676e-06,6.03926207355741e-17,9.1552734375e-05,0.6674777394451857,0.5995645552041713,0.2786521272676613,0.29078369743572885,0.6383608074017607,30870,163762,1976,294,19661,28.69404752524904,0.9864589404236578
development,DJI_1_0927_D,edge/perceptual/0.75/cap2,0.5758549595709831,0.6713324542185998,0.7181674026438908,0.10414146667209241,28.247992870301324,0.9900723001172305,3.036017893582206e-06,6.073253677979867e-17,0.001251220703125,0.6671356683427339,0.5650169434829244,0.04803092658956333,0.03491646428009925,0.6221807258731433,30870,163762,1976,294,19661,29.09495703691502,0.986889770315169
development,DJI_1_0927_D,edge/perceptual/1/cap2,0.5521415966526668,0.6712491109359449,0.7540266962202943,0.10414146667209287,28.570108146519893,0.9898708431617619,3.0360178935823197e-06,6.060247799258517e-17,0.005299886067708333,0.6667935972402822,0.5349454552768663,0.18613311782884998,0.23302941158086468,0.606001677416498,30870,163762,1976,294,19661,29.42806862393832,0.9869500235571139
development,DJI_1_0927_D,edge/adaptive/0.5/cap2,0.6070024877395591,0.671415821578519,0.6855461193863476,0.10414146667209276,27.861419905549432,0.9899121597381085,3.0360178935822676e-06,6.03926207355741e-17,9.1552734375e-05,0.6674777394451857,0.5995645552041713,0.2786521272676613,0.29078369743572885,0.6383608074017607,30870,163762,1976,294,19661,28.69404752524904,0.9864589404236578
development,DJI_1_0927_D,edge/adaptive/0.75/cap2,0.5758549595709831,0.6713324542185998,0.7181674026438908,0.10414146667209241,28.247992870301324,0.9900723001172305,3.036017893582206e-06,6.073253677979867e-17,0.001251220703125,0.6671356683427339,0.5650169434829244,0.04803092658956333,0.03491646428009925,0.6221807258731433,30870,163762,1976,294,19661,29.09495703691502,0.986889770315169
development,DJI_1_0927_D,edge/adaptive/1/cap2,0.5521415966526668,0.6712491109359449,0.7540266962202943,0.10414146667209287,28.570108146519893,0.9898708431617619,3.0360178935823197e-06,6.060247799258517e-17,0.005299886067708333,0.6667935972402822,0.5349454552768663,0.18613311782884998,0.23302941158086468,0.606001677416498,30870,163762,1976,294,19661,29.42806862393832,0.9869500235571139
development,DJI_1_0927_D,edge/shadow/0.5/cap2,0.5586092702632937,0.6687649548646377,0.7132288971340162,0.05320495429832715,28.59360976436043,0.9908951054454888,3.0360178935823794e-06,6.150078005774058e-17,9.1552734375e-05,0.6636084955016666,0.5422706718309286,0.2723316758161283,0.29061408569767827,0.5890050548287086,30870,163762,1976,294,19661,29.44173665052318,0.9879836723639128
development,DJI_1_0927_D,edge/shadow/0.75/cap2,0.5033737616240799,0.6673588997497464,0.7618434364978396,0.05320495429832733,29.37705060080242,0.9909068862833279,3.0360178935823417e-06,6.140999984027271e-17,0.001251220703125,0.6613318024274554,0.47918793669468696,0.04009154628351233,0.03468620981843862,0.548147097013565,30870,163762,1976,294,19661,30.252696452847143,0.9885081139652729
development,DJI_1_0927_D,edge/shadow/1/cap2,0.4586642541755208,0.6659527567662399,0.815342092223815,0.05320495429832712,30.066923776456512,0.9901484804459066,3.0360178935822956e-06,6.152454088854732e-17,0.0060577392578125,0.659055109353244,0.4240267735915707,0.1986629363883368,0.2333686350569658,0.5073099286786312,30870,163762,1976,294,19661,30.96712816986794,0.9882314008916608
development,DJI_1_0927_D,edge/none/0.75/cap1.000,0.45791922939095936,0.5912671575560311,0.7729646936287874,0.09431867718124741,30.177747012231553,0.991685652823435,3.036017893582121e-06,6.155426434201151e-17,0.001251220703125,0.5747172481628856,0.440943817893365,0.04009154628351233,0.03468620981843862,0.48718238489406956,30870,163762,1976,294,19661,31.028530871989513,0.9897810783085393
development,DJI_1_0927_D,edge/adaptive/0.75/cap1.000,0.5758549595709831,0.6713324542185998,0.7181674026438908,0.10414146667209241,28.247992870301324,0.9900723001172305,3.036017893582206e-06,6.073253677979867e-17,0.001251220703125,0.6671356683427339,0.5650169434829244,0.04803092658956333,0.03491646428009925,0.6221807258731433,30870,163762,1976,294,19661,29.09495703691502,0.986889770315169
development,DJI_1_0927_D,edge/none/0.75/cap2.322,0.45791922939095936,0.5912671575560311,0.7729646936287874,0.09431867718124741,30.177747012231553,0.991685652823435,3.036017893582121e-06,6.155426434201151e-17,0.001251220703125,0.5747172481628856,0.440943817893365,0.04009154628351233,0.03468620981843862,0.48718238489406956,30870,163762,1976,294,19661,31.028530871989513,0.9897810783085393
development,DJI_1_0927_D,edge/adaptive/0.75/cap2.322,0.5758549595709831,0.6713324542185998,0.7181674026438908,0.10414146667209241,28.247992870301324,0.9900723001172305,3.036017893582206e-06,6.073253677979867e-17,0.001251220703125,0.6671356683427339,0.5650169434829244,0.04803092658956333,0.03491646428009925,0.6221807258731433,30870,163762,1976,294,19661,29.09495703691502,0.986889770315169
development,DJI_1_0927_D,edge/offset0.1,0.555195202787314,0.6715826548879257,0.7215679304365014,0.09431109189779456,28.590275979848144,0.9893660235430358,3.0360178935823214e-06,5.359841092927823e-17,0.0005594889322916666,0.662352754070095,0.5400432708817521,0.13685363629904945,0.12866628634021376,0.58364530573472,30870,163762,1976,294,19661,29.437892074511637,0.9864860798148167
development,DJI_1_0927_D,edge/offset0.25,0.6387468779004397,0.671582711049548,0.6661880697231732,0.17987224539493182,27.393957990917947,0.9886514587871804,3.036017893582179e-06,1.3704661008492203e-17,0.0001678466796875,0.6675344313062207,0.6375663187461051,0.2868536362990495,0.2786662863402138,0.6640401495341289,30870,163762,1976,294,19661,28.215540269584515,0.9848316701272757
development,DJI_1_0927_D,edge/offset0.4,0.6589699287971901,0.6715827134671146,0.6437002011439777,0.40852037015925124,27.126904637267955,0.9885965982151051,3.0360178935822045e-06,4.00093113543669e-18,0.0,0.6680009628343686,0.6599476511824115,0.4368536362990495,0.4286662863402138,0.6699792875914978,30870,163762,1976,294,19661,27.93675033889435,0.9846332221968582
development,DJI_1_0927_D,bilinear/none/0.5/cap2,0.5283114606897277,0.6181732857237128,0.7205775910186171,0.09418493733148385,29.05014810054177,0.9914530781446826,3.0360178935821927e-06,6.155667458660628e-17,9.663899739583333e-05,0.6060852606860369,0.5167536064145327,0.2711556539733495,0.2886767091372082,0.5489875893043128,30870,163762,1976,294,19661,29.881904153113354,0.9888871074042783
development,DJI_1_0927_D,bilinear/none/0.75/cap2,0.4579326411094788,0.5914736095238512,0.7732180826283358,0.09418493733148338,30.17798116915595,0.9916800958724526,3.0360178935821812e-06,6.1524828295667e-17,0.0012563069661458333,0.5750710215341155,0.4409111684155356,0.03860501337515365,0.03278300983368126,0.48814734229342943,30870,163762,1976,294,19661,31.02926154580155,0.9897875618853583
development,DJI_1_0927_D,bilinear/none/1/cap2,0.39818628639874687,0.5647706182764196,0.830996938373563,0.09418493733148384,31.29322943123259,0.991066632643496,3.0360178935823502e-06,6.15839298563991e-17,0.006108601888020833,0.5441630330775188,0.3730484729733819,0.20097800309456285,0.23715626613819082,0.42766966234915843,30870,163762,1976,294,19661,32.161792185376186,0.9898115192491108
development,DJI_1_0927_D,bilinear/linear/0.5/cap2,0.658605236623616,0.6715827098367053,0.6432684782570556,0.37498378084267814,27.136621956131904,0.9886494506833327,3.036017893582183e-06,1.5980210180845625e-17,1.52587890625e-05,0.6681618816500893,0.6593810672353885,0.44500948530158363,0.3984439756276386,0.6701933579861464,30870,163762,1976,294,19661,27.946676432804573,0.9846968029967552
development,DJI_1_0927_D,bilinear/linear/0.75/cap2,0.6532418581083416,0.671582709814642,0.6514203422212937,0.3749837808426753,27.20405763853595,0.9885721451059984,3.0360178935821685e-06,1.5903139320795283e-17,0.0004119873046875,0.6681618816500893,0.6547415037663482,0.29587035052723243,0.19041112123515425,0.6699295517497219,30870,163762,1976,294,19661,28.017716165985572,0.9846600734818955
development,DJI_1_0927_D,bilinear/linear/1/cap2,0.6480081501496372,0.6715827097978844,0.6601772212605836,0.37498378084267825,27.260363563212195,0.9883874978305741,3.0360178935821914e-06,1.5946454236874896e-17,0.001129150390625,0.6681618816500893,0.6501019402973081,0.15963317364063084,0.06867961713421282,0.6696657455132973,30870,163762,1976,294,19661,28.077038714824933,0.9845201113121039
development,DJI_1_0927_D,bilinear/perceptual/0.5/cap2,0.6068831559799258,0.6714169102802402,0.6856775015519918,0.10444761675037009,27.86317632351753,0.9899049768084848,3.0360178935821186e-06,6.041152461590178e-17,9.663899739583333e-05,0.6674808252924844,0.5994347318877746,0.2774898232371061,0.28884690114678807,0.6383272984257267,30870,163762,1976,294,19661,28.695898771159058,0.986457159537516
development,DJI_1_0927_D,bilinear/perceptual/0.75/cap2,0.575677786468382,0.6713340610635546,0.7183807078205726,0.10444761675037019,28.250378025477715,0.9900391880002835,3.0360178935822215e-06,6.064086323811832e-17,0.0012563069661458333,0.667140297113682,0.564822219223948,0.046468120204505074,0.03301001576216327,0.6221304624090922,30870,163762,1976,294,19661,29.09748049989764,0.9868659743806265
development,DJI_1_0927_D,bilinear/perceptual/1/cap2,0.5519687721202674,0.6712513246773235,0.7543354591047177,0.10444761675037006,28.572804586660684,0.9897984770956796,3.0360178935821906e-06,6.051063324568689e-17,0.005335489908854167,0.6667997689348797,0.5347101639841817,0.1883408945466713,0.23681588211903112,0.6059344573101385,30870,163762,1976,294,19661,29.43092786143234,0.9868914208721687
development,DJI_1_0927_D,bilinear/adaptive/0.5/cap2,0.6068831559799258,0.6714169102802402,0.6856775015519918,0.10444761675037009,27.86317632351753,0.9899049768084848,3.0360178935821186e-06,6.041152461590178e-17,9.663899739583333e-05,0.6674808252924844,0.5994347318877746,0.2774898232371061,0.28884690114678807,0.6383272984257267,30870,163762,1976,294,19661,28.695898771159058,0.986457159537516
development,DJI_1_0927_D,bilinear/adaptive/0.75/cap2,0.575677786468382,0.6713340610635546,0.7183807078205726,0.10444761675037019,28.250378025477715,0.9900391880002835,3.0360178935822215e-06,6.064086323811832e-17,0.0012563069661458333,0.667140297113682,0.564822219223948,0.046468120204505074,0.03301001576216327,0.6221304624090922,30870,163762,1976,294,19661,29.09748049989764,0.9868659743806265
development,DJI_1_0927_D,bilinear/adaptive/1/cap2,0.5519687721202674,0.6712513246773235,0.7543354591047177,0.10444761675037006,28.572804586660684,0.9897984770956796,3.0360178935821906e-06,6.051063324568689e-17,0.005335489908854167,0.6667997689348797,0.5347101639841817,0.1883408945466713,0.23681588211903112,0.6059344573101385,30870,163762,1976,294,19661,29.43092786143234,0.9868914208721687
development,DJI_1_0927_D,bilinear/shadow/0.5/cap2,0.5584396387510099,0.6687787239716243,0.713423814223388,0.053396962793345666,28.596359152145986,0.9908741985999617,3.036017893582133e-06,6.16810026007282e-17,9.663899739583333e-05,0.6636269250012845,0.5420777332257638,0.2711556539733495,0.2886767091372082,0.5890524749508036,30870,163762,1976,294,19661,29.444687288885653,0.9879732747434516
development,DJI_1_0927_D,bilinear/shadow/0.75/cap2,0.503121017737898,0.667378603029927,0.7621610189588737,0.05339696279334544,29.380778609816176,0.9908280775612165,3.0360178935822973e-06,6.158030843087686e-17,0.0012563069661458333,0.6613594466768821,0.4788972254251167,0.03860501337515365,0.03278300983368126,0.5482182271967074,30870,163762,1976,294,19661,30.25675231166253,0.9884469103176975
development,DJI_1_0927_D,bilinear/shadow/1/cap2,0.4583958196690034,0.6659787218756191,0.8158027783736731,0.053396962793345715,30.070812189811008,0.9899837511242058,3.0360178935822265e-06,6.157157589666494e-17,0.006108601888020833,0.6590919683524797,0.42366961637209777,0.20097800309456285,0.23715626613819082,0.5074033195966647,30870,163762,1976,294,19661,30.97143734666996,0.9880919504310914
development,DJI_1_0927_D,bilinear/none/0.75/cap1.000,0.4579326411094788,0.5914736095238512,0.7732180826283358,0.09418493733148338,30.17798116915595,0.9916800958724526,3.0360178935821812e-06,6.1524828295667e-17,0.0012563069661458333,0.5750710215341155,0.4409111684155356,0.03860501337515365,0.03278300983368126,0.48814734229342943,30870,163762,1976,294,19661,31.02926154580155,0.9897875618853583
development,DJI_1_0927_D,bilinear/adaptive/0.75/cap1.000,0.575677786468382,0.6713340610635546,0.7183807078205726,0.10444761675037019,28.250378025477715,0.9900391880002835,3.0360178935822215e-06,6.064086323811832e-17,0.0012563069661458333,0.667140297113682,0.564822219223948,0.046468120204505074,0.03301001576216327,0.6221304624090922,30870,163762,1976,294,19661,29.09748049989764,0.9868659743806265
development,DJI_1_0927_D,bilinear/none/0.75/cap2.322,0.4579326411094788,0.5914736095238512,0.7732180826283358,0.09418493733148338,30.17798116915595,0.9916800958724526,3.0360178935821812e-06,6.1524828295667e-17,0.0012563069661458333,0.5750710215341155,0.4409111684155356,0.03860501337515365,0.03278300983368126,0.48814734229342943,30870,163762,1976,294,19661,31.02926154580155,0.9897875618853583
development,DJI_1_0927_D,bilinear/adaptive/0.75/cap2.322,0.575677786468382,0.6713340610635546,0.7183807078205726,0.10444761675037019,28.250378025477715,0.9900391880002835,3.0360178935822215e-06,6.064086323811832e-17,0.0012563069661458333,0.667140297113682,0.564822219223948,0.046468120204505074,0.03301001576216327,0.6221304624090922,30870,163762,1976,294,19661,29.09748049989764,0.9868659743806265
development,DJI_1_0927_D,bilinear/offset0.1,0.5551670338123401,0.6715826555392123,0.721810211000145,0.09423899206498537,28.591341164152446,0.989378848239144,3.0360178935820605e-06,5.3629538121396975e-17,0.0005696614583333334,0.6625953708778121,0.5399850027979236,0.13508960353488125,0.1257602214995087,0.5844521867086353,30870,163762,1976,294,19661,29.439350930409887,0.9865119966551492
development,DJI_1_0927_D,bilinear/offset0.25,0.6386721234816348,0.6715827110480906,0.666316114966852,0.18018289546587035,27.39505363636518,0.9886503994690949,3.0360178935821757e-06,1.3754493014816794e-17,0.00017801920572916666,0.6675575211307389,0.6374935034964547,0.2850896035348813,0.27576022149950874,0.6641367987466235,30870,163762,1976,294,19661,28.216714557667487,0.9848342089035294
development,DJI_1_0927_D,bilinear/offset0.4,0.6589309774127275,0.6715827134625337,0.6437736173156987,0.40993920398539374,27.1274710993714,0.988598083602075,3.0360178935822397e-06,4.0241446208670714e-18,0.0,0.6680075167007608,0.6599209371528448,0.43508960353488135,0.4257602214995087,0.6700147356198591,30870,163762,1976,294,19661,27.93735414076,0.9846351459665645
development,DJI_1_0927_D,input/native512-u8/none,0.45652668341679364,0.5845747810587557,0.7742619863773611,0.09702982071516979,30.226138390883847,0.993697331658205,3.0360178935823117e-06,6.181373189775523e-17,0.0012410481770833333,0.5760836483026264,0.4390473733154715,0.037358300211859395,0.026068804098799754,0.49022102936790074,30870,163762,1976,294,19661,31.07893760294337,0.9916238720805665
development,DJI_1_0927_D,input/native512-u8/adaptive,0.5748311107917072,0.6713064426899565,0.7189567617355266,0.10411263935702855,28.264599575857936,0.99016114600847,3.0360178935822905e-06,6.060102961733681e-17,0.0012308756510416667,0.6671500326809959,0.5638101542191036,0.04594891014410392,0.026318613547245545,0.6215511973499135,30870,163762,1976,294,19661,29.11221346193127,0.9869965901145089
development,DJI_1_0927_D,input/native512-float/none,0.45653281211510266,0.5845847174686185,0.7742620225205324,0.09705465589907204,30.22601171050946,0.9936972550351352,3.0360178935821147e-06,6.17890445706342e-17,0.0012359619140625,0.5760846880755577,0.43905528325418836,0.03729630929212493,0.026109624260969494,0.49022791718220676,30870,163762,1976,294,19661,31.078808500155205,0.9916237295909952
development,DJI_1_0927_D,input/native512-float/adaptive,0.5748320778140833,0.6713065998771357,0.7189587316430595,0.10413585152224814,28.26456578262421,0.9901611564491797,3.036017893582367e-06,6.057450890157666e-17,0.0012308756510416667,0.6671500175568702,0.5638122173742508,0.04587437816227382,0.02635948113800077,0.6215537460906359,30870,163762,1976,294,19661,29.112178798618245,0.9869965678550441
development,DJI_1_0927_D,input/native1024-float/none,0.45789714970131495,0.5847639524621194,0.7779691603535073,0.1053668496810763,30.18684496884937,0.993547855297327,3.0360178935824167e-06,6.182044235671687e-17,0.0020039876302083335,0.5773576498547653,0.4403934408610433,0.04225784168691425,0.053089065117275604,0.4929395484548018,30870,163762,1976,294,19661,31.04037140794056,0.9914965703892317
development,DJI_1_0927_D,input/native1024-float/adaptive,0.5738945536148515,0.6713071658601956,0.722981808132039,0.11445087237318503,28.264157603220745,0.9900075710100477,3.0360178935824108e-06,6.055157834413895e-17,0.001983642578125,0.6671698383652781,0.5627766366327163,0.0381072462174585,0.05294043435053743,0.6211589692863644,30870,163762,1976,294,19661,29.112207894971235,0.9868633895630275
development,DJI_1_0927_D,input/padded512-float/none,0.4563345660263194,0.5843728638145164,0.7746073812278841,0.09919382069106751,30.22722058877797,0.9936941123145375,3.036017893582101e-06,6.179963665200752e-17,0.0012715657552083333,0.5759158970028002,0.4388775607864192,0.03493699763188009,0.022464002491450794,0.49022792200551124,30870,163762,1976,294,19661,31.08002184549584,0.9916213560136272
development,DJI_1_0927_D,input/padded512-float/adaptive,0.5746848165003848,0.6713058971569833,0.7192642658834605,0.10647223432759138,28.265291238119666,0.990154709256794,3.03601789358225e-06,6.062345864970904e-17,0.0012664794921875,0.6671502453356986,0.5636712662652815,0.042900011568653,0.022691131618111007,0.6215537468645819,30870,163762,1976,294,19661,29.112951442099117,0.9869911915416213
development,DJI_1_0927_D,input/flipY512-float/none,0.45927606964120443,0.5848195518303683,0.7711059787253517,0.10094839253877176,30.18856456898401,0.9936797060511318,3.036017893582442e-06,6.168425033434227e-17,0.0011342366536458333,0.5764706386254588,0.44214326224409956,0.048297557708392586,0.044818291218610654,0.49125272684510574,30870,163762,1976,294,19661,31.040044817229013,0.99159286221464
development,DJI_1_0927_D,input/flipY512-float/adaptive,0.5765771911010725,0.671306659169647,0.7166565953161534,0.10597957254693782,28.247714934199806,0.9901711505345537,3.0360178935823777e-06,6.059987005397379e-17,0.001129150390625,0.6671561661171447,0.565776089331932,0.05665667954837038,0.045053808834852375,0.6218626649298914,30870,163762,1976,294,19661,29.09451968698537,0.9869968748406253
development,DJI_1_0927_D,input/flipX512-float/none,0.4563830117496314,0.5845436215109707,0.7745327186935588,0.0986651094885392,30.228008781007304,0.9936972419792655,3.036017893582178e-06,6.171511577383307e-17,0.0012868245442708333,0.5759814456413705,0.4389066834003151,0.03631966605263959,0.025282273863838776,0.490337493210208,30870,163762,1976,294,19661,31.08077801984653,0.9916253799299222
development,DJI_1_0927_D,input/flipX512-float/adaptive,0.5747242830268035,0.6713060523440867,0.7191912873889812,0.10537534122797175,28.264961941004433,0.9901572317132886,3.036017893582311e-06,6.070126518632617e-17,0.0012868245442708333,0.6671482542806736,0.5637066470003442,0.04392575992863208,0.025527129713125603,0.6215690918598722,30870,163762,1976,294,19661,29.112588196774816,0.9869932412462156
development,DJI_1_0927_D,input/ensemble512-float/none,0.4573715046893498,0.5846441501195417,0.7732900520042038,0.0989244156244314,30.214688549977858,0.993701265215314,3.036017893582311e-06,6.157085809328112e-17,0.0011850992838541667,0.5761789241178298,0.4400106265138902,0.040097766841386245,0.03165397317613378,0.4906060458328729,30870,163762,1976,294,19661,31.067061602119356,0.9916230049535774
development,DJI_1_0927_D,input/ensemble512-float/adaptive,0.5753761891816405,0.671306329680764,0.7182617539306744,0.10518181910728605,28.259274345149763,0.9901664445218292,3.036017893582247e-06,6.048342181695685e-17,0.0011800130208333333,0.6671514793182631,0.5644310611311074,0.04870253194170038,0.03190040797045049,0.6216618343192772,30870,163762,1976,294,19661,29.106634018929412,0.9869985801078911
development,DJI_1_0927_D,gamma22/full,0.4289465558483066,0.7434674738776018,0.8351875668221967,0.07223655486631646,30.61732898416961,0.989435375336501,0.002072354270784841,0.002071942839679866,0.007354736328125,0.7151796014303037,0.37747525017917755,0.22298999809104922,0.25570276239926093,0.4483959851864616,30870,163762,1976,294,19661,31.55193716028294,0.9877229268400185
development,DJI_1_0927_D,gamma22/adaptive,0.6043111857462227,0.8570598967178098,0.7217398507668059,0.07754965050464822,27.873615522522925,0.9879216193997202,0.002072354270784841,0.002071942839679866,0.0014292399088541667,0.8382602978369522,0.5671198281713012,0.03170086638561782,0.02849465599509957,0.6430221154357381,30870,163762,1976,294,19661,28.769028268227075,0.9842605419009873
development,DJI_1_0927_D,learned/scene-scale,0.4281130693321061,0.5789048898261538,0.7997370866958694,0.09418493733148374,30.710694704820302,0.9914953556426045,3.0360178935822736e-06,6.163290697679514e-17,0.0027262369791666665,0.5605089418020153,0.40735612311765046,0.08000499383899083,0.10408337975116863,0.4596137892728322,30870,163762,1976,294,19661,31.570905346067747,0.989907418425388
development,DJI_1_0927_D,learned/residual-cnn,0.3114997153716204,0.45790135891795003,0.8372419325433679,0.03215924839353869,33.13477601802822,0.9936275582993805,3.0360178935822947e-06,6.153848946695108e-17,0.0009409586588541666,0.3427141501978768,0.3084529678093478,0.07635390120480418,0.07256603388042955,0.38416426212486576,30870,163762,1976,294,19661,33.946595878137764,0.9930059547454071
development,apple,SDR,0.11684522371997991,0.634171828849319,0.7845088928691292,,34.50276377375994,0.9946712179862597,2.035887860184707e-08,0.0,1.0172526041666666e-05,0.00032830956335394584,0.07200116787240925,0.620706091980079,0.877197573416224,0.040697396150789905,54459,72128,19013,6733,13962,35.03008537023374,0.9946339279425105
development,apple,production/legacy,0.050597404974620654,0.21301954175111057,0.989285805355048,0.905602049717997,42.72595883300244,0.9973465910822724,5.518308558565119e-05,5.518166760129652e-05,0.039204915364583336,0.0010253817803226415,0.05010149725083891,0.19446800106357057,0.23457961393326365,0.03312540934377377,54459,72128,19013,6733,13962,43.25733903328989,0.9974302137481804
development,apple,production/v11,0.050597404974620654,0.21301954175111057,0.989285805355048,0.905602049717997,42.72595883300244,0.9973465910822724,5.518308558565119e-05,5.518166760129652e-05,0.039204915364583336,0.0010253817803226415,0.05010149725083891,0.19446800106357057,0.23457961393326365,0.03312540934377377,54459,72128,19013,6733,13962,43.25733903328989,0.9974302137481804
development,apple,production/v11-bilinear,0.050597404974620654,0.21301954175111057,0.989285805355048,0.905602049717997,42.72595883300244,0.9973465910822724,5.518308558565119e-05,5.518166760129652e-05,0.039204915364583336,0.0010253817803226415,0.05010149725083891,0.19446800106357057,0.23457961393326365,0.03312540934377377,54459,72128,19013,6733,13962,43.25733903328989,0.9974302137481804
development,apple,production/full-edge,0.2858806337979286,0.6520163558478793,1.3285556951106796,0.8188008849882252,32.797852701150696,0.9960496727811763,5.518300917344857e-05,5.5181591082086175e-05,0.08772786458333333,0.09076262884202235,0.3885527638960457,0.45525927116061266,0.35930219122632084,0.2454900284718691,54459,72128,19013,6733,13962,33.38763438146844,0.9956354822343908
development,apple,production/full-bilinear,0.2858806337979286,0.6520163558478793,1.3285556951106796,0.8188008849882252,32.797852701150696,0.9960496727811763,5.518300917344857e-05,5.5181591082086175e-05,0.08772786458333333,0.09076262884202235,0.3885527638960457,0.45525927116061266,0.35930219122632084,0.2454900284718691,54459,72128,19013,6733,13962,33.38763438146844,0.9956354822343908
development,apple,edge/none/0.5/cap2,0.12233527318590441,0.3106782314589155,1.0139282715481108,0.8188008849882251,39.14004365868904,0.99683265495342,2.0358878598193155e-08,6.6224792846885e-17,0.026982625325520832,0.04521895049134953,0.16134668402744876,0.19522554702190392,0.31470929606938247,0.1116201278273084,54459,72128,19013,6733,13962,39.71423026861083,0.996830110374604
development,apple,edge/none/0.75/cap2,0.1927667249238525,0.47661744870861217,1.158687928767178,0.8188008849882236,36.182964286646985,0.9967929727924935,2.0358878599761416e-08,6.41921601737103e-17,0.05548095703125,0.06798989428806171,0.2734175207124958,0.24420736138055382,0.21378620837261197,0.17552495629353057,54459,72128,19013,6733,13962,36.78595965253349,0.9966351605494258
development,apple,edge/none/1/cap2,0.2858806337979286,0.6520163558478793,1.328551455891565,0.8188008849882255,32.7992824412287,0.9960497351495098,2.0358878600228396e-08,6.46042246575477e-17,0.08772786458333333,0.09076262884202237,0.3885527638960457,0.45525927116061266,0.35930219122632084,0.24549002847186915,54459,72128,19013,6733,13962,33.38807837458916,0.9956342871019696
development,apple,edge/linear/0.5/cap2,0.059923232275816106,0.31465680132287355,0.9115215983564825,0.9056010241550051,40.47859512110563,0.997626306232873,2.035887860179001e-08,2.8074128922417885e-17,0.0233917236328125,0.00032830956335394584,0.05327229314930193,0.2558522720546616,0.3532515704393528,0.02308087553568934,54459,72128,19013,6733,13962,40.98982295408909,0.9976650392178192
development,apple,edge/linear/0.75/cap2,0.050253985491617026,0.2128690148417248,0.9900583286081912,0.9056010241550047,42.74433991754595,0.9973612033460035,2.0358878602030065e-08,2.819432734272539e-17,0.0392608642578125,0.00032830956335394584,0.049958003646205534,0.19437910850866424,0.23436552905292046,0.03269075685492158,54459,72128,19013,6733,13962,43.26206013740504,0.9974372698532703
development,apple,edge/linear/1/cap2,0.058025363965031274,0.30304695195348036,1.0811374961826188,0.9056010241550051,40.752834919164215,0.9961707916398461,2.035887860169758e-08,2.812356947957884e-17,0.054484049479166664,0.00032830956335394584,0.05046105879064225,0.25198329218673626,0.27488556084958105,0.050313309100159784,54459,72128,19013,6733,13962,41.27527850012365,0.9962672949431658
development,apple,edge/perceptual/0.5/cap2,0.07829471933618773,0.2805652287250761,0.9935966176984412,0.8358245249327008,40.28006741130121,0.9970947868031661,2.0358878599326726e-08,6.393549629353272e-17,0.026982625325520832,0.00027898954566274225,0.10621326412649502,0.19584322983042413,0.3147179081405011,0.059265815255074905,54459,72128,19013,6733,13962,40.81340370568878,0.9971344444323421
development,apple,edge/perceptual/0.75/cap2,0.12440492362846194,0.4279963041316026,1.1256937551440334,0.8358245249327019,37.75606289777012,0.997071046031191,2.0358878598444995e-08,6.663302520738777e-17,0.0553741455078125,0.00033495811198316417,0.18750234017438203,0.2404116448948476,0.21378387889447945,0.0957848223997919,54459,72128,19013,6733,13962,38.32238322431045,0.997028740544202
development,apple,edge/perceptual/1/cap2,0.19464124215343356,0.6000377833176723,1.2808436472673788,0.8358245249327007,34.14488796778568,0.9962944638141555,2.0358878597628018e-08,6.081016706998469e-17,0.08495585123697917,0.0004312110175071182,0.2739131513432014,0.45019059362831054,0.3592849670840835,0.1384671268830825,54459,72128,19013,6733,13962,34.70359539628616,0.9960972037263048
development,apple,edge/adaptive/0.5/cap2,0.059923232275816106,0.31465680132287355,0.9115215983564825,0.9056010241550051,40.47859512110563,0.997626306232873,2.035887860179001e-08,2.8074128922417885e-17,0.0233917236328125,0.00032830956335394584,0.05327229314930193,0.2558522720546616,0.3532515704393528,0.02308087553568934,54459,72128,19013,6733,13962,40.98982295408909,0.9976650392178192
development,apple,edge/adaptive/0.75/cap2,0.050253985491617026,0.2128690148417248,0.9900583286081912,0.9056010241550047,42.74433991754595,0.9973612033460035,2.0358878602030065e-08,2.819432734272539e-17,0.0392608642578125,0.00032830956335394584,0.049958003646205534,0.19437910850866424,0.23436552905292046,0.03269075685492158,54459,72128,19013,6733,13962,43.26206013740504,0.9974372698532703
development,apple,edge/adaptive/1/cap2,0.058025363965031274,0.30304695195348036,1.0811374961826188,0.9056010241550051,40.752834919164215,0.9961707916398461,2.035887860169758e-08,2.812356947957884e-17,0.054484049479166664,0.00032830956335394584,0.05046105879064225,0.25198329218673626,0.27488556084958105,0.050313309100159784,54459,72128,19013,6733,13962,41.27527850012365,0.9962672949431658
development,apple,edge/shadow/0.5/cap2,0.10244104849528991,0.3106782314589155,1.0117581250827101,0.7957592601291755,39.256940241526735,0.996808901051959,2.0358878602248755e-08,6.807526346266928e-17,0.026982625325520832,0.0023832750827254196,0.1535298713073509,0.19522554702190392,0.31470929606938247,0.08584129579724255,54459,72128,19013,6733,13962,39.81432397044577,0.9968265272453561
development,apple,edge/shadow/0.75/cap2,0.16286050235671493,0.476614713945112,1.1553821199319427,0.795759260129175,36.31844054697236,0.9967335084712045,2.0358878598455288e-08,6.547195243195235e-17,0.05548095703125,0.003638983944056931,0.26163485961900823,0.24420736138055382,0.21378620837261197,0.13618284556342228,54459,72128,19013,6733,13962,36.902795272684834,0.9966214770130543
development,apple,edge/shadow/1/cap2,0.2459645108966526,0.6520113121999057,1.32407497805672,0.7957592601291756,32.910503605319256,0.9959445133587104,2.0358878597901994e-08,6.359111196437796e-17,0.08772786458333333,0.004895352714422534,0.37280934242598096,0.45525927116061266,0.35930219122632084,0.19260632499750158,54459,72128,19013,6733,13962,33.483862051580346,0.9956102476184138
development,apple,edge/none/0.75/cap1.000,0.19285491200361307,0.4766867967762317,1.1583029236455697,0.8175858387703308,36.17388594544942,0.9967375158651272,2.0358878599759358e-08,6.396815129139638e-17,0.05548095703125,0.06798989428806171,0.2734175207124958,0.24488269082951733,0.21569323923747802,0.17552495629353057,54459,72128,19013,6733,13962,36.7762629681329,0.9965813357523218
development,apple,edge/adaptive/0.75/cap1.000,0.050342111854718284,0.21289107838189875,0.9896743915136863,0.9047281771929206,42.70153886728358,0.997317036643463,2.0358878602027497e-08,2.7971013056812303e-17,0.0392608642578125,0.00032830956335394584,0.049958003646205534,0.1950539729944131,0.23627124693017323,0.03269075685492158,54459,72128,19013,6733,13962,43.218580297035956,0.9973943147181413
development,apple,edge/none/0.75/cap2.322,0.1927667249238525,0.47661744870861217,1.158687928767178,0.8188008849882236,36.182964286646985,0.9967929727924935,2.0358878599761416e-08,6.41921601737103e-17,0.05548095703125,0.06798989428806171,0.2734175207124958,0.24420736138055382,0.21378620837261197,0.17552495629353057,54459,72128,19013,6733,13962,36.78595965253349,0.9966351605494258
development,apple,edge/adaptive/0.75/cap2.322,0.050253985491617026,0.2128690148417248,0.9900583286081912,0.9056010241550047,42.74433991754595,0.9973612033460035,2.0358878602030065e-08,2.819432734272539e-17,0.0392608642578125,0.00032830956335394584,0.049958003646205534,0.19437910850866424,0.23436552905292046,0.03269075685492158,54459,72128,19013,6733,13962,43.26206013740504,0.9974372698532703
development,apple,edge/offset0.1,0.11103931807886874,0.3794795625124777,1.082190586190535,0.8297565393982668,38.72693115861017,0.9972728427260922,2.0358878602008303e-08,3.759580582775695e-17,0.0431671142578125,0.0006402219433878946,0.17372066195679303,0.18946694155834232,0.22259338649110938,0.09008323322609338,54459,72128,19013,6733,13962,39.296598967422014,0.9972602916527256
development,apple,edge/offset0.25,0.05600359174479253,0.2438196444648511,0.9845304204070392,0.879107995671368,41.58835640558187,0.997595635366821,2.0358878601858977e-08,2.4152279091296007e-17,0.029276529947916668,0.00030322976417819785,0.06430344433159585,0.18405988195261488,0.2874455408453665,0.035738533731254976,54459,72128,19013,6733,13962,42.10799141888267,0.9976494476536905
development,apple,edge/offset0.4,0.05214947488667975,0.2689996773722581,0.9073672029917812,0.928264938760811,40.66571012344039,0.9976398897651662,2.03588786020092e-08,1.8553995072646018e-17,0.016413370768229168,0.00032721949747700405,0.03575953758474175,0.2627612459882827,0.41092259419152455,0.020601184595075563,54459,72128,19013,6733,13962,41.165092782981105,0.9976833870697613
development,apple,bilinear/none/0.5/cap2,0.12233527318590441,0.3106782314589155,1.0139282715481108,0.8188008849882251,39.14004365868904,0.99683265495342,2.0358878598193155e-08,6.6224792846885e-17,0.026982625325520832,0.04521895049134953,0.16134668402744876,0.19522554702190392,0.31470929606938247,0.1116201278273084,54459,72128,19013,6733,13962,39.71423026861083,0.996830110374604
development,apple,bilinear/none/0.75/cap2,0.1927667249238525,0.47661744870861217,1.158687928767178,0.8188008849882236,36.182964286646985,0.9967929727924935,2.0358878599761416e-08,6.41921601737103e-17,0.05548095703125,0.06798989428806171,0.2734175207124958,0.24420736138055382,0.21378620837261197,0.17552495629353057,54459,72128,19013,6733,13962,36.78595965253349,0.9966351605494258
development,apple,bilinear/none/1/cap2,0.2858806337979286,0.6520163558478793,1.328551455891565,0.8188008849882255,32.7992824412287,0.9960497351495098,2.0358878600228396e-08,6.46042246575477e-17,0.08772786458333333,0.09076262884202237,0.3885527638960457,0.45525927116061266,0.35930219122632084,0.24549002847186915,54459,72128,19013,6733,13962,33.38807837458916,0.9956342871019696
development,apple,bilinear/linear/0.5/cap2,0.059923232275816106,0.31465680132287355,0.9115215983564825,0.9056010241550051,40.47859512110563,0.997626306232873,2.035887860179001e-08,2.8074128922417885e-17,0.0233917236328125,0.00032830956335394584,0.05327229314930193,0.2558522720546616,0.3532515704393528,0.02308087553568934,54459,72128,19013,6733,13962,40.98982295408909,0.9976650392178192
development,apple,bilinear/linear/0.75/cap2,0.050253985491617026,0.2128690148417248,0.9900583286081912,0.9056010241550047,42.74433991754595,0.9973612033460035,2.0358878602030065e-08,2.819432734272539e-17,0.0392608642578125,0.00032830956335394584,0.049958003646205534,0.19437910850866424,0.23436552905292046,0.03269075685492158,54459,72128,19013,6733,13962,43.26206013740504,0.9974372698532703
development,apple,bilinear/linear/1/cap2,0.058025363965031274,0.30304695195348036,1.0811374961826188,0.9056010241550051,40.752834919164215,0.9961707916398461,2.035887860169758e-08,2.812356947957884e-17,0.054484049479166664,0.00032830956335394584,0.05046105879064225,0.25198329218673626,0.27488556084958105,0.050313309100159784,54459,72128,19013,6733,13962,41.27527850012365,0.9962672949431658
development,apple,bilinear/perceptual/0.5/cap2,0.07829471933618773,0.2805652287250761,0.9935966176984412,0.8358245249327008,40.28006741130121,0.9970947868031661,2.0358878599326726e-08,6.393549629353272e-17,0.026982625325520832,0.00027898954566274225,0.10621326412649502,0.19584322983042413,0.3147179081405011,0.059265815255074905,54459,72128,19013,6733,13962,40.81340370568878,0.9971344444323421
development,apple,bilinear/perceptual/0.75/cap2,0.12440492362846194,0.4279963041316026,1.1256937551440334,0.8358245249327019,37.75606289777012,0.997071046031191,2.0358878598444995e-08,6.663302520738777e-17,0.0553741455078125,0.00033495811198316417,0.18750234017438203,0.2404116448948476,0.21378387889447945,0.0957848223997919,54459,72128,19013,6733,13962,38.32238322431045,0.997028740544202
development,apple,bilinear/perceptual/1/cap2,0.19464124215343356,0.6000377833176723,1.2808436472673788,0.8358245249327007,34.14488796778568,0.9962944638141555,2.0358878597628018e-08,6.081016706998469e-17,0.08495585123697917,0.0004312110175071182,0.2739131513432014,0.45019059362831054,0.3592849670840835,0.1384671268830825,54459,72128,19013,6733,13962,34.70359539628616,0.9960972037263048
development,apple,bilinear/adaptive/0.5/cap2,0.059923232275816106,0.31465680132287355,0.9115215983564825,0.9056010241550051,40.47859512110563,0.997626306232873,2.035887860179001e-08,2.8074128922417885e-17,0.0233917236328125,0.00032830956335394584,0.05327229314930193,0.2558522720546616,0.3532515704393528,0.02308087553568934,54459,72128,19013,6733,13962,40.98982295408909,0.9976650392178192
development,apple,bilinear/adaptive/0.75/cap2,0.050253985491617026,0.2128690148417248,0.9900583286081912,0.9056010241550047,42.74433991754595,0.9973612033460035,2.0358878602030065e-08,2.819432734272539e-17,0.0392608642578125,0.00032830956335394584,0.049958003646205534,0.19437910850866424,0.23436552905292046,0.03269075685492158,54459,72128,19013,6733,13962,43.26206013740504,0.9974372698532703
development,apple,bilinear/adaptive/1/cap2,0.058025363965031274,0.30304695195348036,1.0811374961826188,0.9056010241550051,40.752834919164215,0.9961707916398461,2.035887860169758e-08,2.812356947957884e-17,0.054484049479166664,0.00032830956335394584,0.05046105879064225,0.25198329218673626,0.27488556084958105,0.050313309100159784,54459,72128,19013,6733,13962,41.27527850012365,0.9962672949431658
development,apple,bilinear/shadow/0.5/cap2,0.10244104849528991,0.3106782314589155,1.0117581250827101,0.7957592601291755,39.256940241526735,0.996808901051959,2.0358878602248755e-08,6.807526346266928e-17,0.026982625325520832,0.0023832750827254196,0.1535298713073509,0.19522554702190392,0.31470929606938247,0.08584129579724255,54459,72128,19013,6733,13962,39.81432397044577,0.9968265272453561
development,apple,bilinear/shadow/0.75/cap2,0.16286050235671493,0.476614713945112,1.1553821199319427,0.795759260129175,36.31844054697236,0.9967335084712045,2.0358878598455288e-08,6.547195243195235e-17,0.05548095703125,0.003638983944056931,0.26163485961900823,0.24420736138055382,0.21378620837261197,0.13618284556342228,54459,72128,19013,6733,13962,36.902795272684834,0.9966214770130543
development,apple,bilinear/shadow/1/cap2,0.2459645108966526,0.6520113121999057,1.32407497805672,0.7957592601291756,32.910503605319256,0.9959445133587104,2.0358878597901994e-08,6.359111196437796e-17,0.08772786458333333,0.004895352714422534,0.37280934242598096,0.45525927116061266,0.35930219122632084,0.19260632499750158,54459,72128,19013,6733,13962,33.483862051580346,0.9956102476184138
development,apple,bilinear/none/0.75/cap1.000,0.19285491200361307,0.4766867967762317,1.1583029236455697,0.8175858387703308,36.17388594544942,0.9967375158651272,2.0358878599759358e-08,6.396815129139638e-17,0.05548095703125,0.06798989428806171,0.2734175207124958,0.24488269082951733,0.21569323923747802,0.17552495629353057,54459,72128,19013,6733,13962,36.7762629681329,0.9965813357523218
development,apple,bilinear/adaptive/0.75/cap1.000,0.050342111854718284,0.21289107838189875,0.9896743915136863,0.9047281771929206,42.70153886728358,0.997317036643463,2.0358878602027497e-08,2.7971013056812303e-17,0.0392608642578125,0.00032830956335394584,0.049958003646205534,0.1950539729944131,0.23627124693017323,0.03269075685492158,54459,72128,19013,6733,13962,43.218580297035956,0.9973943147181413
development,apple,bilinear/none/0.75/cap2.322,0.1927667249238525,0.47661744870861217,1.158687928767178,0.8188008849882236,36.182964286646985,0.9967929727924935,2.0358878599761416e-08,6.41921601737103e-17,0.05548095703125,0.06798989428806171,0.2734175207124958,0.24420736138055382,0.21378620837261197,0.17552495629353057,54459,72128,19013,6733,13962,36.78595965253349,0.9966351605494258
development,apple,bilinear/adaptive/0.75/cap2.322,0.050253985491617026,0.2128690148417248,0.9900583286081912,0.9056010241550047,42.74433991754595,0.9973612033460035,2.0358878602030065e-08,2.819432734272539e-17,0.0392608642578125,0.00032830956335394584,0.049958003646205534,0.19437910850866424,0.23436552905292046,0.03269075685492158,54459,72128,19013,6733,13962,43.26206013740504,0.9974372698532703
development,apple,bilinear/offset0.1,0.11103931807886874,0.3794795625124777,1.082190586190535,0.8297565393982668,38.72693115861017,0.9972728427260922,2.0358878602008303e-08,3.759580582775695e-17,0.0431671142578125,0.0006402219433878946,0.17372066195679303,0.18946694155834232,0.22259338649110938,0.09008323322609338,54459,72128,19013,6733,13962,39.296598967422014,0.9972602916527256
development,apple,bilinear/offset0.25,0.05600359174479253,0.2438196444648511,0.9845304204070392,0.879107995671368,41.58835640558187,0.997595635366821,2.0358878601858977e-08,2.4152279091296007e-17,0.029276529947916668,0.00030322976417819785,0.06430344433159585,0.18405988195261488,0.2874455408453665,0.035738533731254976,54459,72128,19013,6733,13962,42.10799141888267,0.9976494476536905
development,apple,bilinear/offset0.4,0.05214947488667975,0.2689996773722581,0.9073672029917812,0.928264938760811,40.66571012344039,0.9976398897651662,2.03588786020092e-08,1.8553995072646018e-17,0.016413370768229168,0.00032721949747700405,0.03575953758474175,0.2627612459882827,0.41092259419152455,0.020601184595075563,54459,72128,19013,6733,13962,41.165092782981105,0.9976833870697613
development,apple,input/native512-u8/none,0.19357755419351347,0.47756199359896473,1.159372728316135,0.8187382874032797,36.162600375956664,0.9967923969025996,2.0358878599603034e-08,6.682069424833176e-17,0.0555877685546875,0.06868075706292041,0.27443008821302134,0.24459649392821603,0.2137806989384328,0.1764484563669033,54459,72128,19013,6733,13962,36.76538796478028,0.9966325947324384
development,apple,input/native512-u8/adaptive,0.05027833409533786,0.2129539818123529,0.9903616752411747,0.9055735876030976,42.74444741746095,0.9973593863709611,2.0358878601948816e-08,2.8182582470847546e-17,0.039271036783854164,0.00032830956335394584,0.04999591120378047,0.19442176145080844,0.2342863227279014,0.03279828459105985,54459,72128,19013,6733,13962,43.2622831835419,0.9974354033100133
development,apple,input/native512-float/none,0.19354374277805703,0.4775741734714188,1.1593649809152882,0.818714715009761,36.16292948357088,0.9967921265244155,2.035887859935541e-08,6.704717656104846e-17,0.055567423502604164,0.06861498540879504,0.2744030995240766,0.2446283435352096,0.21380911827022187,0.17642878568281636,54459,72128,19013,6733,13962,36.7656908141386,0.9966323870704275
development,apple,input/native512-float/adaptive,0.05028051448518885,0.21291337151648393,0.9903604201856308,0.9055732663006248,42.74442621899783,0.9973590525437849,2.0358878601836432e-08,2.8123888915248596e-17,0.039286295572916664,0.00032830956335394584,0.05000420785317015,0.19440698440537257,0.23429191891927512,0.032797946926004795,54459,72128,19013,6733,13962,43.26226077405572,0.9974350916446533
development,apple,input/native1024-float/none,0.19938971220988874,0.5036018747399584,1.1709246913660385,0.8065895953846409,35.790472117317464,0.9964814599722523,2.0358878599250956e-08,6.696102446008339e-17,0.057118733723958336,0.06798977740048731,0.2818219157385787,0.263042953343211,0.23178654934031345,0.17886396307707245,54459,72128,19013,6733,13962,36.387876264413435,0.9963083036788557
development,apple,input/native1024-float/adaptive,0.05212328704991589,0.22404623704597068,0.9970158048693162,0.893358912902136,42.22587603082354,0.9967357349120362,2.0358878601792274e-08,2.810047454355629e-17,0.040522257486979164,0.00032830956335394584,0.050894548346059755,0.20514117713419575,0.2469155913580198,0.03697079914273942,54459,72128,19013,6733,13962,42.74257275864676,0.9968293182272004
development,apple,input/padded512-float/none,0.19334317036611282,0.47747197214147397,1.1593137605373038,0.818677911498819,36.165879067336185,0.9967931715432375,2.0358878599306993e-08,6.694575927848328e-17,0.055567423502604164,0.06835511027648165,0.27419443155396206,0.2446283435352096,0.21380911827022187,0.17630952684893242,54459,72128,19013,6733,13962,36.76846108333855,0.9966338242803103
development,apple,input/padded512-float/adaptive,0.0502775357198598,0.21291337151648393,0.9903573809841479,0.9055796326070121,42.74467234677422,0.9973590801359078,2.0358878601854858e-08,2.814059682784209e-17,0.039286295572916664,0.00032830956335394584,0.04999819481756801,0.19440698440537257,0.23429191891927512,0.032793711188197905,54459,72128,19013,6733,13962,43.26250235911928,0.9974351244747762
development,apple,input/flipY512-float/none,0.19454252711067846,0.4765792104503966,1.1591642028588631,0.8164742629307806,36.13087631747623,0.9967790872833461,2.0358878599325998e-08,6.694446426004127e-17,0.0548248291015625,0.06864038798319459,0.2770432238986738,0.24218857648842612,0.21334384866419054,0.1771453541115131,54459,72128,19013,6733,13962,36.7341478691844,0.9966171082844811
development,apple,input/flipY512-float/adaptive,0.050161816508009535,0.21306808832292637,0.9894816073159679,0.9064073171134434,42.77610919254738,0.9973767632704132,2.0358878601867878e-08,2.8196026577654093e-17,0.038818359375,0.00032830956335394584,0.04952584322624425,0.19531273617172198,0.23761127001712082,0.03260916347422518,54459,72128,19013,6733,13962,43.29394457259484,0.9974523528488806
development,apple,input/flipX512-float/none,0.1942128835361239,0.48545132694483534,1.1604111952537548,0.8177142785574537,36.12615558895706,0.996812615211451,2.0358878599388176e-08,6.689902454815084e-17,0.055511474609375,0.06871253260530805,0.2757616624566361,0.24431929942854463,0.21165506707308246,0.1779284509705304,54459,72128,19013,6733,13962,36.72897448974957,0.9966471833830703
development,apple,input/flipX512-float/adaptive,0.050253013254612844,0.21301051328581005,0.9907756741959302,0.9056053353819521,42.747759899744565,0.9973794889783495,2.0358878601938102e-08,2.804903513370721e-17,0.039306640625,0.00032830956335394584,0.05000635913977158,0.19418822107649986,0.23320131175906406,0.033557071329267364,54459,72128,19013,6733,13962,43.26584937101959,0.9974532025220907
development,apple,input/ensemble512-float/none,0.1940681234878801,0.47958777653717555,1.159614643918314,0.8179871374868835,36.14467037592952,0.9968158752606209,2.0358878599333535e-08,6.707824083108071e-17,0.055333455403645836,0.0686559686379819,0.2757359666704723,0.2434702350902888,0.21225700040344725,0.17715546807900773,54459,72128,19013,6733,13962,36.74763378332856,0.9966526464420293
development,apple,input/ensemble512-float/adaptive,0.05021403412383918,0.21282856049449006,0.990191918126903,0.9060037895887825,42.76225555417888,0.997378742897998,2.035887860178097e-08,2.808954415312969e-17,0.0391387939453125,0.00032830956335394584,0.04983108891506695,0.19455462981403995,0.23494925104656242,0.032944864409158225,54459,72128,19013,6733,13962,43.28017888751272,0.9974535835871962
development,apple,gamma22/full,0.3013836788343215,0.6775915198975502,1.3374957729954216,0.7520706662015632,31.17539361060178,0.9254978568421312,0.003572483902176606,0.003572485889650309,0.09062703450520833,0.1092189275627408,0.40168732678210145,0.47128841087668905,0.3699170516784992,0.2917541247482531,54459,72128,19013,6733,13962,32.418668366501116,0.9239010732933907
development,apple,gamma22/adaptive,0.13301028809645335,0.288517497150516,0.9945982867917306,0.8345528930544815,35.50370175108321,0.9247314255665589,0.003572483902176609,0.0035724858896503116,0.040400187174479164,0.19878375485627434,0.06720507724782575,0.19425475355780727,0.23280218989535728,0.1534808737250519,54459,72128,19013,6733,13962,38.37186202660409,0.9234173881164248
development,apple,learned/scene-scale,0.3194833143715448,0.7191719046124679,1.3951983159873373,0.8188008849882253,31.76916972469656,0.9956277150585938,2.0358878598251904e-08,6.841644136230867e-17,0.09746297200520833,0.09878110091845445,0.42909399570140744,0.5358206950837693,0.4281825588329582,0.2706722107919797,54459,72128,19013,6733,13962,32.352021432300745,0.9950993335839861
development,apple,learned/residual-cnn,0.4803990234163357,0.6089559314950015,1.2736195283990461,0.7821282371208003,30.707123276303022,0.9850899319230948,2.035887859983036e-08,6.406279325568364e-17,0.0615234375,0.5132527336339175,0.5055213089076259,0.29099175403985356,0.24473865401848338,0.41343879302258435,54459,72128,19013,6733,13962,31.6412361611032,0.9819570065496536
development,holdout-01,SDR,0.2916056826765117,1.2074006720233488,0.5874279969220223,,28.386448304065084,0.9529202609337153,0.003175497466728543,0.0,0.0012511460880195598,0.17523620456872038,0.167530255022505,1.1741269639633407,1.3694560019608426,0.21155355650338287,40924,128263,23429,17212,16876,28.92503609752754,0.9523252529488787
development,holdout-01,production/legacy,0.17028688523666116,0.5373787752727865,0.7704312925039486,0.9430026757862046,34.46374313949852,0.9852781468477153,0.0032547683924170497,0.00042211660322237867,0.05840273533007335,0.1754323548778772,0.1130144433064713,0.4748394491401489,0.5706188471510676,0.17585075451285503,40924,128263,23429,17212,16876,35.10394738487425,0.9850735892330079
development,holdout-01,production/v11,0.1394647287156555,0.4932894804581973,0.8062343518381566,0.9035451962999433,35.078437111892654,0.9813289127693863,0.003249062674671659,0.0004131243624636364,0.06310169621026895,0.1733823002842985,0.07413535325394094,0.43786837317213045,0.5418402845302122,0.14433844921719513,40924,128263,23429,17212,16876,35.72186895509974,0.9813281538255024
development,holdout-01,production/v11-bilinear,0.1395284101940109,0.49492469517588533,0.8077047275640631,0.9044561050520038,35.129120014497374,0.9818589878223292,0.003241135857207011,0.00038967484385942175,0.0632783847799511,0.1735506365473844,0.07522976108101516,0.43210649888301683,0.5350903069596392,0.14943362396471072,40924,128263,23429,17212,16876,35.77651916543817,0.9818510481895306
development,holdout-01,production/full-edge,0.22166081625340117,0.5434874919878344,1.0113456861454864,0.7972019509415705,33.940106650623704,0.9751486187614784,0.003252977909178056,0.00030597817268406387,0.09245587561124695,0.08926160791062507,0.2514792464031445,0.28968351871288445,0.30592674302357475,0.14126027670844699,40924,128263,23429,17212,16876,34.61011892470031,0.975410026733023
development,holdout-01,production/full-bilinear,0.21976206109986263,0.5383992719310355,1.0147959222289211,0.8009223117828324,34.02253874973967,0.9759576744326615,0.003245723950197873,0.0002789954703720489,0.09257048441320294,0.09014106765062359,0.24893842041975708,0.28644703102896957,0.3002995633039693,0.1407515484377229,40924,128263,23429,17212,16876,34.69541252164948,0.9762028328454794
development,holdout-01,edge/none/0.5/cap2,0.173538476422924,0.6762639052818955,0.7624336601822572,0.7972019509415705,32.7267285900294,0.967074506699922,0.0031754974667285427,6.525768504437733e-17,0.04751967451100245,0.11933700116565316,0.10645437324637723,0.6354681148693778,0.7868795003482818,0.12562356397497965,40924,128263,23429,17212,16876,33.281421007491815,0.9672406232232938
development,holdout-01,edge/none/0.75/cap2,0.18263479888137116,0.4823806688763472,0.8756492728071528,0.7972019509415699,34.36328983385776,0.971867938898203,0.003175497466728542,6.527183049662773e-17,0.0699591228606357,0.09893893524724229,0.16806045535169875,0.40861621283456817,0.5060491330142499,0.12289245093617457,40924,128263,23429,17212,16876,34.98082676642521,0.9721643559273956
development,holdout-01,edge/none/1/cap2,0.22166081625340117,0.5434874919878344,1.0113456838279495,0.7972019509415705,33.940106720236145,0.9751486249259352,0.003175497466728542,6.529889480069862e-17,0.09245587561124695,0.08926160791062508,0.2514792464031445,0.28968351871288445,0.30592674302357475,0.141260276708447,40924,128263,23429,17212,16876,34.61011915613995,0.9754100273130769
development,holdout-01,edge/linear/0.5/cap2,0.2196023606652469,0.7511458908311051,0.6921368194554124,0.9313089287409365,31.845192027293713,0.9773602148734003,0.003175497466728542,2.8867089945699716e-17,0.0441291641198044,0.17523620456872038,0.14403503197456935,0.7107941679103975,0.8349848536313907,0.2020856941018245,40924,128263,23429,17212,16876,32.4234120148255,0.9769641641796372
development,holdout-01,edge/linear/0.75/cap2,0.18383664002196273,0.5769478205939585,0.7616347373727235,0.9313089287409381,34.03692622130042,0.9846976312754789,0.0031754974667285427,2.879554257801845e-17,0.05848869193154034,0.17523620456872038,0.13231441576831618,0.48091971099955294,0.5689979315617655,0.19735178398309192,40924,128263,23429,17212,16876,34.67789448055735,0.9844429498785863
development,holdout-01,edge/linear/1/cap2,0.15355175854797362,0.4521849396196682,0.8465118393741594,0.9313089287409365,36.29702819581609,0.9891364657578156,0.0031754974667285427,2.8869779955950325e-17,0.07014058679706602,0.17523620456872038,0.1216428975859779,0.2903613519841176,0.3401871569501376,0.1926191945011555,40924,128263,23429,17212,16876,37.058378492008934,0.9890018471560931
development,holdout-01,edge/perceptual/0.5/cap2,0.17237791394690002,0.6810626761784061,0.7407299771121126,0.8478850099108378,32.690928940643765,0.9713357688102104,0.003175497466728542,5.846591912809567e-17,0.04751967451100245,0.17482257879622737,0.08675807324199025,0.6368370101114811,0.7873407867264455,0.16711064820471505,40924,128263,23429,17212,16876,33.26696152511645,0.9713060105977879
development,holdout-01,edge/perceptual/0.75/cap2,0.15197230858225627,0.4686767373117413,0.8407916592500625,0.8478850099108414,35.04714833968323,0.9771088776652128,0.003175497466728542,5.831503631435113e-17,0.06972512988997555,0.17461590838294305,0.09785191602810767,0.40870444533284106,0.5067026416713829,0.15044918241615282,40924,128263,23429,17212,16876,35.70157628477843,0.9772494453717867
development,holdout-01,edge/perceptual/1/cap2,0.15880190573308178,0.4526649889061476,0.9614944109915307,0.8478850099108378,36.007168781265605,0.9807169539146854,0.0031754974667285427,5.834505343201867e-17,0.0909182075183374,0.17440936080482097,0.1302647410783887,0.28776783935163325,0.30633389047330545,0.14169496780967838,40924,128263,23429,17212,16876,36.7471638000552,0.9809356769391746
development,holdout-01,edge/adaptive/0.5/cap2,0.18531101930465926,0.7114465033583316,0.7173301150503087,0.9030379064210216,32.37415876476062,0.9746514893290099,0.003175497466728542,5.835705523785772e-17,0.04563340464547677,0.17501571708194935,0.09994957511842394,0.670608721461016,0.8095922838868256,0.1827041123355881,40924,128263,23429,17212,16876,32.950240012768866,0.9744515060068307
development,holdout-01,edge/adaptive/0.75/cap2,0.14675022861939638,0.5093117480316545,0.8020930115641779,0.9030379064210204,34.94137007906721,0.9817135021397113,0.0031754974667285427,5.835449526004142e-17,0.0633643413814181,0.17490552195311748,0.0854442620772484,0.4331926701323216,0.5340249977475361,0.16893877661816598,40924,128263,23429,17212,16876,35.59217814568787,0.9816746331306202
development,holdout-01,edge/adaptive/1/cap2,0.12879103986977494,0.3848470164259361,0.9044328957403868,0.9030379064210214,37.26151074867052,0.9863936602632669,0.0031754974667285427,5.846616530480061e-17,0.07928063875305623,0.1747953268242856,0.08790555886275979,0.27226344633511224,0.3150116611567082,0.15696187728119723,40924,128263,23429,17212,16876,38.05654880752015,0.9864612719572213
development,holdout-01,edge/shadow/0.5/cap2,0.18346015943958371,0.6775322300269737,0.7590707032636173,0.7707422796149452,32.651292132051445,0.9668751610428906,0.003175497466728542,6.511764535336042e-17,0.04751967451100245,0.17236412798511347,0.1044350282909134,0.6354681148693778,0.7868795003482818,0.1500787323637488,40924,128263,23429,17212,16876,33.22746045988059,0.9670199092862445
development,holdout-01,edge/shadow/0.75/cap2,0.18707785178658007,0.4899382219542717,0.8704433541117683,0.7707422796149477,34.317327464831685,0.9711476379363166,0.003175497466728542,6.531877418162391e-17,0.0699591228606357,0.17093176870776558,0.15176244549578766,0.40861621283456817,0.5060491330142499,0.14324128996371627,40924,128263,23429,17212,16876,34.97025389376884,0.9714581105819227
development,holdout-01,edge/shadow/1/cap2,0.21799772953754462,0.5458514965176061,1.0041798860814692,0.7707422796149451,34.032706899530716,0.9736709513022497,0.0031754974667285427,6.518808884308908e-17,0.09245587561124695,0.16950354363772327,0.2203760436980996,0.28968351871288445,0.30592674302357475,0.15164436027324743,40924,128263,23429,17212,16876,34.73607462845972,0.9740080497838185
development,holdout-01,edge/none/0.75/cap1.000,0.18625806892446709,0.49415905734988497,0.8621063786825415,0.772522804021101,33.88778908744075,0.9700492196452357,0.0031754974667285427,6.358038286358666e-17,0.06994002139364303,0.09893893524724229,0.16805403125675764,0.4384392422558156,0.5468979308062736,0.12289809231239224,40924,128263,23429,17212,16876,34.48569185135881,0.9703559422487928
development,holdout-01,edge/adaptive/0.75/cap1.000,0.15036836703145318,0.5233915252531183,0.7890732981850679,0.8904729286073054,34.403609983252366,0.9800317385705118,0.0031754974667285427,5.682791775610371e-17,0.0633643413814181,0.17490552195311748,0.0854442620772484,0.4629383420934266,0.574514850662754,0.16894357154531914,40924,128263,23429,17212,16876,35.02833824450802,0.9800001540834602
development,holdout-01,edge/none/0.75/cap2.322,0.18263479888137116,0.4823806688763472,0.8756492728071528,0.7972019509415699,34.36328983385776,0.971867938898203,0.003175497466728542,6.527183049662773e-17,0.0699591228606357,0.09893893524724229,0.16806045535169875,0.40861621283456817,0.5060491330142499,0.12289245093617457,40924,128263,23429,17212,16876,34.98082676642521,0.9721643559273956
development,holdout-01,edge/adaptive/0.75/cap2.322,0.14675022861939638,0.5093117480316545,0.8020930115641779,0.9030379064210204,34.94137007906721,0.9817135021397113,0.0031754974667285427,5.835449526004142e-17,0.0633643413814181,0.17490552195311748,0.0854442620772484,0.4331926701323216,0.5340249977475361,0.16893877661816598,40924,128263,23429,17212,16876,35.59217814568787,0.9816746331306202
development,holdout-01,edge/offset0.1,0.16825684427072501,0.5348925698233341,0.8172435714972941,0.8060035349492937,34.111665973406446,0.9713861697314833,0.0031754974667285427,5.477452505881911e-17,0.06111036827628362,0.16514868802368468,0.11163158454622851,0.48368319086242667,0.5990048835184023,0.1400016371060609,40924,128263,23429,17212,16876,34.73035850269996,0.9715671687073967
development,holdout-01,edge/offset0.25,0.1863814642871743,0.676381809102445,0.7417952765631318,0.8479635594973098,32.82997549999025,0.970245994556284,0.0031754974667285427,3.138548626790097e-17,0.049219705073349634,0.17514837414479112,0.11124188867834438,0.6173571938233154,0.7458404740160228,0.1834585715880544,40924,128263,23429,17212,16876,33.420842011530766,0.9701754668627919
development,holdout-01,edge/offset0.4,0.22351279662957405,0.8179042505683409,0.6856820706343192,0.8574363940745271,31.423777453720902,0.9677123689933589,0.0031754974667285427,1.7210766119588715e-17,0.03881895629584352,0.17523577506153157,0.1403962398864094,0.7628643587192538,0.8953437253169051,0.20223409590889166,40924,128263,23429,17212,16876,31.995663807680966,0.9674095430552264
development,holdout-01,bilinear/none/0.5/cap2,0.17268018304985605,0.6739131960162632,0.7634141859757313,0.8009223117828324,32.777054596338374,0.9678485865892772,0.0031754974667285427,6.514490961819958e-17,0.047944682151589244,0.12081911973376101,0.10565781291643546,0.6301838074286517,0.7809989731883965,0.1289075156601563,40924,128263,23429,17212,16876,33.33347940415134,0.968002985123055
development,holdout-01,bilinear/none/0.75/cap2,0.1810320541626125,0.478036786592217,0.8776061763025009,0.8009223117828291,34.45349636619318,0.9727502191426932,0.0031754974667285427,6.524577934106887e-17,0.070369804400978,0.10034896866364694,0.16647024618933753,0.4016823493965463,0.4976476809218891,0.12512033874290449,40924,128263,23429,17212,16876,35.07470553324493,0.9730328042902444
development,holdout-01,bilinear/none/1/cap2,0.21976206109986263,0.5383992719310355,1.0147959202376127,0.8009223117828325,34.02253895525448,0.9759576811173102,0.003175497466728542,6.525634863626914e-17,0.09257048441320294,0.09014106765062357,0.24893842041975708,0.28644703102896957,0.3002995633039693,0.1407515484377229,40924,128263,23429,17212,16876,34.695412856057914,0.9762028342131541
development,holdout-01,bilinear/linear/0.5/cap2,0.21902523734106752,0.7488019593053573,0.6934465846630524,0.9312967603836966,31.888096890273626,0.9777512358825058,0.0031754974667285427,2.870472133810878e-17,0.04439658465770171,0.17523620456872038,0.14404296269547437,0.7060060675106543,0.8292506049085638,0.20267001766952486,40924,128263,23429,17212,16876,32.46743688479241,0.977355722727932
development,holdout-01,bilinear/linear/0.75/cap2,0.18296485248230807,0.5742242985841944,0.7641042612337304,0.9312967603836985,34.108912303497256,0.9850636667096057,0.0031754974667285427,2.881886332698095e-17,0.05868925733496332,0.17523620456872038,0.1323257085935461,0.4736906922458462,0.5603904472107658,0.19822826037291869,40924,128263,23429,17212,16876,34.7532285950217,0.9848117724477318
development,holdout-01,bilinear/linear/1/cap2,0.1526903995753051,0.4496904888656322,0.8506664459149307,0.9312967603836966,36.37596703322562,0.9893635291408526,0.0031754974667285427,2.873276670949375e-17,0.07056559443765281,0.17523620456872038,0.12163842715317066,0.28330436582353197,0.331866074223937,0.19379188541810277,40924,128263,23429,17212,16876,37.14398566136075,0.9892321840429159
development,holdout-01,bilinear/perceptual/0.5/cap2,0.1718303655080514,0.6787125256828234,0.7419783553688226,0.8502762869883802,32.73916793758004,0.9719596490237572,0.0031754974667285427,5.836528284286279e-17,0.047944682151589244,0.17483253892795853,0.08689488850163149,0.6315690714809122,0.7814539197862792,0.16935452977878662,40924,128263,23429,17212,16876,33.31663195627859,0.9719222179853406
development,holdout-01,bilinear/perceptual/0.75/cap2,0.15124859718719552,0.46650696793818835,0.8431895467645059,0.8502762869883783,35.12871514497797,0.977780429575123,0.003175497466728542,5.84652574256187e-17,0.07018356509779951,0.17463084946562113,0.09802931839416384,0.40175732840015127,0.4982899199836093,0.15316945914334926,40924,128263,23429,17212,16876,35.78757403620107,0.977912345476446
development,holdout-01,bilinear/perceptual/1/cap2,0.15857089919618106,0.44883080018030214,0.9655904835654555,0.8502762869883802,36.06642862966626,0.98127679899974,0.0031754974667285427,5.843476514600393e-17,0.09098506265281174,0.17442927903447394,0.13051673424077112,0.28445433524438835,0.30068781574357983,0.14382010529997408,40924,128263,23429,17212,16876,36.8114573165241,0.9814848909624697
development,holdout-01,bilinear/adaptive/0.5/cap2,0.18486002500723614,0.7078356352824872,0.7186099119005066,0.904018151762139,32.419986009841274,0.975165275319578,0.0031754974667285427,5.817361921897281e-17,0.04598678178484108,0.17502102670797404,0.10018963183585891,0.6655775035910158,0.8037761557925479,0.18417085899489516,40924,128263,23429,17212,16876,32.9973776892366,0.974961708520682
development,holdout-01,bilinear/adaptive/0.75/cap2,0.14596654198012568,0.5069175580087599,0.8045305757113209,0.9040181517621375,35.02231045061394,0.9822371337927924,0.003175497466728542,5.817737361797934e-17,0.06384665342298289,0.17491348433939183,0.0856042647194152,0.42585992621248303,0.5254406058486627,0.17114848565189003,40924,128263,23429,17212,16876,35.67744665249506,0.9821956388623949
development,holdout-01,bilinear/adaptive/1/cap2,0.1282950417162693,0.3841952169054834,0.9085672755417478,0.9040181517621392,37.34080244852744,0.9867851848145084,0.0031754974667285427,5.854383795778421e-17,0.07970087102689487,0.17480594347412404,0.08816475106940207,0.26674821196257426,0.3079898920570346,0.1595818134827854,40924,128263,23429,17212,16876,38.14408534650704,0.9868499765049762
development,holdout-01,bilinear/shadow/0.5/cap2,0.1826423161314047,0.6753743931518105,0.7601377763241292,0.7753799221379842,32.70160117049415,0.967639985130072,0.0031754974667285427,6.521475744727039e-17,0.047944682151589244,0.1724356127224967,0.10414929422097809,0.6301838074286517,0.7809989731883965,0.1528136585918331,40924,128263,23429,17212,16876,33.279149369839686,0.9677716386197875
development,holdout-01,bilinear/shadow/0.75/cap2,0.1858418415518598,0.4860116831723369,0.8725381152559109,0.7753799221379856,34.4023031413468,0.972024708051988,0.0031754974667285427,6.529973984734655e-17,0.070369804400978,0.17103867016437194,0.15113875280115532,0.4016823493965463,0.4976476809218891,0.1453977840734023,40924,128263,23429,17212,16876,35.058872348084805,0.9723186445576557
development,holdout-01,bilinear/shadow/1/cap2,0.21683730084681702,0.5406902875483812,1.007825305570564,0.7753799221379842,34.103759500992744,0.9744873649955262,0.003175497466728542,6.534219449778837e-17,0.09257048441320294,0.16964568586080267,0.21917923330785402,0.28644703102896957,0.3002995633039693,0.15178881567296176,40924,128263,23429,17212,16876,34.810235444712006,0.9748037240316169
development,holdout-01,bilinear/none/0.75/cap1.000,0.18503965096941818,0.49170122832799845,0.8625942912443525,0.7741586832193802,33.925250813522624,0.9706581314198994,0.0031754974667285427,6.348084310834353e-17,0.070341152200489,0.10034896866364694,0.16646048946493522,0.43468327531236406,0.5428258899438362,0.12512033874290449,40924,128263,23429,17212,16876,34.52429077420535,0.9709525626232556
development,holdout-01,bilinear/adaptive/0.75/cap1.000,0.14996531124809148,0.5236793467357621,0.7900798936732297,0.8902705633586212,34.426496873895076,0.9803500054523212,0.003175497466728542,5.658775630196165e-17,0.06384665342298289,0.17491348433939183,0.0856042647194152,0.4587348650198798,0.5701900214493192,0.17114848565189003,40924,128263,23429,17212,16876,35.052292801418645,0.9803152962041507
development,holdout-01,bilinear/none/0.75/cap2.322,0.1810320541626125,0.478036786592217,0.8776061763025009,0.8009223117828291,34.45349636619318,0.9727502191426932,0.0031754974667285427,6.524577934106887e-17,0.070369804400978,0.10034896866364694,0.16647024618933753,0.4016823493965463,0.4976476809218891,0.12512033874290449,40924,128263,23429,17212,16876,35.07470553324493,0.9730328042902444
development,holdout-01,bilinear/adaptive/0.75/cap2.322,0.14596654198012568,0.5069175580087599,0.8045305757113209,0.9040181517621375,35.02231045061394,0.9822371337927924,0.003175497466728542,5.817737361797934e-17,0.06384665342298289,0.17491348433939183,0.0856042647194152,0.42585992621248303,0.5254406058486627,0.17114848565189003,40924,128263,23429,17212,16876,35.67744665249506,0.9821956388623949
development,holdout-01,bilinear/offset0.1,0.16729597626344717,0.532011850344898,0.8190788101374997,0.8100013385883919,34.192029913972256,0.9723122143603037,0.0031754974667285427,5.437836824593741e-17,0.061511499083129584,0.16663750789376844,0.11108997580512114,0.4761481422264419,0.5903390790716898,0.14525530118004482,40924,128263,23429,17212,16876,34.81468891503778,0.9724787340676146
development,holdout-01,bilinear/offset0.25,0.18569888549213387,0.6725480528812677,0.7436211749021396,0.8516497508859606,32.89799933298016,0.9712295648299054,0.0031754974667285427,3.0718409793901e-17,0.049702017114914426,0.1751320971232285,0.11166426461725992,0.6094616506329015,0.737012834711137,0.18754857901652613,40924,128263,23429,17212,16876,33.4913256328927,0.971146018079646
development,holdout-01,bilinear/offset0.4,0.22287898595276426,0.8138040427197364,0.6874221395513771,0.8602029791174879,31.48173054587059,0.9686366948225633,0.0031754974667285427,1.7018342142505207e-17,0.03929171760391198,0.17523599400539933,0.14086068221791953,0.7551106430613199,0.8865080833328818,0.20418352958206473,40924,128263,23429,17212,16876,32.05515985033923,0.9683235069329856
development,holdout-01,input/native512-u8/none,0.17746899656812723,0.45814269678971903,0.8894866328427748,0.810392913429778,34.72416256173036,0.9745248959033428,0.0031754974667285427,6.560344221398258e-17,0.07363137988997555,0.10235769135645288,0.16557056048636962,0.3738061924210038,0.4599653240771373,0.1254442130087914,40924,128263,23429,17212,16876,35.35828298988021,0.9748049423346213
development,holdout-01,input/native512-u8/adaptive,0.14192308525480443,0.4833643693835904,0.8156580188201724,0.9068539341152919,35.3807060568886,0.9834376218408316,0.0031754974667285427,5.847668561364045e-17,0.06648743123471883,0.17492902197246865,0.08540732899393261,0.3936685925771194,0.48686365940677173,0.17206448584348036,40924,128263,23429,17212,16876,36.05244955868137,0.9834140720027039
development,holdout-01,input/native512-float/none,0.1774711569217224,0.45826869599499526,0.8894582015886203,0.8103720101172173,34.7235607359623,0.9745226481303105,0.0031754974667285427,6.530880286764822e-17,0.07365048135696821,0.10235731508777894,0.16556501008321226,0.37385499640100583,0.4600379274743123,0.1254461102624447,40924,128263,23429,17212,16876,35.35765146784078,0.9748026893548587
development,holdout-01,input/native512-float/adaptive,0.14192870648711006,0.4833593068719168,0.8156324052203536,0.9068435091607153,35.37982148905368,0.9834353453572728,0.0031754974667285427,5.831740596144352e-17,0.06649698196821516,0.17492903066326648,0.08540634349351874,0.393720186194395,0.48693567300005175,0.17206655698278867,40924,128263,23429,17212,16876,36.05151593314894,0.9834117955640418
development,holdout-01,input/native1024-float/none,0.16462789330061314,0.40306202980934375,0.9072529655654921,0.8503909893932425,35.60840546115596,0.9813190633896073,0.003175497466728542,6.533018408304438e-17,0.07776207212713937,0.10829007195730934,0.15515956959231503,0.31486924395368415,0.3866568057600415,0.12132282956836989,40924,128263,23429,17212,16876,36.274866603507654,0.9815528565417678
development,holdout-01,input/native1024-float/adaptive,0.13280018043654668,0.43544220133201067,0.8337565630537003,0.923661054560584,36.23178626204742,0.9875348867820478,0.003175497466728542,5.830188011950206e-17,0.06991136919315404,0.1749603420751938,0.08265255466634051,0.33369319632557154,0.41572764108278076,0.1683531433777989,40924,128263,23429,17212,16876,36.946489213971574,0.987526621242398
development,holdout-01,input/padded512-float/none,0.17749361346872805,0.4586070956466101,0.8893089238954627,0.810359160040876,34.727247067244576,0.9745677544725672,0.0031754974667285427,6.529798775209047e-17,0.07361227842298289,0.10279780618759819,0.16549052395078082,0.37367797848701434,0.4598027110569682,0.1262440457655921,40924,128263,23429,17212,16876,35.36175292286083,0.9748460076451442
development,holdout-01,input/padded512-float/adaptive,0.14194226780886365,0.4823450168352,0.8155854993408649,0.9069978670046114,35.380828009069546,0.9834659517434592,0.003175497466728542,5.829667491987603e-17,0.06642535146699266,0.1749298480034237,0.08542040900669344,0.39375324752035734,0.48686809555373617,0.17234889699265166,40924,128263,23429,17212,16876,36.05263306636209,0.9834412196853317
development,holdout-01,input/flipY512-float/none,0.17797859958863377,0.458592323187481,0.8899859226189846,0.8091647076252076,34.70647481782244,0.9744827536007669,0.0031754974667285427,6.530373101558998e-17,0.07406116289731052,0.10240237952256696,0.16634041541598898,0.37370311393067374,0.45962517371669837,0.12570902164544634,40924,128263,23429,17212,16876,35.34040411599193,0.9747630362337967
development,holdout-01,input/flipY512-float/adaptive,0.14184832867184022,0.4827568747696482,0.8158992584158733,0.9063993982402456,35.3795693407871,0.9834287939154578,0.0031754974667285427,5.843307064520537e-17,0.06666889517114914,0.17492887436971824,0.08544533901978565,0.3928461693650629,0.48646295035513226,0.1720091233240817,40924,128263,23429,17212,16876,36.05112843899283,0.9834051906690782
development,holdout-01,input/flipX512-float/none,0.17722478979090744,0.4554815643349772,0.8903839698910098,0.8113805227953147,34.746144468234476,0.9746660083294029,0.0031754974667285427,6.543436813651153e-17,0.07372688722493888,0.1023859113380581,0.16552852227705273,0.37197935131440224,0.45733867428641867,0.12621970047713346,40924,128263,23429,17212,16876,35.38104400894545,0.9749461678344794
development,holdout-01,input/flipX512-float/adaptive,0.14156616736235642,0.4812877292735851,0.816484502448634,0.9070753256996823,35.4062320340524,0.9835331755670771,0.0031754974667285427,5.844452137075289e-17,0.06649698196821516,0.17492955596740983,0.08523334640424199,0.3916858181915604,0.4843618822833422,0.17200917053001522,40924,128263,23429,17212,16876,36.0790823137043,0.9835096026555649
development,holdout-01,input/ensemble512-float/none,0.1772487575515344,0.45578707982504174,0.8898187323373765,0.8118243033990086,34.743848400392274,0.9746777444473078,0.0031754974667285427,6.53604346378997e-17,0.0737937423594132,0.102245620022831,0.16553857200732802,0.37236642918417806,0.45845836722675243,0.12521534117860936,40924,128263,23429,17212,16876,35.378355686366845,0.9749563523967564
development,holdout-01,input/ensemble512-float/adaptive,0.1416253518813747,0.48194270241196246,0.8159233115191525,0.9075022635576819,35.399129756178986,0.9835227021966262,0.003175497466728542,5.839066860895954e-17,0.06644445293398533,0.1749291527974144,0.08522180023849933,0.3922363039357569,0.48560592014949355,0.17198948813252157,40924,128263,23429,17212,16876,36.071504466059096,0.9834986957261117
development,holdout-01,gamma22/full,0.2746805178612966,0.6520235684142945,1.0224737785266884,0.6877664661119035,32.370282556894004,0.961787793337114,0.005240133212599013,0.0032897274116038618,0.0945283847799511,0.33486256635686285,0.25296064727282386,0.2884653831417921,0.2975604959955297,0.2261232926342789,40924,128263,23429,17212,16876,33.55391024002864,0.9627941725132977
development,holdout-01,gamma22/adaptive,0.21073524673600022,0.7287236182708496,0.8100449764876465,0.7686593283586158,33.03792157333694,0.9683670704615083,0.005240133212599014,0.0032897274116038618,0.06515510391198044,0.44959814080584287,0.09722425833389545,0.4149281200342599,0.5142816600350357,0.28465312704551493,40924,128263,23429,17212,16876,34.392961716993774,0.9688774677478305
development,holdout-01,learned/scene-scale,0.22701037355181541,0.5544328552144074,1.034971524474922,0.8009223117828305,33.79935195735503,0.9762578067703107,0.0031754974667285427,6.530198051376226e-17,0.09522081295843521,0.08949248509947395,0.2607190123149755,0.2826768950996584,0.286920067407439,0.1439899114864502,40924,128263,23429,17212,16876,34.47273650406585,0.9764857652864839
development,holdout-01,learned/residual-cnn,0.3069137708959771,0.5113330778730698,0.896324815103786,0.8180890283480116,32.42316887925334,0.9702652444996718,0.0031754974667285427,6.542761998657161e-17,0.068445331601467,0.29892865739928826,0.28850940967359445,0.4216169749680651,0.5321868404347062,0.2703560169312683,40924,128263,23429,17212,16876,33.11951259340685,0.9697463866520809
development,holdout-02,SDR,1.1004608976861026,1.70410520434776,0.39670465818070655,,21.76479008309571,0.9515088213618131,0.003361153546474521,0.0,0.0,0.9278170667396001,1.0963702356385683,1.8603263743804879,1.703412167199037,0.8448278004318867,39877,127581,9747,18117,17748,22.46341827689917,0.9430736377565017
development,holdout-02,production/legacy,1.0435766704735623,1.4547684014583941,0.4450310019264236,0.5327628671693642,22.43170023813129,0.960640265340365,0.0036279487714582595,0.0008946831411843196,0.012657122905027933,0.926418078694632,1.0595639244237023,1.3136354904341254,1.2946102974873457,0.8138234934570641,39877,127581,9747,18117,17748,23.15828262514355,0.953332315785513
development,holdout-02,production/v11,0.9220598484683583,1.3766792932672154,0.507348950151586,0.5894455252885585,23.55779683318362,0.9598518255984337,0.0036302823465357457,0.0008982235096620722,0.020627836941340783,0.9253680619403485,0.9037092506032414,1.1487209747233011,1.0733953945150927,0.7431694402984726,39877,127581,9747,18117,17748,24.31544846167267,0.9542251047334349
development,holdout-02,production/v11-bilinear,0.9216893771264357,1.3756660436589023,0.5082142101206796,0.5914863897099922,23.564800815745073,0.960241440898002,0.0036299209749817564,0.0008977196268039756,0.021347983589385475,0.9254017468381687,0.9039938612891646,1.1381224784950716,1.066745461043192,0.7450848313218299,39877,127581,9747,18117,17748,24.323026820644344,0.9546190932938378
development,holdout-02,production/full-edge,0.674569234324055,1.1519137067289162,0.6190434152157874,0.5920924850851753,26.01180007049083,0.9661829622750814,0.003633011415717298,0.0008939410732662819,0.04204674406424581,0.799904314109276,0.619805065064412,0.8786197628681458,0.7969195559062321,0.5302092670919584,39877,127581,9747,18117,17748,26.809234774710365,0.9632179591940655
development,holdout-02,production/full-bilinear,0.6748009043906931,1.1509123476852428,0.6204059108782065,0.5940224767040001,26.01761118363171,0.9666560845927752,0.0036328577514749345,0.0008929933452780476,0.04308877444134078,0.8018400020256831,0.6206375692083108,0.864015469848068,0.7875015123427446,0.5324428161312854,39877,127581,9747,18117,17748,26.816864678898796,0.963711405158923
development,holdout-02,edge/none/0.5/cap2,0.8859073226702037,1.372465669508751,0.4936366530553264,0.5967557821265382,23.698823824840318,0.9633551113142469,0.0033611535464745214,5.83147216781461e-17,0.004615485335195531,0.8615264050718211,0.8565841673826293,1.3694730686243168,1.2501640700004413,0.6794214951291004,39877,127581,9747,18117,17748,24.426493578996595,0.957757707904436
development,holdout-02,edge/none/0.75/cap2,0.7787891691228308,1.2472945822154555,0.5523039401989996,0.5967557821265375,24.815321550193424,0.9662790628889318,0.003361153546474521,5.86275362888781e-17,0.022046307611731843,0.8284587889150445,0.7368871789260745,1.1240464157462313,1.0235400214011432,0.5979152033698576,39877,127581,9747,18117,17748,25.570098531543447,0.9620101200137661
development,holdout-02,edge/none/1/cap2,0.6728044476465115,1.1447731638472272,0.6191802382698557,0.5967860329090053,26.032455202977953,0.9672331962079662,0.0033611535464745214,5.849840108184612e-17,0.04204674406424581,0.7959303857990904,0.61859594549356,0.8786197628681458,0.7969165443845624,0.5216973954906803,39877,127581,9747,18117,17748,26.827410589839676,0.9642098849695829
development,holdout-02,edge/linear/0.5/cap2,1.0642941314387777,1.5233925534490578,0.4256830246139886,0.6274602831273511,22.21191861835639,0.9634003369047764,0.003361153546474521,2.8452365757716e-17,0.002989699720670391,0.9278170667396001,1.0733725249567765,1.5038206919793797,1.4390710249117122,0.8345041784722329,39877,127581,9747,18117,17748,22.927480775531166,0.95512277069837
development,holdout-02,edge/linear/0.75/cap2,1.0462107483151148,1.4494735501089613,0.4426903187134777,0.6274602831273498,22.425508080995755,0.9668607952939127,0.003361153546474521,2.85867395176164e-17,0.01210064594972067,0.9278170667396001,1.0618736696158808,1.3255678507788256,1.3069004537680498,0.829342367492406,39877,127581,9747,18117,17748,23.150297205119283,0.9587858752668477
development,holdout-02,edge/linear/1/cap2,1.0281273651914522,1.4395625663220868,0.4617035458397479,0.6274602831273514,22.62930054385358,0.9688385455859948,0.003361153546474521,2.858727800546388e-17,0.021533475907821228,0.9278170667396001,1.0503748142749847,1.1473150095782718,1.1747298826243877,0.8241805565125793,39877,127581,9747,18117,17748,23.363596200863643,0.9610105280476978
development,holdout-02,edge/perceptual/0.5/cap2,0.9746448161233056,1.4382694356386192,0.46973050636856034,0.6396820430164902,23.02821567227982,0.9630255332244875,0.0033611535464745206,5.162320173583469e-17,0.004615485335195531,0.9274023007211895,0.959000349440742,1.3726982161970016,1.2671970702461992,0.7837925689092281,39877,127581,9747,18117,17748,23.763492949568885,0.9560913155289631
development,holdout-02,edge/perceptual/0.75/cap2,0.911736775341907,1.3622908290042823,0.5136706844525051,0.639682043016491,23.689231729586112,0.9661930244036109,0.0033611535464745214,5.168652831567836e-17,0.02196992842178771,0.9271949177119843,0.8903154063418289,1.1288841371052585,1.0490895217697804,0.753274953147899,39877,127581,9747,18117,17748,24.450184850026275,0.9599934927448478
development,holdout-02,edge/perceptual/1/cap2,0.8488350877801346,1.3250828602293925,0.563615403829028,0.6396820430164905,24.353688905831827,0.9677432460833884,0.003361153546474521,5.167033744668028e-17,0.040715563896648044,0.9269875347027788,0.821639287615541,0.8850700580135152,0.8309819732933614,0.7227739367593708,39877,127581,9747,18117,17748,25.14559636402382,0.9622409070177127
development,holdout-02,edge/adaptive/0.5/cap2,0.982825054154261,1.4449434494034743,0.4654813692440333,0.6445387854570322,22.95201863123657,0.9631950286468569,0.003361153546474521,5.164086236268487e-17,0.004419081703910615,0.9274401469082553,0.9694364762147957,1.3846627589192027,1.2828800663241724,0.7884198550820056,39877,127581,9747,18117,17748,23.68521116490109,0.9561386740330315
development,holdout-02,edge/adaptive/0.75/cap2,0.9240071323883401,1.369205030914425,0.5066315566346437,0.6445387854570317,23.57060581839744,0.9665444413855095,0.0033611535464745214,5.173853035165209e-17,0.02072058310055866,0.9272516869925829,0.9059695965029094,1.14683095118856,1.0726140158867403,0.7602158824070652,39877,127581,9747,18117,17748,24.327518478360822,0.9601764884104673
development,holdout-02,edge/adaptive/1/cap2,0.8651905826138443,1.3344260269930222,0.5532275331741199,0.6445387854570322,24.192281312490678,0.9683315884882842,0.003361153546474521,5.1760466068617346e-17,0.038216873254189945,0.9270632270769105,0.8425046224332463,0.9089991434579173,0.8623479654493081,0.7320176247236809,39877,127581,9747,18117,17748,24.977482202266565,0.9626246032446185
development,holdout-02,edge/shadow/0.5/cap2,0.9137618350241791,1.3978142331089098,0.49107905160226867,0.6022499014449159,23.54051555361742,0.961852879853313,0.0033611535464745214,5.829759106989611e-17,0.004615485335195531,0.9247831679938885,0.8755013174805508,1.3694730686243168,1.2501640700004413,0.7378611877258525,39877,127581,9747,18117,17748,24.282989188055602,0.955757619417275
development,holdout-02,edge/shadow/0.75/cap2,0.8204630468825108,1.2889725304810185,0.5482993740694591,0.6022499014449166,24.52879811439344,0.9644193509908909,0.0033611535464745214,5.84752482946553e-17,0.022046307611731843,0.9232662186210325,0.7651373386992255,1.1240464157462313,1.0235400214011432,0.6847133707962214,39877,127581,9747,18117,17748,25.30852181462988,0.9593635620065364
development,holdout-02,edge/shadow/1/cap2,0.7279401964028963,1.2165170057561492,0.6136023213027102,0.6022499014449159,25.56574224628806,0.9653207872876942,0.0033611535464745214,5.854294306161787e-17,0.04204674406424581,0.9217492692481769,0.6558511068661468,0.8786197628681458,0.7969165443845624,0.6345077954694417,39877,127581,9747,18117,17748,26.397182672272642,0.9612002815407553
development,holdout-02,edge/none/0.75/cap1.000,0.7787727948700204,1.2472945822154555,0.5522975219321486,0.5971546561955714,24.815390599193982,0.9663018275332315,0.003361153546474521,5.861905876422918e-17,0.022046307611731843,0.8284515880205005,0.7368666864593472,1.1240464157462313,1.0235400214011432,0.5977473497169667,39877,127581,9747,18117,17748,25.570167009753032,0.9620305673972214
development,holdout-02,edge/adaptive/0.75/cap1.000,0.9240071323883401,1.369205030914425,0.5066315566346437,0.6445387854570317,23.57060581839744,0.9665444413855095,0.0033611535464745214,5.173853035165209e-17,0.02072058310055866,0.9272516869925829,0.9059695965029094,1.14683095118856,1.0726140158867403,0.7602158824070652,39877,127581,9747,18117,17748,24.327518478360822,0.9601764884104673
development,holdout-02,edge/none/0.75/cap2.322,0.7787891691228308,1.2472945822154555,0.5523039401989996,0.5967557821265375,24.815321550193424,0.9662790628889318,0.003361153546474521,5.86275362888781e-17,0.022046307611731843,0.8284587889150445,0.7368871789260745,1.1240464157462313,1.0235400214011432,0.5979152033698576,39877,127581,9747,18117,17748,25.570098531543447,0.9620101200137661
development,holdout-02,edge/adaptive/0.75/cap2.322,0.9240071323883401,1.369205030914425,0.5066315566346437,0.6445387854570317,23.57060581839744,0.9665444413855095,0.0033611535464745214,5.173853035165209e-17,0.02072058310055866,0.9272516869925829,0.9059695965029094,1.14683095118856,1.0726140158867403,0.7602158824070652,39877,127581,9747,18117,17748,24.327518478360822,0.9601764884104673
development,holdout-02,edge/offset0.1,0.8723671929666799,1.3384607787110698,0.5156699977463227,0.6085518272291716,23.963083687850435,0.963441637765259,0.003361153546474521,5.079758965627658e-17,0.014692082751396648,0.9057189319341712,0.8350759558743011,1.2240329388039708,1.1235121980156715,0.6874729734445938,39877,127581,9747,18117,17748,24.716444944537265,0.9578669527128251
development,holdout-02,edge/offset0.25,0.9809283681957518,1.4593176246481705,0.467442571765792,0.6166173798972345,22.970153190990253,0.9611388005476836,0.003361153546474521,3.730690767040889e-17,0.005799362779329609,0.924055235469949,0.9686796754011316,1.373934461264108,1.2733969041543876,0.7799044000365324,39877,127581,9747,18117,17748,23.704279933224864,0.9541515384041919
development,holdout-02,edge/offset0.4,1.0513879045591117,1.523361247659294,0.43121343382022376,0.6048606705731112,22.31870885605253,0.9593701547098412,0.003361153546474521,1.9802267413964695e-17,0.001020207751396648,0.9262103822055899,1.0544331362291666,1.523655305522907,1.4228104420465495,0.8250140879175183,39877,127581,9747,18117,17748,23.036233311096797,0.9513805447092357
development,holdout-02,bilinear/none/0.5/cap2,0.8860243849988646,1.3715495186263484,0.4941124929704957,0.5986487177405925,23.70236377404698,0.963784802366165,0.003361153546474521,5.84202055999903e-17,0.005117405726256984,0.8624885407850807,0.8570039086237434,1.3621709178938453,1.2454545016704768,0.6806881015473222,39877,127581,9747,18117,17748,24.430665378470408,0.9581925702132973
development,holdout-02,bilinear/none/0.75/cap2,0.7789622942273028,1.2439044462348445,0.5531583750592887,0.5986487177405925,24.820497443486648,0.9667768865059928,0.003361153546474521,5.851104349600091e-17,0.022717353351955308,0.8298953649023814,0.7375154338248899,1.1130931896505238,1.016475668906197,0.5997642651825559,39877,127581,9747,18117,17748,25.57640905621831,0.9625202076134892
development,holdout-02,bilinear/none/1/cap2,0.6730226083527365,1.1432795200015846,0.6205434284999083,0.5986785996239484,26.0384579047131,0.967708074941741,0.0033611535464745214,5.842504697615641e-17,0.04308877444134078,0.7978203198611786,0.6194239865923089,0.864015469848068,0.787499982910013,0.52390331228305,39877,127581,9747,18117,17748,26.8352118266024,0.9647046485340203
development,holdout-02,bilinear/linear/0.5/cap2,1.0639394249487992,1.5210551349417996,0.4260763764718233,0.6266857279674865,22.216617010458435,0.9636209494349602,0.003361153546474521,2.849170225510222e-17,0.003300672136871508,0.9278170667396001,1.073302851756568,1.4982839332843179,1.4357624014168682,0.8344994780323869,39877,127581,9747,18117,17748,22.932402618062063,0.9553454592280852
development,holdout-02,bilinear/linear/0.75/cap2,1.045678688580148,1.4476425991285558,0.44336626284840497,0.6266857279674879,22.43209204042482,0.9670607700802902,0.003361153546474521,2.849942430318986e-17,0.01258619937150838,0.9278170667396001,1.0617691598155683,1.3172627127362329,1.301937518525784,0.8293353168326371,39877,127581,9747,18117,17748,23.15722289324561,0.9589944433180193
development,holdout-02,bilinear/linear/1/cap2,1.0274179522114961,1.4394101325656168,0.4627378979762711,0.6266857279674866,22.637311308264437,0.9689508622960015,0.003361153546474521,2.8672403847681303e-17,0.02192082751396648,0.9278170667396001,1.050235467874568,1.1362414921881474,1.1681126356346994,0.8241711556328871,39877,127581,9747,18117,17748,23.372057521613655,0.9611386356821754
development,holdout-02,bilinear/perceptual/0.5/cap2,0.974264043682238,1.4363852810953648,0.4702740031634088,0.6403165642736353,23.03409666857425,0.9634046894308893,0.0033611535464745206,5.16422053949993e-17,0.005117405726256984,0.9274081114192052,0.9590249003693683,1.3654304696442987,1.2625558542716098,0.7840652378904831,39877,127581,9747,18117,17748,23.76974237013431,0.9564721898738087
development,holdout-02,bilinear/perceptual/0.75/cap2,0.9111656166803058,1.3617432726870857,0.5146371440958314,0.6403165642736349,23.697632565969855,0.9665797401718869,0.003361153546474521,5.155736108654485e-17,0.022662796787709497,0.9272036337590077,0.8903522327347683,1.1179825172762043,1.0421276978078964,0.7536839566197814,39877,127581,9747,18117,17748,24.4592067744086,0.9603895728180432
development,holdout-02,bilinear/perceptual/1/cap2,0.8480783093678538,1.324985524920321,0.5651436613986649,0.6403165642736353,24.363700222501254,0.9680319783601721,0.003361153546474521,5.1788462053603507e-17,0.0415611906424581,0.9269991560988103,0.8216950099122827,0.8705345649081095,0.8216995413441827,0.723326006903474,39877,127581,9747,18117,17748,25.156489622539308,0.9625479334112026
development,holdout-02,bilinear/adaptive/0.5/cap2,0.9824466601550551,1.4427089394331796,0.46601016670198064,0.6450180201790932,22.95778536993252,0.9635594657749104,0.003361153546474521,5.1520917285768395e-17,0.004910090782122905,0.9274454273970583,0.9694524294670267,1.3775529599498624,1.2783604455189854,0.7886672149141709,39877,127581,9747,18117,17748,23.691331265434105,0.9565049837133588
development,holdout-02,bilinear/adaptive/0.75/cap2,0.9234395413895313,1.368420931705675,0.5075687325898394,0.6450180201790924,23.578835938201465,0.9669126330526217,0.0033611535464745206,5.171690777479781e-17,0.02142981843575419,0.9272596077257874,0.9059935263812561,1.1361662527345497,1.0658345846789594,0.760586922155313,39877,127581,9747,18117,17748,24.33633929318919,0.9605543379561123
development,holdout-02,bilinear/adaptive/1/cap2,0.8644340971697758,1.3345445765740565,0.5547046607030515,0.6450180201790932,24.202137918654078,0.968599972055009,0.003361153546474521,5.179367002280196e-17,0.038887918994413406,0.9270737880545165,0.8425369491738126,0.8947795455192371,0.8533087238389336,0.7325111674553986,39877,127581,9747,18117,17748,24.98817367579811,0.9629118167098409
development,holdout-02,bilinear/shadow/0.5/cap2,0.9135557155564162,1.396260784173301,0.491580832256957,0.6040425112650132,23.5456248227906,0.962311748384225,0.0033611535464745214,5.838603565683109e-17,0.005117405726256984,0.9248264599929958,0.8757593677218607,1.3621709178938453,1.2454545016704768,0.738478474937224,39877,127581,9747,18117,17748,24.288523076706248,0.9562159711410012
development,holdout-02,bilinear/shadow/0.75/cap2,0.820158372838204,1.2853862417115387,0.5491957368410636,0.6040425112650147,24.536542890233438,0.9649537414332671,0.003361153546474521,5.843920900243399e-17,0.022717353351955308,0.9233311566196939,0.7655306715478538,1.1130931896505238,1.016475668906197,0.6856641565005894,39877,127581,9747,18117,17748,25.317039926118046,0.9599022953381804
development,holdout-02,bilinear/shadow/1/cap2,0.7275498015237357,1.2156568915744084,0.6150258071440659,0.6040425112650132,25.575523583365978,0.9658351166631315,0.0033611535464745214,5.846897129299517e-17,0.04308877444134078,0.9218358532463916,0.6563975472405619,0.864015469848068,0.787499982910013,0.6357319690199169,39877,127581,9747,18117,17748,26.408178803069617,0.9617247400136968
development,holdout-02,bilinear/none/0.75/cap1.000,0.7789461820968364,1.2439044462348445,0.5531519380814276,0.5990377569687061,24.820567276695762,0.9667997128366769,0.003361153546474521,5.850001609483421e-17,0.022717353351955308,0.8298886384454761,0.7374951571445277,1.1130931896505238,1.016475668906197,0.5995989626335955,39877,127581,9747,18117,17748,25.57647839748673,0.9625407209099026
development,holdout-02,bilinear/adaptive/0.75/cap1.000,0.9234395413895313,1.368420931705675,0.5075687325898394,0.6450180201790924,23.578835938201465,0.9669126330526217,0.0033611535464745206,5.171690777479781e-17,0.02142981843575419,0.9272596077257874,0.9059935263812561,1.1361662527345497,1.0658345846789594,0.760586922155313,39877,127581,9747,18117,17748,24.33633929318919,0.9605543379561123
development,holdout-02,bilinear/none/0.75/cap2.322,0.7789622942273028,1.2439044462348445,0.5531583750592887,0.5986487177405925,24.820497443486648,0.9667768865059928,0.003361153546474521,5.851104349600091e-17,0.022717353351955308,0.8298953649023814,0.7375154338248899,1.1130931896505238,1.016475668906197,0.5997642651825559,39877,127581,9747,18117,17748,25.57640905621831,0.9625202076134892
development,holdout-02,bilinear/adaptive/0.75/cap2.322,0.9234395413895313,1.368420931705675,0.5075687325898394,0.6450180201790924,23.578835938201465,0.9669126330526217,0.0033611535464745206,5.171690777479781e-17,0.02142981843575419,0.9272596077257874,0.9059935263812561,1.1361662527345497,1.0658345846789594,0.760586922155313,39877,127581,9747,18117,17748,24.33633929318919,0.9605543379561123
development,holdout-02,bilinear/offset0.1,0.8723855782237684,1.334489809798878,0.5164843022231623,0.611044272079068,23.96905569218451,0.9639883251357073,0.0033611535464745214,5.059420319729722e-17,0.015466785963687151,0.9067519887839272,0.835615208189572,1.213082328549544,1.1164508858306865,0.6890470379099906,39877,127581,9747,18117,17748,24.72330235000188,0.9584209241379187
development,holdout-02,bilinear/offset0.25,0.9806284384557132,1.4568872390751626,0.4681912891486819,0.6189465289772551,22.97702860552011,0.9617720320868833,0.003361153546474521,3.7300664582675825e-17,0.006584977304469274,0.9241325206376305,0.969075411445893,1.362985517943919,1.2663380584990145,0.7808586796727531,39877,127581,9747,18117,17748,23.71171289374886,0.9547857081159178
development,holdout-02,bilinear/offset0.4,1.0508999216405146,1.5198783735982109,0.4318989632522779,0.6081985901879696,22.326725848061834,0.9600761717121197,0.003361153546474521,1.9783087142620205e-17,0.0013639141061452514,0.926237768956462,1.054581349114754,1.5127315071530836,1.415807379185428,0.8256205187974759,39877,127581,9747,18117,17748,23.044696558240933,0.9520796783974044
development,holdout-02,input/native512-u8/none,0.7763364851426707,1.2285715732347158,0.555763837605907,0.6284718072850768,24.88045784607965,0.9701177621443886,0.0033611535464745206,5.93855536094963e-17,0.02359571403631285,0.8366710277034691,0.7327754057913874,1.0996775655796427,1.006317243616159,0.6131843481334788,39877,127581,9747,18117,17748,25.640201479174742,0.965584481496386
development,holdout-02,input/native512-u8/adaptive,0.9204914408773819,1.3609734037455443,0.5096048241708274,0.6482337713371745,23.611577531843775,0.9674626283571397,0.003361153546474521,5.2085412192607985e-17,0.0222317999301676,0.9272987133607431,0.9028787849518887,1.1231780778745493,1.0562797095325847,0.7592976483180813,39877,127581,9747,18117,17748,24.370358147675365,0.9611390864372644
development,holdout-02,input/native512-float/none,0.7762867202421881,1.2283917824317472,0.5557860773748139,0.6285224173755548,24.881027720453886,0.9701182077697804,0.0033611535464745214,5.917280590541906e-17,0.02360116969273743,0.8366590620810731,0.7327142675574139,1.0996220244862642,1.0062588820203777,0.6131491542451237,39877,127581,9747,18117,17748,25.640783669791354,0.9655854032249697
development,holdout-02,input/native512-float/adaptive,0.9204685984500413,1.3608616471921038,0.5096178241064928,0.6482580056316359,23.61182011775787,0.9674628432245179,0.0033611535464745214,5.2361764701781123e-17,0.022220888617318437,0.9272986337694471,0.902851181224203,1.1231244298502385,1.0562260850173109,0.75928669271807,39877,127581,9747,18117,17748,24.370608336531685,0.9611395650723287
development,holdout-02,input/native1024-float/none,0.7786468009997024,1.2342478814811657,0.5568725081111193,0.6130479150717527,24.855468613597008,0.9704576521758926,0.0033611535464745214,5.94867076894556e-17,0.0242994937150838,0.841492058831131,0.7353196416919663,1.0886541843070212,0.9972087521213092,0.6167882870095488,39877,127581,9747,18117,17748,25.61739043385218,0.9659642620783174
development,holdout-02,input/native1024-float/adaptive,0.919697917437651,1.3632807152648447,0.5110867467387875,0.6400083979176021,23.617104499000042,0.9679443456647272,0.0033611535464745214,5.222434700882245e-17,0.022864656075418995,0.9273251865746375,0.9025851765831835,1.1124862604742962,1.0477072943520058,0.7562619275402866,39877,127581,9747,18117,17748,24.376674440131318,0.9616425925520374
development,holdout-02,input/padded512-float/none,0.7769963095613976,1.2300619524674468,0.5555331623616686,0.6279287756048587,24.873374464710103,0.9701565222121787,0.0033611535464745206,5.924448045298907e-17,0.02365572625698324,0.8366918770168679,0.7336925068549629,1.0995840093323954,1.0062847793987642,0.6133720355491522,39877,127581,9747,18117,17748,25.63301794520261,0.9656200543148956
development,holdout-02,input/padded512-float/adaptive,0.9207594920654221,1.361437018584438,0.5095074082063092,0.6481664456606322,23.6091595828016,0.9674895145530183,0.003361153546474521,5.219762079762613e-17,0.022160876396648044,0.9272985573712611,0.9032585328644783,1.1230813930210686,1.05624775973773,0.7594061416369291,39877,127581,9747,18117,17748,24.367903206136173,0.9611645235462126
development,holdout-02,input/flipY512-float/none,0.7771395115748015,1.2299773666168379,0.5554033657082494,0.6299914481367777,24.873743972635523,0.9701293256896251,0.0033611535464745214,5.926995642807792e-17,0.023584802723463687,0.8370529812129314,0.733645786032225,1.101321677337375,1.0075007006254117,0.614078278304744,39877,127581,9747,18117,17748,25.63339014640672,0.965591719489408
development,holdout-02,input/flipY512-float/adaptive,0.9208276682862523,1.3617692213606918,0.5093782061650711,0.6488715838887533,23.60864380761499,0.9674910055601423,0.0033611535464745214,5.2225667520492243e-17,0.022155420740223464,0.9272985858093465,0.9032243221785377,1.1247685446276832,1.0574176222863458,0.7595620780525159,39877,127581,9747,18117,17748,24.367315233850846,0.961163015491514
development,holdout-02,input/flipX512-float/none,0.7755105803675788,1.2280536828860897,0.5562516534378819,0.6271291155072174,24.888558472868787,0.9701321009776142,0.0033611535464745214,5.930106330082481e-17,0.02370482716480447,0.8364445887466133,0.7317941567002959,1.0984324635895844,1.0049120919768104,0.6128730537065742,39877,127581,9747,18117,17748,25.648561565321568,0.965607013385553
development,holdout-02,input/flipX512-float/adaptive,0.9200091557004219,1.3607784573885007,0.50993769226688,0.6475943686402634,23.616123106584226,0.9674756782384439,0.0033611535464745214,5.219118910409568e-17,0.0222317999301676,0.9272971628380872,0.9023011462276292,1.1219771146539137,1.0549821494080507,0.759528985449336,39877,127581,9747,18117,17748,24.37509174773064,0.9611568769180231
development,holdout-02,input/ensemble512-float/none,0.7763102788478231,1.2290750836207711,0.5557986099766226,0.6291337659362374,24.881569177171684,0.9701668120845655,0.0033611535464745214,5.909309933793813e-17,0.02360116969273743,0.8367188773360047,0.7327153034772068,1.0997920548656157,1.0062238914758896,0.6133523408098659,39877,127581,9747,18117,17748,25.641377501437447,0.9656326919806713
development,holdout-02,input/ensemble512-float/adaptive,0.9204351407974132,1.3610159813942773,0.5096354803042048,0.6484610617276716,23.61235022577819,0.9674944328910088,0.003361153546474521,5.2118709067723376e-17,0.022280900837988827,0.9272981274717561,0.9027922165436637,1.1232900294405703,1.0562086188250914,0.7594592519583716,39877,127581,9747,18117,17748,24.371164840969037,0.9611702451939723
development,holdout-02,gamma22/full,0.7309580996436121,1.4036111774485993,0.6267629394801154,0.5080902978449658,25.494919632512737,0.95416228326689,0.005811940167485681,0.0025941405775356625,0.044900052374301676,1.0862158418955246,0.6111905199949224,0.8451937199760159,0.7654987686954811,0.6161929068538333,39877,127581,9747,18117,17748,26.451089524437275,0.9499011995484113
development,holdout-02,gamma22/adaptive,0.9811854193868624,1.5355177656774281,0.5123810828789876,0.5392143738342643,23.26387366345111,0.9527018591213596,0.005811940167485681,0.002594140577535662,0.02267916375698324,1.2161384407092526,0.8973463998302391,1.1173344214162721,1.04382843767737,0.8530566988381735,39877,127581,9747,18117,17748,24.127618780028723,0.9450296825206789
development,holdout-02,learned/scene-scale,0.7336674242686855,1.1955763207170942,0.5806936481794106,0.598648717740593,25.32653107590785,0.9674196125721901,0.003361153546474521,5.861984738172271e-17,0.03155551675977654,0.816191756586567,0.686969566838926,1.0072835675851943,0.919204170861697,0.5664503211981178,39877,127581,9747,18117,17748,26.097932938176214,0.9637066281936622
development,holdout-02,learned/residual-cnn,0.6620804733971661,1.205585919001899,0.5452597355890507,0.12282755830977975,25.242177053042045,0.9693066006945394,0.003361153546474521,5.906113722975264e-17,0.012989917946927373,0.412588823265645,0.6959410797807274,1.239592375446364,1.1307914363227514,0.4486470257622161,39877,127581,9747,18117,17748,25.890304027005115,0.9676230839829204
development,holdout-03,SDR,0.33233920034394643,0.6627483482976304,0.6343494205039542,,30.541026511922954,0.9820066445250804,0.0017679563785225332,0.0,0.0,0.3466856179718756,0.2689012255886425,1.4156949668847298,1.4942926602088096,0.3804208478165656,52863,114351,5996,5463,16562,31.241606683810225,0.980623195027321
development,holdout-03,production/legacy,0.3041305352492899,0.5401302394891884,0.7112917892912728,0.8408590262685771,32.82243938551159,0.9883078266401276,0.0019292755829111293,0.0006396912736917325,0.014527056850282485,0.34861982826053795,0.2568929195164151,0.8127748148050521,0.8683600007528418,0.34620254917016646,52863,114351,5996,5463,16562,33.66878357425967,0.987349033871416
development,holdout-03,production/v11,0.25263848335748057,0.47707425542850573,0.7689562144993494,0.7457076212841435,34.05883849851231,0.9867727711264206,0.0019377495454148677,0.0006401209528546564,0.01783743820621469,0.34769912110696666,0.1850552760882281,0.7034418257682877,0.7679318244299687,0.27319653149823897,52863,114351,5996,5463,16562,34.971729446025655,0.9860991165367787
development,holdout-03,production/v11-bilinear,0.2525395291079085,0.47747702006765697,0.7704314325702887,0.7513443368484759,34.10382722833366,0.9870620611737158,0.0019370124857934583,0.0006394825170796551,0.018212614759887006,0.3477095351767648,0.18552239530888515,0.6915829307480316,0.7558763698091956,0.2762260917586573,52863,114351,5996,5463,16562,35.022199138521074,0.9863877208779382
development,holdout-03,production/full-edge,0.15381902217014656,0.3752798332252187,0.8926379929089481,0.6657345836028791,37.00244146553067,0.9882325527592495,0.001928943647363684,0.0006375191510174847,0.026041666666666668,0.24035762607463118,0.09748477018218717,0.4652245976992285,0.5181809608891467,0.16822195954384966,52863,114351,5996,5463,16562,37.915524580396735,0.9881574344700197
development,holdout-03,production/full-bilinear,0.15333954286644633,0.3749404429680599,0.8950120254209819,0.6739028013035795,37.10840363733673,0.9885931421742289,0.0019279960646384495,0.0006369990380804546,0.02620166843220339,0.2408868811795983,0.09730178221903485,0.45019728511861345,0.502072823736472,0.1686453706466391,52863,114351,5996,5463,16562,38.034848363317195,0.9885182932260086
development,holdout-03,edge/none/0.5/cap2,0.2075664472619397,0.4463342464068858,0.7478600580701569,0.6730835285583434,33.86575713846519,0.9872493950247132,0.0017679563785225328,6.444025730893957e-17,0.009522863700564972,0.29089053485713456,0.13084503342757936,0.936120341662899,1.0050977682787288,0.2298235341241457,52863,114351,5996,5463,16562,34.6223784806573,0.9865859161964166
development,holdout-03,edge/none/0.75/cap2,0.16647314322709938,0.39650746557718325,0.8157917104634222,0.6730835285583436,35.68456773482835,0.9884117620446862,0.0017679563785225332,6.456510036152694e-17,0.017975370762711863,0.26341533240411313,0.0938747853476713,0.6963330290519834,0.7605003223136882,0.17776792949911538,52863,114351,5996,5463,16562,36.50717063471008,0.9880447553591103
development,holdout-03,edge/none/1/cap2,0.1524271542169353,0.3653815779523271,0.8928232095448672,0.6730835285583432,37.07327610698743,0.9886087672146099,0.0017679563785225332,6.46124630206405e-17,0.026041666666666668,0.23701048599883917,0.09692381678126254,0.4652245976992285,0.5181809608891468,0.16405853152899308,52863,114351,5996,5463,16562,37.975819114944414,0.9884915371272632
development,holdout-03,edge/linear/0.5/cap2,0.3137284064339876,0.5684968006752563,0.6795886797827175,0.9165101863576524,32.04412865055457,0.9890379393501225,0.0017679563785225332,1.4132778713789876e-17,0.008590439618644068,0.3466856179718756,0.26138794227059337,1.0213613857570245,1.0852899946401142,0.3614263893687654,52863,114351,5996,5463,16562,32.822343095150146,0.9877029843511804
development,holdout-03,edge/linear/0.75/cap2,0.30442300947900824,0.5180718511306698,0.7076299055784954,0.9165101863576525,32.818263921181014,0.9913025771171257,0.0017679563785225328,1.4181507763499168e-17,0.01424567443502825,0.3466856179718756,0.2576313006115688,0.8241945951931717,0.8807886618557665,0.35192916014486536,52863,114351,5996,5463,16562,33.65232531925002,0.9900227344002342
development,holdout-03,edge/linear/1/cap2,0.2951176125240289,0.4798501822068412,0.7402087781627072,0.9165101863576522,33.56772388413488,0.9928029148513969,0.0017679563785225325,1.4058567104289898e-17,0.018764344985875706,0.3466856179718756,0.25387465895254424,0.6270278046293188,0.6762873290714191,0.3424319309209652,52863,114351,5996,5463,16562,34.46912792535488,0.9915840319959129
development,holdout-03,edge/perceptual/0.5/cap2,0.27801916683503425,0.4842276474886605,0.7176962216641226,0.7915904433591695,32.92115053504908,0.9880611602808663,0.0017679563785225328,5.731955443735472e-17,0.009522863700564972,0.34614341038661084,0.21192872557166814,0.9378350711112501,1.0068273090726405,0.30953381308141614,52863,114351,5996,5463,16562,33.732060755372444,0.986953739542807
development,holdout-03,edge/perceptual/0.75/cap2,0.25098444717583857,0.44820378969772096,0.768404175506322,0.7915904433591714,34.18229345844847,0.9898355154442895,0.0017679563785225328,5.715372489609156e-17,0.01796433615819209,0.34587230659397844,0.18363226585683862,0.6989051232245101,0.7630946335045562,0.2742288843724128,52863,114351,5996,5463,16562,35.090600451601894,0.9888565730671054
development,holdout-03,edge/perceptual/1/cap2,0.23015703123978498,0.43313501265241744,0.8265815610987174,0.7915904433591695,35.324368090107164,0.9908174253386743,0.0017679563785225328,5.739753325285234e-17,0.02574373234463277,0.3456012028013461,0.16437055481583895,0.46698560433782516,0.5214299212355268,0.24201909303231048,52863,114351,5996,5463,16562,36.35698625674358,0.9899515019505258
development,holdout-03,edge/adaptive/0.5/cap2,0.27801916683503425,0.4842276474886605,0.7176962216641226,0.7915904433591695,32.92115053504908,0.9880611602808663,0.0017679563785225328,5.731955443735472e-17,0.009522863700564972,0.34614341038661084,0.21192872557166814,0.9378350711112501,1.0068273090726405,0.30953381308141614,52863,114351,5996,5463,16562,33.732060755372444,0.986953739542807
development,holdout-03,edge/adaptive/0.75/cap2,0.25098444717583857,0.44820378969772096,0.768404175506322,0.7915904433591714,34.18229345844847,0.9898355154442895,0.0017679563785225328,5.715372489609156e-17,0.01796433615819209,0.34587230659397844,0.18363226585683862,0.6989051232245101,0.7630946335045562,0.2742288843724128,52863,114351,5996,5463,16562,35.090600451601894,0.9888565730671054
development,holdout-03,edge/adaptive/1/cap2,0.23015703123978498,0.43313501265241744,0.8265815610987174,0.7915904433591695,35.324368090107164,0.9908174253386743,0.0017679563785225328,5.739753325285234e-17,0.02574373234463277,0.3456012028013461,0.16437055481583895,0.46698560433782516,0.5214299212355268,0.24201909303231048,52863,114351,5996,5463,16562,36.35698625674358,0.9899515019505258
development,holdout-03,edge/shadow/0.5/cap2,0.24761177800767523,0.4746996614722546,0.7386659784197122,0.6498866340162099,33.308104194375645,0.9867167764924173,0.0017679563785225328,6.424582783862533e-17,0.009522863700564972,0.3432363228592261,0.16730379939651957,0.936120341662899,1.0050977682787288,0.26827635750135426,52863,114351,5996,5463,16562,34.12110005566769,0.9857989309691041
development,holdout-03,edge/shadow/0.75/cap2,0.22211482307871458,0.4437853037152674,0.8016458953958868,0.6498866340162102,34.662237290666404,0.9877380011834519,0.0017679563785225328,6.438964611134012e-17,0.017975370762711863,0.34151167530290133,0.1420535366698252,0.6963330290519834,0.7605003223136882,0.22696250733259055,52863,114351,5996,5463,16562,35.577392027420956,0.9870033480027789
development,holdout-03,edge/shadow/1/cap2,0.21733247957257523,0.4299931050179111,0.8734721036352772,0.6498866340162096,35.612675483883166,0.9879047865157129,0.0017679563785225328,6.452401003950767e-17,0.026041666666666668,0.3397870277465766,0.14772507849685532,0.4652245976992285,0.5181809608891468,0.21373023691388743,52863,114351,5996,5463,16562,36.63513112309805,0.9873143421121314
development,holdout-03,edge/none/0.75/cap1.000,0.16654606890971915,0.39650746557718325,0.8152985210225616,0.6702584398603832,35.655863363275124,0.9883614747167748,0.0017679563785225332,6.451262602036598e-17,0.017975370762711863,0.26341533240411313,0.09387429244765165,0.6984490765998025,0.7628228229720668,0.17777764411484034,52863,114351,5996,5463,16562,36.4756513112756,0.9879943275960847
development,holdout-03,edge/adaptive/0.75/cap1.000,0.25105769795390515,0.44820378969772096,0.7679111868879303,0.7893550827340984,34.16194008527131,0.9897877364780873,0.0017679563785225328,5.710186403104945e-17,0.01796433615819209,0.34587230659397844,0.18363226585683862,0.7010211617950425,0.765417124309775,0.27424199892669193,52863,114351,5996,5463,16562,35.067806616372145,0.9888083986001787
development,holdout-03,edge/none/0.75/cap2.322,0.16647314322709938,0.39650746557718325,0.8157917104634222,0.6730835285583436,35.68456773482835,0.9884117620446862,0.0017679563785225332,6.456510036152694e-17,0.017975370762711863,0.26341533240411313,0.0938747853476713,0.6963330290519834,0.7605003223136882,0.17776792949911538,52863,114351,5996,5463,16562,36.50717063471008,0.9880447553591103
development,holdout-03,edge/adaptive/0.75/cap2.322,0.25098444717583857,0.44820378969772096,0.768404175506322,0.7915904433591714,34.18229345844847,0.9898355154442895,0.0017679563785225328,5.715372489609156e-17,0.01796433615819209,0.34587230659397844,0.18363226585683862,0.6989051232245101,0.7630946335045562,0.2742288843724128,52863,114351,5996,5463,16562,35.090600451601894,0.9888565730671054
development,holdout-03,edge/offset0.1,0.23660323234527783,0.45303553233147664,0.7621473903185428,0.7115778480161871,34.03517933689155,0.9876648297521001,0.0017679563785225328,4.709117363408096e-17,0.014477401129943503,0.3381166419685509,0.1603254277439321,0.7963330290519832,0.8604834316162244,0.24456975520210705,52863,114351,5996,5463,16562,34.89812094053524,0.9868192919819851
development,holdout-03,edge/offset0.25,0.29590153788940776,0.49959291182748244,0.7041709042208119,0.8516963461671228,32.64946931049019,0.9875228169488828,0.0017679563785225332,1.4978442161312704e-17,0.00972700388418079,0.34613538192291077,0.23857781752649695,0.9462539478420675,1.0102102831304003,0.3247620584495161,52863,114351,5996,5463,16562,33.45656751621084,0.9863411685154051
development,holdout-03,edge/offset0.4,0.3166192633287894,0.5716111553864085,0.6711743565211721,0.8889598593000313,31.79576422689076,0.9865978557228599,0.0017679563785225328,4.9024246141354485e-18,0.005837305790960452,0.34660701576214176,0.26191216188432215,1.0955667617263842,1.1591787996752778,0.3582992762397245,52863,114351,5996,5463,16562,32.55796659955591,0.9852831504033038
development,holdout-03,bilinear/none/0.5/cap2,0.20769217304957951,0.447003429885883,0.7486190729457823,0.6813338189650291,33.90173215437386,0.9875344323048995,0.0017679563785225334,6.442637847861849e-17,0.009909074858757062,0.2911613166427581,0.13133228134241834,0.9280725330961752,0.9968720574516244,0.2326279141634278,52863,114351,5996,5463,16562,34.661494756862155,0.9868689571536065
development,holdout-03,bilinear/none/0.75/cap2,0.16645836417497667,0.39674830117102056,0.8172187293247615,0.6813338189650301,35.755656080869656,0.9887612021739209,0.0017679563785225328,6.45757617767149e-17,0.01833399540960452,0.263809646680158,0.09430309358333494,0.6842613162018975,0.748161756073032,0.18028452916790577,52863,114351,5996,5463,16562,36.58557602367011,0.9883930082808982
development,holdout-03,bilinear/none/1/cap2,0.15193012170387027,0.365377412533119,0.89520108765621,0.6813338189650291,37.18219729486365,0.9889723263757537,0.0017679563785225328,6.454369480014855e-17,0.02620166843220339,0.2375033535808892,0.09673106206687844,0.45019728511861345,0.502072823736472,0.16442819857555144,52863,114351,5996,5463,16562,38.09787642170003,0.9888549029620768
development,holdout-03,bilinear/linear/0.5/cap2,0.3134874249827567,0.5682671630053096,0.6805175956858294,0.9164862922325197,32.07290771383175,0.9891961395297887,0.0017679563785225325,1.415865096350865e-17,0.008855270127118644,0.3466856179718756,0.2614082816936082,1.0140121144880314,1.0775493018324513,0.3617370374148264,52863,114351,5996,5463,16562,32.85319579366248,0.9878622787367477
development,holdout-03,bilinear/linear/0.75/cap2,0.3040615373021619,0.5178855072590771,0.7093126534575972,0.9164862922325137,32.86042349545244,0.9914663913358761,0.0017679563785225328,1.4193205044232588e-17,0.014543608757062147,0.3466856179718756,0.2576618097460911,0.8131706882896822,0.8691776226442722,0.35239513221395674,52863,114351,5996,5463,16562,33.69828302015431,0.9901895766245821
development,holdout-03,bilinear/linear/1/cap2,0.294635649621567,0.4788601797117739,0.7429218021266192,0.9164862922325197,33.61878895189467,0.9929321896949058,0.0017679563785225328,1.4219225268948515e-17,0.018935381355932205,0.3466856179718756,0.25391533779857395,0.612329262091333,0.6608059434560931,0.343053227013087,52863,114351,5996,5463,16562,34.52591143430619,0.9917179618479797
development,holdout-03,bilinear/perceptual/0.5/cap2,0.2778775679477665,0.4845544283745219,0.7186071329622703,0.7962796563057208,32.95281862008596,0.9882917431723014,0.0017679563785225325,5.727258356865939e-17,0.009909074858757062,0.3461456862167199,0.2121349965794404,0.9297907171285202,0.9985839360893424,0.3111294076536235,52863,114351,5996,5463,16562,33.76646435493653,0.9871834035689122
development,holdout-03,bilinear/perceptual/0.75/cap2,0.25078518470642347,0.4483168006239883,0.7700849478502996,0.7962796563057208,34.232726892501745,0.9900981363923709,0.0017679563785225328,5.743754030789384e-17,0.018322960805084745,0.34587572033914193,0.18396156954970275,0.6868385922504152,0.7507295740296085,0.2765969226877501,52863,114351,5996,5463,16562,35.146906558388665,0.9891200875395707
development,holdout-03,bilinear/perceptual/1/cap2,0.23004115673043213,0.4328283951594448,0.8293367143522302,0.796279656305721,35.38783331860526,0.9910612729648357,0.0017679563785225328,5.749863122341651e-17,0.0259423552259887,0.34560575446156405,0.16498629604948215,0.4518552067415204,0.505277604706117,0.24488562033915323,52863,114351,5996,5463,16562,36.430354846493636,0.9901984436981474
development,holdout-03,bilinear/adaptive/0.5/cap2,0.2778775679477665,0.4845544283745219,0.7186071329622703,0.7962796563057208,32.95281862008596,0.9882917431723014,0.0017679563785225325,5.727258356865939e-17,0.009909074858757062,0.3461456862167199,0.2121349965794404,0.9297907171285202,0.9985839360893424,0.3111294076536235,52863,114351,5996,5463,16562,33.76646435493653,0.9871834035689122
development,holdout-03,bilinear/adaptive/0.75/cap2,0.25078518470642347,0.4483168006239883,0.7700849478502996,0.7962796563057208,34.232726892501745,0.9900981363923709,0.0017679563785225328,5.743754030789384e-17,0.018322960805084745,0.34587572033914193,0.18396156954970275,0.6868385922504152,0.7507295740296085,0.2765969226877501,52863,114351,5996,5463,16562,35.146906558388665,0.9891200875395707
development,holdout-03,bilinear/adaptive/1/cap2,0.23004115673043213,0.4328283951594448,0.8293367143522302,0.796279656305721,35.38783331860526,0.9910612729648357,0.0017679563785225328,5.749863122341651e-17,0.0259423552259887,0.34560575446156405,0.16498629604948215,0.4518552067415204,0.505277604706117,0.24488562033915323,52863,114351,5996,5463,16562,36.430354846493636,0.9901984436981474
development,holdout-03,bilinear/shadow/0.5/cap2,0.24757948660787293,0.47481530505188935,0.739474770721177,0.6572842647509765,33.34131124269921,0.9869990391138046,0.0017679563785225334,6.45387122719678e-17,0.009909074858757062,0.34325134127363094,0.1676699312918739,0.9280725330961752,0.9968720574516244,0.27059319964937034,52863,114351,5996,5463,16562,34.15729754736284,0.9860782966323869
development,holdout-03,bilinear/shadow/0.75/cap2,0.22203298089460405,0.4437739877884732,0.8031528953389372,0.6572842647509767,34.71939950530441,0.9880814052209682,0.0017679563785225325,6.44203236177677e-17,0.01833399540960452,0.34153420292450853,0.1425521350894132,0.6842613162018975,0.748161756073032,0.22923371257917866,52863,114351,5996,5463,16562,35.64130702208618,0.9873445295802157
development,holdout-03,bilinear/shadow/1/cap2,0.2169127344295905,0.42950323061726714,0.875964256264276,0.6572842647509766,35.688282347260945,0.9882581790492839,0.0017679563785225328,6.438198552949155e-17,0.02620166843220339,0.33981706457538635,0.14786335339725507,0.45019728511861345,0.502072823736472,0.21428119011083965,52863,114351,5996,5463,16562,36.72188940373663,0.9876665775466483
development,holdout-03,bilinear/none/0.75/cap1.000,0.16656565887243827,0.39674830117102056,0.8164971187716492,0.6773686104542792,35.71420415673708,0.9886852251068422,0.0017679563785225328,6.449097754172613e-17,0.01833399540960452,0.263809646680158,0.09430294594405135,0.6873636172771214,0.7515667345183995,0.18029521147987226,52863,114351,5996,5463,16562,36.54000815031522,0.988316639383327
development,holdout-03,bilinear/adaptive/0.75/cap1.000,0.25089256326689563,0.4483168006239883,0.7693634510572299,0.7931580735222399,34.20348839135129,0.9900260957185697,0.0017679563785225328,5.735373725367521e-17,0.018322960805084745,0.34587572033914193,0.18396156954970275,0.6899405002656559,0.7541341210659226,0.2766086243633031,52863,114351,5996,5463,16562,35.11413332557901,0.9890473572132181
development,holdout-03,bilinear/none/0.75/cap2.322,0.16645836417497667,0.39674830117102056,0.8172187293247615,0.6813338189650301,35.755656080869656,0.9887612021739209,0.0017679563785225328,6.45757617767149e-17,0.01833399540960452,0.263809646680158,0.09430309358333494,0.6842613162018975,0.748161756073032,0.18028452916790577,52863,114351,5996,5463,16562,36.58557602367011,0.9883930082808982
development,holdout-03,bilinear/adaptive/0.75/cap2.322,0.25078518470642347,0.4483168006239883,0.7700849478502996,0.7962796563057208,34.232726892501745,0.9900981363923709,0.0017679563785225328,5.743754030789384e-17,0.018322960805084745,0.34587572033914193,0.18396156954970275,0.6868385922504152,0.7507295740296085,0.2765969226877501,52863,114351,5996,5463,16562,35.146906558388665,0.9891200875395707
development,holdout-03,bilinear/offset0.1,0.23673646529948686,0.4532983236723121,0.7634862289372247,0.7198253392998278,34.084049560095046,0.98803120704093,0.0017679563785225328,4.7370763983047844e-17,0.014929819915254237,0.3383840237156108,0.16103661233307276,0.7842613162018975,0.8481439662870112,0.2484427995740391,52863,114351,5996,5463,16562,34.952712761936205,0.9871839236541355
development,holdout-03,bilinear/offset0.25,0.2958220386554186,0.500545886060242,0.7054571247109729,0.858126510866527,32.69083582344733,0.9879145352840705,0.0017679563785225328,1.496680925920917e-17,0.010229078389830509,0.34615854125362805,0.2390808024229008,0.9341606923538016,0.9978569824808359,0.3279536055908143,52863,114351,5996,5463,16562,33.501657120101825,0.9867287649151566
development,holdout-03,bilinear/offset0.4,0.3164228598362421,0.572513595281683,0.6723597887259422,0.8922851599571625,31.835043656924668,0.9869482484471973,0.0017679563785225328,4.89607827225201e-18,0.006273172669491525,0.34660864486566545,0.2622494662270486,1.083445971676544,1.1467356399484394,0.360045542725112,52863,114351,5996,5463,16562,32.60008936743399,0.9856308849844208
development,holdout-03,input/native512-u8/none,0.1631050529092787,0.3902271485035052,0.8216937487353556,0.7116921464398723,36.00055866946316,0.9907588116801576,0.0017679563785225328,6.519902037208312e-17,0.019117452330508475,0.2648303140836799,0.09020707974491093,0.6565095972482141,0.7194149105512309,0.17623935705184046,52863,114351,5996,5463,16562,36.846139437778966,0.990258815888515
development,holdout-03,input/native512-u8/adaptive,0.24939524736062899,0.4469586124419977,0.7746174473835578,0.8053951974189584,34.36307915520851,0.9907182521091834,0.0017679563785225328,5.785390170820192e-17,0.019095383121468926,0.34587649040166285,0.18330766438207455,0.6591506259968037,0.7220869933558477,0.27727881642023405,52863,114351,5996,5463,16562,35.29094916895787,0.989739662472136
development,holdout-03,input/native512-float/none,0.16311258385660737,0.3902937186619973,0.8216669981309132,0.7117073967066542,35.99995211320352,0.990758379246243,0.0017679563785225325,6.53737801415581e-17,0.019111935028248588,0.26483428915623264,0.09021234211472201,0.6565917426578491,0.7194974940467422,0.17625285367606938,52863,114351,5996,5463,16562,36.84549636254309,0.9902583258585281
development,holdout-03,input/native512-float/adaptive,0.2494050986288712,0.44690390908178573,0.7745975983701006,0.8053996494879079,34.362637524253294,0.9907177357526495,0.0017679563785225328,5.802311674104637e-17,0.01908986581920904,0.34587654425950626,0.18331826521083555,0.6592325599053127,0.7221694225853121,0.27728999743585236,52863,114351,5996,5463,16562,35.29046455457481,0.9897391095667516
development,holdout-03,input/native1024-float/none,0.16243855178401126,0.3881934259428633,0.8306107804885978,0.725260187155264,36.260620819764654,0.9916591239504697,0.0017679563785225332,6.524375347460665e-17,0.02043608757062147,0.2679403813400819,0.09007638239235377,0.6123290148065025,0.6757848927847157,0.1750015085346569,52863,114351,5996,5463,16562,37.13684419363619,0.9911663624095552
development,holdout-03,input/native1024-float/adaptive,0.24658352164799405,0.44407260608678956,0.7832237447347642,0.8127840261576896,34.57269750962958,0.9914922024904875,0.0017679563785225328,5.801908237809783e-17,0.02041401836158192,0.3459028441493919,0.181344793152597,0.6151286345208679,0.6785954828078247,0.2725646027172895,52863,114351,5996,5463,16562,35.52334409797225,0.9905257221392123
development,holdout-03,input/padded512-float/none,0.1633551573035301,0.39070158273773353,0.8216131991157932,0.7111857325521191,35.994450302909065,0.9907490101534373,0.0017679563785225328,6.529605107400825e-17,0.019078831214689264,0.2651103754520327,0.09042910868944168,0.6570310225612568,0.7200424490825021,0.1760853547690592,52863,114351,5996,5463,16562,36.840298836740445,0.990247691786139
development,holdout-03,input/padded512-float/adaptive,0.2494239555317861,0.4470257052199956,0.7745671269030108,0.8052740712336793,34.36162516888644,0.9907117398061828,0.0017679563785225328,5.80418788984742e-17,0.01903469279661017,0.3458784633613957,0.18332268775349508,0.6596760276329701,0.7227147497734971,0.2772306313499895,52863,114351,5996,5463,16562,35.28938862858233,0.9897330439793005
development,holdout-03,input/flipY512-float/none,0.16293066069850923,0.3899148615194154,0.8231648629122307,0.7122275690752943,36.04450846819966,0.9907720422637492,0.0017679563785225332,6.535197455430502e-17,0.019205729166666668,0.26469200028605433,0.09025369508163017,0.6518022418591723,0.7136947210570754,0.17522497862275602,52863,114351,5996,5463,16562,36.89370688086483,0.9902751841818709
development,holdout-03,input/flipY512-float/adaptive,0.2489107275621275,0.4463106688846813,0.7757702553410071,0.8066934608916276,34.39677731757396,0.9907476658723002,0.0017679563785225328,5.795134626131425e-17,0.01918365995762712,0.3458734139101977,0.1828209905149723,0.654462600921235,0.7163962679921544,0.2764198617816197,52863,114351,5996,5463,16562,35.32811237821003,0.989772148284726
development,holdout-03,input/flipX512-float/none,0.1634023777702682,0.3907853100949056,0.821876928650594,0.710312707483251,35.995530921508404,0.9907403146178201,0.0017679563785225332,6.527473343117247e-17,0.019222281073446326,0.2651968849929451,0.09055200686793828,0.6552885898683255,0.7182173857010373,0.17665155851041153,52863,114351,5996,5463,16562,36.84187414585737,0.9902393437174634
development,holdout-03,input/flipX512-float/adaptive,0.2493286078319849,0.44640682325169745,0.7747851306740129,0.8051415907023128,34.365115398406545,0.990725706308113,0.0017679563785225328,5.78886851055716e-17,0.019216763771186442,0.3458787132930909,0.18326916838587354,0.6579401380374272,0.7208895201372433,0.2774808330025661,52863,114351,5996,5463,16562,35.293106902251466,0.9897473711888305
development,holdout-03,input/ensemble512-float/none,0.16305464271575074,0.3903355459706701,0.8222043528946738,0.7120845111988497,36.01728958926654,0.9907801891834778,0.0017679563785225328,6.548880492222174e-17,0.019139521539548024,0.2649076787157461,0.09019722834488109,0.6545591705102062,0.7171365330124456,0.17564058432113744,52863,114351,5996,5463,16562,36.864517862695074,0.9902799833802929
development,holdout-03,input/ensemble512-float/adaptive,0.24920318305099712,0.4466815242656032,0.7750251470833588,0.8061267977792674,34.37655992017274,0.9907432203458189,0.0017679563785225328,5.787644564270898e-17,0.019139521539548024,0.34587622382039157,0.18311853076674156,0.6572117085954282,0.7198184029865992,0.2770419788663763,52863,114351,5996,5463,16562,35.30575430564711,0.9897654068530578
development,holdout-03,gamma22/full,0.24411500196315503,0.7391007630147981,0.8924895739693369,0.4579817073324047,33.85703481057478,0.976794634535523,0.004501322879998992,0.003762171006738252,0.026979608050847457,0.47999786185626314,0.12491530211176881,0.43776564492120973,0.4872449842381091,0.24890057726642997,52863,114351,5996,5463,16562,35.37544515508382,0.9758955045317451
development,holdout-03,gamma22/adaptive,0.3388218343544261,0.8353422012866129,0.7670345277403059,0.5075311522291749,31.942474312751663,0.9770000964862547,0.004501322879998992,0.0037621710067382514,0.019040210098870056,0.5900783797834377,0.20530340562267757,0.6700078054835693,0.7343983993807608,0.3597943849777574,52863,114351,5996,5463,16562,33.297835734551875,0.9749939414947263
development,holdout-03,learned/scene-scale,0.1517419521615982,0.36218940188614546,0.9063138672355591,0.6813338189650298,37.29038285312647,0.9889253449101613,0.0017679563785225328,6.458026204913828e-17,0.02714512711864407,0.2341304513452259,0.09938651489918834,0.423855590261951,0.4716722169856326,0.1649645113260419,52863,114351,5996,5463,16562,38.214270209478755,0.9888374174222266
development,holdout-03,learned/residual-cnn,0.3147211608991488,0.5320562716254301,0.9644043279757459,0.2255336062428697,32.43046868848487,0.9844455445362318,0.0017679563785225328,6.590233137684313e-17,0.019282971398305086,0.237310683588868,0.3324356391767593,0.6593645492464393,0.7243407484247824,0.27403055010978394,52863,114351,5996,5463,16562,33.20825011029208,0.9837580234822862
development,sunset,SDR,0.23597965325312134,0.5207858691221258,0.8069932770728778,,33.587104368521494,0.991394043888055,1.9027701451326703e-05,0.0,0.0,0.014899011451564415,0.21612645210951656,0.642519181420746,0.9674446135281722,0.12384121980581073,9795,157826,13034,3453,13590,34.16798334837204,0.9914023285473911
development,sunset,production/legacy,0.14021202592501414,0.22531251554844367,0.8990789339847459,0.9210185817458041,39.266234251148305,0.9976270718846422,0.00035250740050361465,0.0003527523875484983,0.009114583333333334,0.014885828518944877,0.14580382082611798,0.16668428935380278,0.31921241908065673,0.0770628107559932,9795,157826,13034,3453,13590,39.879524338919744,0.9976092678121464
development,sunset,production/v11,0.08942056667800583,0.1996262105865683,1.0618794772201186,0.9002492007143349,41.91463592733978,0.9964237242867856,0.0003523247657762803,0.000352864986755788,0.020050048828125,0.012786818521168085,0.08869018859165964,0.15585452517515938,0.19442407221136906,0.054670938356740056,9795,157826,13034,3453,13590,42.49531202160372,0.9965790768522919
development,sunset,production/v11-bilinear,0.088560261548281,0.19884749472562774,1.0618418348660312,0.9020331270427995,41.96842813557253,0.9965268868644118,0.0003512629178793537,0.00035175977549587524,0.020579020182291668,0.01270755022459762,0.08759863778598208,0.15720737980239075,0.1906554157406645,0.042736985527653044,9795,157826,13034,3453,13590,42.54764931372111,0.9966777059438562
development,sunset,production/full-edge,0.3084919541944055,0.44374776846154745,1.2508618680320378,0.8785267345647774,32.76224899235017,0.9948191024816275,0.0003509002822870173,0.0003496684709284435,0.044759114583333336,0.13408172062679197,0.3184969046419192,0.31841269444800935,0.16843544995545037,0.21691843737545943,9795,157826,13034,3453,13590,33.37133982632318,0.9945688555009621
development,sunset,production/full-bilinear,0.30650173698216987,0.44229698365972936,1.2506843136551136,0.8793938771968528,32.793871293459546,0.9950069912944347,0.0003495818490197282,0.00034818767433656333,0.0450439453125,0.12963878725823608,0.3161488752662096,0.32259835703196693,0.17109767538202347,0.1892537714103667,9795,157826,13034,3453,13590,33.4016680785164,0.9947449426278814
development,sunset,edge/none/0.5/cap2,0.06915446042221185,0.12877326678129827,1.0024137436565765,0.8785267345647776,42.99763032111742,0.9952341089595588,1.9027701451326564e-05,6.298393623557731e-17,0.0019175211588541667,0.059704882192403996,0.06017707486430896,0.18496107940506784,0.44078103988633593,0.06269821598022761,9795,157826,13034,3453,13590,43.578037323757414,0.9954820742451903
development,sunset,edge/none/0.75/cap2,0.1786023345699429,0.25913217992031756,1.1191172923584265,0.8785267345647783,37.49712088975838,0.995541500407318,1.9027701451326663e-05,6.332605797865312e-17,0.020228068033854168,0.096839039178267,0.185057451264734,0.1618834632249502,0.1933339065714976,0.1336991397275113,9795,157826,13034,3453,13590,38.12170202428947,0.9956253957825639
development,sunset,edge/none/1/cap2,0.3084919541944055,0.44374776846154745,1.250861839612791,0.8785267345647774,32.76224977901098,0.9948193102413166,1.902770145132659e-05,6.307006501072916e-17,0.044759114583333336,0.13408172062679197,0.3184969046419192,0.31841269444800935,0.16843544995545034,0.21691843737545943,9795,157826,13034,3453,13590,33.37133987055611,0.9945688843650228
development,sunset,edge/linear/0.5/cap2,0.17300380986482045,0.2976043856196368,0.8646539291203849,0.9234731479701749,37.11074331919583,0.9970259541195334,1.9027701451326625e-05,5.402918142641373e-17,0.0008900960286458334,0.014899011451564415,0.17101074951487502,0.315952501229584,0.5320884398914425,0.1015293261825744,9795,157826,13034,3453,13590,37.706474465310336,0.9969438768141248
development,sunset,edge/linear/0.75/cap2,0.1426664233695265,0.2306153635632696,0.8972789260929724,0.9234731479701762,39.130315857854946,0.9977118750015009,1.9027701451326632e-05,5.397176980424732e-17,0.009023030598958334,0.014899011451564415,0.1484571615523898,0.16856428705587442,0.3217188117229995,0.09142148386742521,9795,157826,13034,3453,13590,39.74440190608213,0.9976812455873781
development,sunset,edge/linear/1/cap2,0.11835037626368042,0.19850043798427194,0.9328472036851441,0.9234731479701749,40.76200416433552,0.9971435652808752,1.9027701451326602e-05,5.4178160052835905e-17,0.019999186197916668,0.014899011451564415,0.12680197602859256,0.09375500522160969,0.14054017346490483,0.08434126033882168,9795,157826,13034,3453,13590,41.39419769854575,0.9972017560681908
development,sunset,edge/perceptual/0.5/cap2,0.03965922236737181,0.12464774571714599,0.9664809615448962,0.8987910558376669,44.19680958139361,0.9961648347759449,1.9027701451326636e-05,6.116825757882834e-17,0.0019175211588541667,0.014578865418521977,0.029026299911445147,0.18725886298752423,0.44090121779668,0.039839304479338165,9795,157826,13034,3453,13590,44.733004022356795,0.9963547000166313
development,sunset,edge/perceptual/0.75/cap2,0.08803587526543187,0.19687898434175924,1.0606466140793793,0.8987910558376664,42.019230845309124,0.9963801923758737,1.902770145132657e-05,6.130817056830068e-17,0.0201568603515625,0.01441938766446309,0.08696537677977538,0.1563208215634763,0.19347853735141365,0.04519199390096202,9795,157826,13034,3453,13590,42.59676939418228,0.9965380551551317
development,sunset,edge/perceptual/1/cap2,0.1810576816384261,0.38325952391180657,1.166223806256459,0.8987910558376672,36.134140885208616,0.9952387562466702,1.9027701451326514e-05,6.139269871483529e-17,0.043223063151041664,0.014261849921638932,0.18070451150688704,0.31068056032848324,0.16848376339587215,0.07787886724375699,9795,157826,13034,3453,13590,36.710934063343686,0.9952828465783674
development,sunset,edge/adaptive/0.5/cap2,0.03965922236737181,0.12464774571714599,0.9664809615448962,0.8987910558376669,44.19680958139361,0.9961648347759449,1.9027701451326636e-05,6.116825757882834e-17,0.0019175211588541667,0.014578865418521977,0.029026299911445147,0.18725886298752423,0.44090121779668,0.039839304479338165,9795,157826,13034,3453,13590,44.733004022356795,0.9963547000166313
development,sunset,edge/adaptive/0.75/cap2,0.08803587526543187,0.19687898434175924,1.0606466140793793,0.8987910558376664,42.019230845309124,0.9963801923758737,1.902770145132657e-05,6.130817056830068e-17,0.0201568603515625,0.01441938766446309,0.08696537677977538,0.1563208215634763,0.19347853735141365,0.04519199390096202,9795,157826,13034,3453,13590,42.59676939418228,0.9965380551551317
development,sunset,edge/adaptive/1/cap2,0.1810576816384261,0.38325952391180657,1.166223806256459,0.8987910558376672,36.134140885208616,0.9952387562466702,1.9027701451326514e-05,6.139269871483529e-17,0.043223063151041664,0.014261849921638932,0.18070451150688704,0.31068056032848324,0.16848376339587215,0.07787886724375699,9795,157826,13034,3453,13590,36.710934063343686,0.9952828465783674
development,sunset,edge/shadow/0.5/cap2,0.06477737816599104,0.11697692811203955,1.001699812551981,0.8577742816692795,43.14956297661495,0.995297464476484,1.902770145132651e-05,6.302267071713762e-17,0.0019175211588541667,0.012341334859965601,0.05810633969471505,0.18496107940506784,0.44078103988633593,0.03808386049487164,9795,157826,13034,3453,13590,43.706881201764304,0.9955406229904556
development,sunset,edge/shadow/0.75/cap2,0.17047443777604693,0.2560178997488869,1.1180012698928352,0.8577742816692787,37.63464887257845,0.995449624405514,1.9027701451326663e-05,6.334232970556023e-17,0.020228068033854168,0.011299915171797218,0.18106261216561279,0.1618834632249502,0.1933339065714976,0.0869347793733534,9795,157826,13034,3453,13590,38.24207816885311,0.9955406960331036
development,sunset,edge/shadow/1/cap2,0.2968617733703191,0.44155094758233115,1.2493101691228259,0.8577742816692795,32.85704792332465,0.9944627081996945,1.9027701451326605e-05,6.307614870477544e-17,0.044759114583333336,0.010444623839799771,0.3128576249684386,0.31841269444800935,0.16843544995545034,0.14924379606195942,9795,157826,13034,3453,13590,33.45478835593733,0.994239415335615
development,sunset,edge/none/0.75/cap1.000,0.1786023345699429,0.25913217992031756,1.119117288518496,0.8785267345647783,37.49712228005598,0.9955415425231277,1.9027701451326663e-05,6.332605797865312e-17,0.020228068033854168,0.096839039178267,0.185057451264734,0.1618834632249502,0.1933339065714976,0.1336991397275113,9795,157826,13034,3453,13590,38.12170233219856,0.9956254110547299
development,sunset,edge/adaptive/0.75/cap1.000,0.08803587526543187,0.19687898434175924,1.0606466140793793,0.8987910558376664,42.019230845309124,0.9963801923758737,1.902770145132657e-05,6.130817056830068e-17,0.0201568603515625,0.01441938766446309,0.08696537677977538,0.1563208215634763,0.19347853735141365,0.04519199390096202,9795,157826,13034,3453,13590,42.59676939418228,0.9965380551551317
development,sunset,edge/none/0.75/cap2.322,0.1786023345699429,0.25913217992031756,1.1191172923584265,0.8785267345647783,37.49712088975838,0.995541500407318,1.9027701451326663e-05,6.332605797865312e-17,0.020228068033854168,0.096839039178267,0.185057451264734,0.1618834632249502,0.1933339065714976,0.1336991397275113,9795,157826,13034,3453,13590,38.12170202428947,0.9956253957825639
development,sunset,edge/adaptive/0.75/cap2.322,0.08803587526543187,0.19687898434175924,1.0606466140793793,0.8987910558376664,42.019230845309124,0.9963801923758737,1.902770145132657e-05,6.130817056830068e-17,0.0201568603515625,0.01441938766446309,0.08696537677977538,0.1563208215634763,0.19347853735141365,0.04519199390096202,9795,157826,13034,3453,13590,42.59676939418228,0.9965380551551317
development,sunset,edge/offset0.1,0.08787894442489622,0.1647725839712658,1.0442517218035348,0.8830115686033777,42.37864707777496,0.9958782905728724,1.9027701451326673e-05,6.112639520795214e-17,0.011500040690104166,0.028927183551466916,0.0880427947769555,0.1301969321563009,0.28146792331800213,0.051943477410957034,9795,157826,13034,3453,13590,42.976623882568184,0.9960817916085104
development,sunset,edge/offset0.25,0.07185152498857995,0.16368787275404414,0.9422546853532637,0.895350470029669,42.614018006825454,0.9956950900119107,1.90277014513266e-05,5.552833834526811e-17,0.0027414957682291665,0.015139128028758301,0.06536057125952423,0.19306828050978633,0.42746103862722706,0.07095017403228672,9795,157826,13034,3453,13590,43.18676559809245,0.9958802442005074
development,sunset,edge/offset0.4,0.17693048119868135,0.30271980593757514,0.8620463960268874,0.8797302238427429,36.875641195646644,0.994826978757153,1.9027701451326636e-05,2.9860237968024236e-17,0.00012715657552083334,0.01457761497504666,0.1737231335847254,0.3377751312815959,0.5773794987826045,0.11175454230209167,9795,157826,13034,3453,13590,37.47116733668388,0.994859191116932
development,sunset,bilinear/none/0.5/cap2,0.06824590885035747,0.12466928228867807,1.002274934377456,0.8793938771968531,43.08508125537344,0.9954695229617408,1.9027701451326466e-05,6.318230594710478e-17,0.0020802815755208335,0.05746181093656976,0.05943816832035538,0.1830012177312583,0.43708051777285095,0.05656300852645153,9795,157826,13034,3453,13590,43.663706348819915,0.995701800002761
development,sunset,bilinear/none/0.75/cap2,0.1770534782283015,0.2570612435977522,1.11894105485242,0.8793938771968528,37.55086169816836,0.9957878284955655,1.902770145132673e-05,6.323569669742862e-17,0.020782470703125,0.09350433758078595,0.18337489493863032,0.1632956079596244,0.1895723182454148,0.11429082038294143,9795,157826,13034,3453,13590,38.17391022794476,0.9958559500176776
development,sunset,bilinear/none/1/cap2,0.30650173698216987,0.44229698365972947,1.2506842855556188,0.879393877196853,32.79387205226143,0.9950071886235354,1.902770145132648e-05,6.314248870462022e-17,0.0450439453125,0.12963878725823608,0.3161488752662096,0.32259835703196693,0.1710976753820235,0.1892537714103667,9795,157826,13034,3453,13590,33.401668119185814,0.994744968260882
development,sunset,bilinear/linear/0.5/cap2,0.17288514188387705,0.29734524883131647,0.8648491052629242,0.9230867702464001,37.12299485766332,0.9970775531587065,1.9027701451326717e-05,5.4002113884797135e-17,0.0009613037109375,0.014899011451564415,0.17103990457297977,0.31395469623512595,0.5289776011653343,0.1031371386984177,9795,157826,13034,3453,13590,37.71895237556411,0.996993396004
development,sunset,bilinear/linear/0.75/cap2,0.14254486344447373,0.2306130497938073,0.8976175568008544,0.9230867702463995,39.14255322079687,0.9977095125217419,1.9027701451326554e-05,5.3826023541874426e-17,0.009221394856770834,0.014899011451564415,0.14849981649116875,0.1663629316294407,0.317711780459758,0.09341040700780597,9795,157826,13034,3453,13590,39.75701721021668,0.9976803675993455
development,sunset,bilinear/linear/1/cap2,0.1184687802059066,0.19887727451104473,0.9333690754698395,0.9230867702464002,40.75162909548695,0.9970478417757642,1.9027701451326754e-05,5.4016366436534045e-17,0.020329793294270832,0.014899011451564415,0.12687420450173692,0.09452151843170525,0.13783470712864143,0.08601920087788906,9795,157826,13034,3453,13590,41.38378029561723,0.9971123288769455
development,sunset,bilinear/perceptual/0.5/cap2,0.039771740631431934,0.12528498455722134,0.9665607746143294,0.8991177800439287,44.22685831711525,0.996295223275666,1.90277014513267e-05,6.124230844669413e-17,0.0020802815755208335,0.014591300687933035,0.029322779993558416,0.1852190377681204,0.4372006429001629,0.04480571842334096,9795,157826,13034,3453,13590,44.76419196447124,0.9964761025795794
development,sunset,bilinear/perceptual/0.75/cap2,0.08803550295472816,0.197353495321768,1.0608351994268312,0.8991177800439284,42.01764113603441,0.9964412923575298,1.9027701451326717e-05,6.142708678275984e-17,0.020701090494791668,0.01443796758112575,0.08685072896998378,0.15768994502168368,0.18971415498023167,0.041743445738326924,9795,157826,13034,3453,13590,42.59522841897764,0.9965939671809972
development,sunset,bilinear/perceptual/1/cap2,0.18080184133113641,0.3849743678164209,1.166587150584409,0.8991177800439287,36.123038244371386,0.9951519152550864,1.9027701451326605e-05,6.158862881817583e-17,0.043482462565104164,0.014286149763416736,0.180067317965822,0.31483192293002615,0.17114351897393582,0.0673834071293735,9795,157826,13034,3453,13590,36.69932615399396,0.9951982605055729
development,sunset,bilinear/adaptive/0.5/cap2,0.039771740631431934,0.12528498455722134,0.9665607746143294,0.8991177800439287,44.22685831711525,0.996295223275666,1.90277014513267e-05,6.124230844669413e-17,0.0020802815755208335,0.014591300687933035,0.029322779993558416,0.1852190377681204,0.4372006429001629,0.04480571842334096,9795,157826,13034,3453,13590,44.76419196447124,0.9964761025795794
development,sunset,bilinear/adaptive/0.75/cap2,0.08803550295472816,0.197353495321768,1.0608351994268312,0.8991177800439284,42.01764113603441,0.9964412923575298,1.9027701451326717e-05,6.142708678275984e-17,0.020701090494791668,0.01443796758112575,0.08685072896998378,0.15768994502168368,0.18971415498023167,0.041743445738326924,9795,157826,13034,3453,13590,42.59522841897764,0.9965939671809972
development,sunset,bilinear/adaptive/1/cap2,0.18080184133113641,0.3849743678164209,1.166587150584409,0.8991177800439287,36.123038244371386,0.9951519152550864,1.9027701451326605e-05,6.158862881817583e-17,0.043482462565104164,0.014286149763416736,0.180067317965822,0.31483192293002615,0.17114351897393582,0.0673834071293735,9795,157826,13034,3453,13590,36.69932615399396,0.9951982605055729
development,sunset,bilinear/shadow/0.5/cap2,0.06421342207567893,0.11388785333608943,1.0015950803446838,0.8592941649883442,43.22081198105585,0.9955251161303451,1.9027701451326426e-05,6.317072030914927e-17,0.0020802815755208335,0.012408806461155447,0.05761847625793935,0.1830012177312583,0.43708051777285095,0.034894123197295644,9795,157826,13034,3453,13590,43.77775180990645,0.9957524655839768
development,sunset,bilinear/shadow/0.75/cap2,0.16938231353741004,0.2544786985559226,1.1178801646625494,0.8592941649883439,37.67608856146093,0.9956885560090578,1.902770145132676e-05,6.324488387452682e-17,0.020782470703125,0.011367223443393071,0.17969171710825232,0.1632956079596244,0.1895723182454148,0.07140006125900013,9795,157826,13034,3453,13590,38.282882268442464,0.9957630407697764
development,sunset,bilinear/shadow/1/cap2,0.2954363592334412,0.440474289415564,1.2492119151358654,0.8592941649883443,32.88047224442706,0.9946475110577269,1.9027701451326548e-05,6.311708987476744e-17,0.0450439453125,0.01048723688681579,0.31087771347215476,0.32259835703196693,0.1710976753820235,0.12628906884611824,9795,157826,13034,3453,13590,33.47751512426743,0.9944105025370019
development,sunset,bilinear/none/0.75/cap1.000,0.1770534782283015,0.2570612435977522,1.118941051148753,0.8793938771968528,37.55086303773788,0.9957878666571636,1.902770145132673e-05,6.323569669742862e-17,0.020782470703125,0.09350433758078595,0.18337489493863032,0.1632956079596244,0.1895723182454148,0.11429082038294143,9795,157826,13034,3453,13590,38.17391052138331,0.9958559629979602
development,sunset,bilinear/adaptive/0.75/cap1.000,0.08803550295472816,0.197353495321768,1.0608351994268312,0.8991177800439284,42.01764113603441,0.9964412923575298,1.9027701451326717e-05,6.142708678275984e-17,0.020701090494791668,0.01443796758112575,0.08685072896998378,0.15768994502168368,0.18971415498023167,0.041743445738326924,9795,157826,13034,3453,13590,42.59522841897764,0.9965939671809972
development,sunset,bilinear/none/0.75/cap2.322,0.1770534782283015,0.2570612435977522,1.11894105485242,0.8793938771968528,37.55086169816836,0.9957878284955655,1.902770145132673e-05,6.323569669742862e-17,0.020782470703125,0.09350433758078595,0.18337489493863032,0.1632956079596244,0.1895723182454148,0.11429082038294143,9795,157826,13034,3453,13590,38.17391022794476,0.9958559500176776
development,sunset,bilinear/adaptive/0.75/cap2.322,0.08803550295472816,0.197353495321768,1.0608351994268312,0.8991177800439284,42.01764113603441,0.9964412923575298,1.9027701451326717e-05,6.142708678275984e-17,0.020701090494791668,0.01443796758112575,0.08685072896998378,0.15768994502168368,0.18971415498023167,0.041743445738326924,9795,157826,13034,3453,13590,42.59522841897764,0.9965939671809972
development,sunset,bilinear/offset0.1,0.0870450146649065,0.16228974690027045,1.04409208437372,0.8838999179923639,42.4583916837323,0.9961251818150133,1.902770145132669e-05,6.103967340600621e-17,0.0118408203125,0.027734962727086525,0.08715768149669784,0.13025202734993346,0.27657843357006734,0.044278073711498965,9795,157826,13034,3453,13590,43.055097679910446,0.9963098443475051
development,sunset,bilinear/offset0.25,0.07216610319816852,0.16617983986322635,0.9422380342827213,0.8965030040605038,42.6172076817597,0.9959521955149907,1.9027701451326554e-05,5.522204537553982e-17,0.0030110677083333335,0.014957635986039195,0.06600839770760933,0.18972041983893895,0.42200308114614754,0.08302640606718167,9795,157826,13034,3453,13590,43.192083673072815,0.9961168646776397
development,sunset,bilinear/offset0.4,0.17690737225746275,0.3019618120141233,0.8623365778592622,0.8817685735912508,36.89422475440843,0.9951051995650111,1.9027701451326554e-05,2.9558203493345506e-17,0.00015767415364583334,0.014612463286961495,0.17404392415547396,0.3335442598982904,0.5718021808056576,0.11608292264650022,9795,157826,13034,3453,13590,37.49036178447391,0.9951198934156825
development,sunset,input/native512-u8/none,0.17597644848050556,0.257683179417637,1.120280886800116,0.8751579151076587,37.533394042384515,0.9957253813709759,1.902770145132671e-05,6.315882417743e-17,0.021642049153645832,0.07471588008194914,0.18302135797438407,0.1667680229536521,0.18468283342544126,0.09513158499456364,9795,157826,13034,3453,13590,38.14914103706458,0.9957733893978914
development,sunset,input/native512-u8/adaptive,0.0894215346071531,0.2031895954737965,1.062382770465591,0.8970916557725697,41.86280549522009,0.9963066663297402,1.9027701451326534e-05,6.137607822499627e-17,0.0215301513671875,0.014530336225665927,0.08814824384157412,0.16111999068471475,0.18482928446120173,0.04480421513616564,9795,157826,13034,3453,13590,42.44081486564173,0.9964561470304796
development,sunset,input/native512-float/none,0.1759786920307478,0.2576417455562384,1.120286148523764,0.8751414900389148,37.53313731729699,0.9957250848291915,1.9027701451326632e-05,6.333279011795719e-17,0.021642049153645832,0.07470316201248244,0.1830231784294143,0.16678663327464635,0.18471396336632806,0.09512397317355249,9795,157826,13034,3453,13590,38.14887420596585,0.9957731254405296
development,sunset,input/native512-float/adaptive,0.08942842949681994,0.20316629244899426,1.0623880712686373,0.897074104874465,41.86203362569728,0.9963062563093564,1.9027701451326615e-05,6.132695496989452e-17,0.021550496419270832,0.014530329513522754,0.08815464245439852,0.16113808141438887,0.18486061667249026,0.044803133759807455,9795,157826,13034,3453,13590,42.44004190383006,0.9964557568503892
development,sunset,input/native1024-float/none,0.17674028972675723,0.26795153685001927,1.127182365661615,0.8873771302676896,37.44500385445707,0.9961875771473229,1.9027701451326575e-05,6.318382936246804e-17,0.0261077880859375,0.05877251061152212,0.18306728217234064,0.1887803761712165,0.16404820730511424,0.11320748316791,9795,157826,13034,3453,13590,38.05212445048615,0.996193564932943
development,sunset,input/native1024-float/adaptive,0.09308802267160111,0.2218363695400905,1.0696128770067521,0.8990400430324448,41.43189897282951,0.9962697448500869,1.9027701451326483e-05,6.144852010204843e-17,0.025929768880208332,0.014579159384546311,0.09055791033430012,0.18272373125251032,0.16414986673027132,0.06154099029359985,9795,157826,13034,3453,13590,42.00852262806144,0.9964085841973678
development,sunset,input/padded512-float/none,0.17626113854328704,0.25741561240815936,1.1204345696967164,0.8747885514271533,37.52033899184177,0.9957246370267737,1.902770145132669e-05,6.335744197643829e-17,0.021626790364583332,0.07460104550226365,0.18336349577948646,0.1666573314369814,0.18472147857521853,0.09516862220603226,9795,157826,13034,3453,13590,38.13618277117758,0.9957721355471034
development,sunset,input/padded512-float/adaptive,0.08959413990385516,0.20310000444641998,1.0624613094271196,0.8970245413321152,41.85679190938842,0.9963072737093602,1.9027701451326564e-05,6.13980667029912e-17,0.021535237630208332,0.014530413957497816,0.08835487045701342,0.16101029268594924,0.1848681318813805,0.04482085780487885,9795,157826,13034,3453,13590,42.434951044109866,0.9964565668684875
development,sunset,input/flipY512-float/none,0.17460296767898312,0.25741185995724347,1.118585374743788,0.871226265803977,37.584439786606,0.9956849042482997,1.9027701451326707e-05,6.319955321662541e-17,0.020757039388020832,0.07386456820472999,0.18144816891133336,0.1674203601259217,0.19424891652720427,0.09335056504904775,9795,157826,13034,3453,13590,38.199557435888984,0.9957371632450346
development,sunset,input/flipY512-float/adaptive,0.0890180873978378,0.2023444763228652,1.0609901495138554,0.894207777543903,41.892203744419575,0.9962654466036774,1.902770145132662e-05,6.128174588230451e-17,0.020685831705729168,0.014536775066693076,0.08762645977729473,0.16184143212113017,0.194404633152537,0.04533465276888114,9795,157826,13034,3453,13590,42.46973718556153,0.9964169146089824
development,sunset,input/flipX512-float/none,0.17408489329304103,0.255485248571893,1.118430201992022,0.8732008245996717,37.61290276652701,0.9957089444424201,1.902770145132646e-05,6.328284032015118e-17,0.0211944580078125,0.073419580575959,0.18093600478242058,0.16677579525260805,0.1899886924957363,0.09323010418025399,9795,157826,13034,3453,13590,38.22808548099087,0.9957608037261143
development,sunset,input/flipX512-float/adaptive,0.08839511867866225,0.2020044069832652,1.06094436661903,0.8954723692469474,41.92553425826876,0.9962886114246235,1.902770145132663e-05,6.13911636659133e-17,0.021113077799479168,0.014536640240703589,0.08696809754184198,0.16117897890879845,0.1901409824468761,0.04499154940369021,9795,157826,13034,3453,13590,42.50301878540073,0.9964398775955191
development,sunset,input/ensemble512-float/none,0.17482072530762996,0.25599053578900166,1.11907689520054,0.8746655765950601,37.58695936272063,0.9957481259973388,1.9027701451326466e-05,6.326711835184848e-17,0.021153767903645832,0.07396274501102951,0.18174734704569337,0.1667420782747632,0.18929589495917298,0.09329026495816574,9795,157826,13034,3453,13590,38.20222331398275,0.9957971442325506
development,sunset,input/ensemble512-float/adaptive,0.08885377956496775,0.20181426216333184,1.061424077513331,0.8961634402679108,41.90948717587563,0.9963128730785709,1.902770145132664e-05,6.12198341861481e-17,0.021062215169270832,0.014534581607019209,0.0874976146618533,0.1611258852882337,0.18944803666475146,0.044406888867344674,9795,157826,13034,3453,13590,42.48717016458058,0.9964626095962228
development,sunset,gamma22/full,0.3348585221681735,0.47213509220778466,1.270797101820052,0.7969421220801897,31.859085917165228,0.9863604022054331,0.000573052454400457,0.0005658949398633895,0.0474395751953125,0.241918864050723,0.3403646444158819,0.3380298204184118,0.17759881863102905,0.22091945313766256,9795,157826,13034,3453,13590,32.62376380182338,0.9866667478067092
development,sunset,gamma22/adaptive,0.12772422367160052,0.2641799535866644,1.0778165264721549,0.8212525627160205,38.293525232627616,0.9874421700223014,0.000573052454400457,0.0005658949398633895,0.0222625732421875,0.3564489799635371,0.11015968339521542,0.16852383589971387,0.18144462868965797,0.16052807840920474,9795,157826,13034,3453,13590,39.81476283969476,0.9881456780585516
development,sunset,learned/scene-scale,0.35390499098264616,0.5146056287225957,1.301696966909706,0.8793938771968531,31.514820305217647,0.9944713566316009,1.902770145132677e-05,6.284892248168477e-17,0.055013020833333336,0.14252169488440986,0.3635560729107089,0.395895763493295,0.2243101577089936,0.21666728203925303,9795,157826,13034,3453,13590,32.117721604308684,0.9940538993711193
development,sunset,learned/residual-cnn,0.4139410196857015,0.5114904357281773,1.2936897954460829,0.8139020498213702,30.57599255835803,0.9916552919000869,1.902770145132675e-05,6.324722882377307e-17,0.034703572591145836,0.48217437975298555,0.4227496820880967,0.25600165232499184,0.15264254850998069,0.4027895360870952,9795,157826,13034,3453,13590,31.2587971643843,0.9905920305282121
validation,validation-04,SDR,1.2012674716109475,1.7355867000741199,0.40606356621848605,,20.86126067759586,0.9565119010314541,0.005027492001427209,0.0,0.0,1.545939915091653,1.1239999521824682,2.0027185540224117,1.722611340686996,1.2103434311372574,11400,151320,9686,18012,16241,21.521333941503094,0.9494492897082575
validation,validation-04,production/legacy,1.1181476690564285,1.5982856396615865,0.4535326705022641,0.46616947438106415,21.61361890372683,0.9572875114113131,0.005228842636253463,0.0008964662943771492,0.011330409356725146,1.5299622018551862,1.0669636688326138,1.433084406611848,1.2874589151301137,1.203573392182933,11400,151320,9686,18012,16241,22.297013496695797,0.9514367883074327
validation,validation-04,production/v11,0.9227027307909175,1.540649854377179,0.5365664223090264,0.2579075125518991,23.074598854288077,0.9556413619176322,0.00524711096558632,0.0008982628738702654,0.026584201388888888,1.5214832763211525,0.8581582183201034,1.226313861086076,1.0185682489987855,1.1327092223039368,11400,151320,9686,18012,16241,23.78767860319084,0.9520756233696905
validation,validation-04,production/v11-bilinear,0.9229025736197712,1.5403106717388404,0.5367851231269153,0.25800711362889583,23.073516114847955,0.9555649955358166,0.005245286346666684,0.0008975256717249638,0.026829769736842105,1.522321230536425,0.858479664557387,1.2238629195283113,1.0171326550319115,1.1375023818365484,11400,151320,9686,18012,16241,23.786865848173907,0.9520077473012415
validation,validation-04,production/full-edge,0.6862569049007864,1.3533983776381362,0.6399585698884288,0.2356174323988847,25.194063680421884,0.9629193430953478,0.005221995596439726,0.0008912200930966338,0.05084978070175439,1.3739165300693197,0.6170434716490197,0.9582016697919761,0.7500481008022686,0.9488293916298698,11400,151320,9686,18012,16241,25.939316261763985,0.9610521577008285
validation,validation-04,production/full-bilinear,0.687459097841799,1.3585653411134573,0.6402605525535131,0.23276449285494724,25.18080270997253,0.9625421626261288,0.0052175363360859005,0.0008901488908917305,0.05098684210526316,1.3821040356372551,0.6180065426729277,0.9549181477370515,0.7481206320820342,0.9610988492584172,11400,151320,9686,18012,16241,25.927582108766476,0.9607027776481496
validation,validation-04,edge/none/0.5/cap2,0.941672732220081,1.510050249399419,0.507954289222139,0.24983707663977583,22.87098872978777,0.9644251563043533,0.00502749200142721,5.695877819361072e-17,0.0062305829678362575,1.4430224876517235,0.8694147242134057,1.4804601119071938,1.2363297207446322,1.0686888117208722,11400,151320,9686,18012,16241,23.553753714345284,0.9601716947262476
validation,validation-04,edge/none/0.75/cap2,0.8118862986881288,1.4134169365962808,0.5697092169020382,0.24983707663977503,24.019959148453445,0.9654611868553181,0.005027492001427209,5.719812947612298e-17,0.026983963815789474,1.3916089908491953,0.7421311638063413,1.219330890849585,0.9931889107734503,0.9978932409978883,11400,151320,9686,18012,16241,24.725064549002038,0.9624269471640925
validation,validation-04,edge/none/1/cap2,0.6823826469751971,1.3244162300980133,0.6401704670081998,0.24984026220339506,25.248687264377523,0.9645801673536292,0.005027492001427209,5.730942123107684e-17,0.05084978070175439,1.3412329925912978,0.6150916279755482,0.9582016697919761,0.7500481008022686,0.9277208126108005,11400,151320,9686,18012,16241,25.98699045458949,0.962633542567578
validation,validation-04,edge/linear/0.5/cap2,1.147827296642953,1.6154158718877725,0.4355059671462666,0.5854959662556296,21.371612200220692,0.9634749085882333,0.00502749200142721,4.331559493769181e-17,0.004734329312865497,1.545939915091653,1.0874883984389059,1.6219134236222323,1.4331379370557857,1.20832601308482,11400,151320,9686,18012,16241,22.045748267334528,0.9567601725508662
validation,validation-04,edge/linear/0.75/cap2,1.1211072091589562,1.556735629674336,0.45256309900845243,0.585495966255627,21.620586132490736,0.9655487536059013,0.005027492001427209,4.333291316607181e-17,0.011564555921052632,1.545939915091653,1.0692326215671244,1.4315108584221425,1.2884012352401808,1.2073173040586014,11400,151320,9686,18012,16241,22.302767546010212,0.9590898719863257
validation,validation-04,edge/linear/1/cap2,1.094387121674959,1.4971328559635997,0.4714833365044702,0.5854959662556296,21.86213982928342,0.9667159323932714,0.005027492001427209,4.3423772718137374e-17,0.02425986842105263,1.545939915091653,1.0509768446953434,1.2411082932220525,1.1436645334245759,1.2063085950323822,11400,151320,9686,18012,16241,22.552890556779555,0.9605499431901442
validation,validation-04,edge/perceptual/0.5/cap2,1.0194672345195466,1.5702987350098387,0.4870116218229106,0.2875116862865649,22.30420443806507,0.9620874890654442,0.005027492001427209,5.565482980788764e-17,0.0062305829678362575,1.5451800119877936,0.9501611075998695,1.483464494724745,1.2519786382336504,1.1729277694004407,11400,151320,9686,18012,16241,22.994270003123823,0.9570619908355736
validation,validation-04,edge/perceptual/0.75/cap2,0.9285671159738459,1.5062641351522095,0.5355480365791221,0.2875116862865649,23.06700247530193,0.9627801356291795,0.005027492001427209,5.598138503725822e-17,0.026858324195906433,1.5448000604358643,0.8632416853085699,1.2238374650759114,1.0166622870069775,1.1542199385320324,11400,151320,9686,18012,16241,23.77980098181167,0.9586562340801514
validation,validation-04,edge/perceptual/1/cap2,0.837666997428146,1.4577502956159032,0.5905794320978313,0.28751168628656504,23.834649908978903,0.962165971568915,0.005027492001427209,5.592878269508942e-17,0.04912509137426901,1.5444201088839347,0.7763222630172704,0.964210435427078,0.7813459357803048,1.1355121076636239,11400,151320,9686,18012,16241,24.576000562348415,0.9588549346452615
validation,validation-04,edge/adaptive/0.5/cap2,1.0194672345195466,1.5702987350098387,0.4870116218229106,0.2875116862865649,22.30420443806507,0.9620874890654442,0.005027492001427209,5.565482980788764e-17,0.0062305829678362575,1.5451800119877936,0.9501611075998695,1.483464494724745,1.2519786382336504,1.1729277694004407,11400,151320,9686,18012,16241,22.994270003123823,0.9570619908355736
validation,validation-04,edge/adaptive/0.75/cap2,0.9285671159738459,1.5062641351522095,0.5355480365791221,0.2875116862865649,23.06700247530193,0.9627801356291795,0.005027492001427209,5.598138503725822e-17,0.026858324195906433,1.5448000604358643,0.8632416853085699,1.2238374650759114,1.0166622870069775,1.1542199385320324,11400,151320,9686,18012,16241,23.77980098181167,0.9586562340801514
validation,validation-04,edge/adaptive/1/cap2,0.837666997428146,1.4577502956159032,0.5905794320978313,0.28751168628656504,23.834649908978903,0.962165971568915,0.005027492001427209,5.592878269508942e-17,0.04912509137426901,1.5444201088839347,0.7763222630172704,0.964210435427078,0.7813459357803048,1.1355121076636239,11400,151320,9686,18012,16241,24.576000562348415,0.9588549346452615
validation,validation-04,edge/shadow/0.5/cap2,0.9576773192298746,1.5669302105757767,0.5067363235895618,0.17895424571256785,22.754651208665294,0.9622888043567569,0.005027492001427209,5.692453491497982e-17,0.0062305829678362575,1.540723862278418,0.8802889718823601,1.4804601119071938,1.2363297207446322,1.1306505622119676,11400,151320,9686,18012,16241,23.44861075160077,0.9579877390315501
validation,validation-04,edge/shadow/0.75/cap2,0.8358822430393383,1.5002293217014873,0.5677832427608549,0.1789542457125682,23.80626089164119,0.962675459967545,0.005027492001427209,5.729818181861307e-17,0.026983963815789474,1.538115835871801,0.7584334817323061,1.219330890849585,0.9931889107734503,1.0908041277493228,11400,151320,9686,18012,16241,24.53048925450373,0.9595146568463662
validation,validation-04,edge/shadow/1/cap2,0.7141926943678041,1.446416576588009,0.6374598531293374,0.17895424571256793,24.896739902832557,0.9614963503405802,0.005027492001427209,5.719122478967852e-17,0.05084978070175439,1.5355078094651835,0.6366982240527852,0.9582016697919761,0.7500481008022686,1.0509831570469457,11400,151320,9686,18012,16241,25.66345561069964,0.9593120977065681
validation,validation-04,edge/none/0.75/cap1.000,0.8119281453619747,1.4134169365962808,0.5697048634145481,0.24988971466266477,24.019801091675895,0.9654879328607346,0.005027492001427209,5.71823187627387e-17,0.026983963815789474,1.3922116830368294,0.7421334366500636,1.219330890849585,0.9931889107734503,0.9981314464141564,11400,151320,9686,18012,16241,24.72493631012799,0.962451418339575
validation,validation-04,edge/adaptive/0.75/cap1.000,0.9285671159738459,1.5062641351522095,0.5355480365791221,0.2875116862865649,23.06700247530193,0.9627801356291795,0.005027492001427209,5.598138503725822e-17,0.026858324195906433,1.5448000604358643,0.8632416853085699,1.2238374650759114,1.0166622870069775,1.1542199385320324,11400,151320,9686,18012,16241,23.77980098181167,0.9586562340801514
validation,validation-04,edge/none/0.75/cap2.322,0.8118862986881288,1.4134169365962808,0.5697092169020382,0.24983707663977503,24.019959148453445,0.9654611868553181,0.005027492001427209,5.719812947612298e-17,0.026983963815789474,1.3916089908491953,0.7421311638063413,1.219330890849585,0.9931889107734503,0.9978932409978883,11400,151320,9686,18012,16241,24.725064549002038,0.9624269471640925
validation,validation-04,edge/adaptive/0.75/cap2.322,0.9285671159738459,1.5062641351522095,0.5355480365791221,0.2875116862865649,23.06700247530193,0.9627801356291795,0.005027492001427209,5.598138503725822e-17,0.026858324195906433,1.5448000604358643,0.8632416853085699,1.2238374650759114,1.0166622870069775,1.1542199385320324,11400,151320,9686,18012,16241,23.77980098181167,0.9586562340801514
validation,validation-04,edge/offset0.1,0.9077264759935525,1.487479916914497,0.5318523364521388,0.26838254455159105,23.19326917578025,0.9635373461495275,0.005027492001427209,5.5099282993384004e-17,0.01586485745614035,1.4622472772410124,0.8396037063892928,1.3193308908495849,1.0931889107734503,1.0798220050039833,11400,151320,9686,18012,16241,23.892214799716584,0.959532575645346
validation,validation-04,edge/offset0.25,1.0370824395996643,1.5553672847005622,0.4812809513817515,0.34132038990679836,22.173689695548795,0.9617308851985086,0.005027492001427209,4.5545862608822944e-17,0.007566931652046784,1.5129776177071677,0.9735616655497551,1.469330890849585,1.2431889107734502,1.1618271007151622,11400,151320,9686,18012,16241,22.86027739516375,0.9562981712935322
validation,validation-04,edge/offset0.4,1.1297400244881788,1.6055086457283505,0.44247030385793945,0.4818987740045855,21.488783200167397,0.9606104757585155,0.005027492001427209,2.898448598869907e-17,0.0033237390350877192,1.5318007147575752,1.0681118905274607,1.6193205904457237,1.3931889107734503,1.196163143554523,11400,151320,9686,18012,16241,22.16365442437048,0.9541508719516237
validation,validation-04,bilinear/none/0.5/cap2,0.9421953727634534,1.5113999126469646,0.5080649679116774,0.24729510026878967,22.86783207625419,0.9643500209641076,0.005027492001427209,5.704031651287646e-17,0.006350511695906433,1.4465446571270693,0.8698499325851593,1.4788183508797317,1.2353659863845152,1.0743799605118212,11400,151320,9686,18012,16241,23.55110257988398,0.9601105141427712
validation,validation-04,bilinear/none/0.75/cap2,0.8126699057586412,1.415512554761086,0.5699068561982008,0.24729510026878934,24.013780855572506,0.9652811663965575,0.00502749200142721,5.712603169557997e-17,0.027263797514619884,1.3968866708648338,0.7427839932696547,1.2168682493083915,0.9917433092332746,1.0064260515034338,11400,151320,9686,18012,16241,24.71975106062638,0.9622671068759711
validation,validation-04,bilinear/none/1/cap2,0.6834088348212083,1.3278986630578862,0.640483676836699,0.24729795247230296,25.237750288207074,0.9642631635431715,0.005027492001427209,5.703834847204958e-17,0.05098684210526316,1.348128556630281,0.6159514991515924,0.9549181477370515,0.7481206320820342,0.938965049498759,11400,151320,9686,18012,16241,25.977343715750294,0.9623412698333558
validation,validation-04,bilinear/linear/0.5/cap2,1.1476881174911902,1.6153963739562323,0.43560007432446274,0.5850524409459505,21.372897278641368,0.9635396466273886,0.005027492001427209,4.318798792359417e-17,0.004802860014619883,1.545939915091653,1.0874104906502482,1.620653221861007,1.432415388302341,1.2083929253974564,11400,151320,9686,18012,16241,22.047079076212604,0.956824986819947
validation,validation-04,bilinear/linear/0.75/cap2,1.1208984404313111,1.5561972236758876,0.45272144102518286,0.5850524409459494,21.62243751367431,0.9656035261977483,0.00502749200142721,4.324437754727783e-17,0.011650219298245614,1.545939915091653,1.069115759884138,1.4296205557803048,1.287317412110013,1.2074176725275558,11400,151320,9686,18012,16241,22.304691755955716,0.9591475917058656
validation,validation-04,bilinear/linear/1/cap2,1.0941087633714326,1.496121247098206,0.471721096743165,0.5850524409459507,21.864471625071403,0.9667355271961265,0.00502749200142721,4.342259845762005e-17,0.02445403874269006,1.545939915091653,1.0508210291180282,1.2385878896996025,1.1422194359176856,1.206442419657655,11400,151320,9686,18012,16241,22.555322889794702,0.9605764215012945
validation,validation-04,bilinear/perceptual/0.5/cap2,1.0193096359261549,1.569867692674362,0.4871791877596251,0.28679656697156863,22.305532339697805,0.9620939535758655,0.005027492001427209,5.576442442865728e-17,0.006350511695906433,1.5452057015125071,0.9500842990958794,1.4818290269516428,1.251019194117308,1.1744288812958927,11400,151320,9686,18012,16241,22.995702315407165,0.9570757802415706
validation,validation-04,bilinear/perceptual/0.75/cap2,0.9283307180837589,1.5055887180818597,0.5358379338789512,0.2867965669715681,23.068715096056703,0.9626895742364139,0.00502749200142721,5.598057056321512e-17,0.027098181652046784,1.5448385947229346,0.8631264725525852,1.2213842634162584,1.0152231208324642,1.15647160637521,11400,151320,9686,18012,16241,23.781690964854775,0.9585801657076158
validation,validation-04,bilinear/perceptual/1/cap2,0.8373518002413624,1.456843587134851,0.591025906958073,0.28679656697156863,23.836281605427068,0.9619221103171295,0.00502749200142721,5.58962580650456e-17,0.04923359831871345,1.5444714879333614,0.7761686460092909,0.9609394998808737,0.7794270475476203,1.1385143314545276,11400,151320,9686,18012,16241,24.577883606322956,0.9586334598080035
validation,validation-04,bilinear/adaptive/0.5/cap2,1.0193096359261549,1.569867692674362,0.4871791877596251,0.28679656697156863,22.305532339697805,0.9620939535758655,0.005027492001427209,5.576442442865728e-17,0.006350511695906433,1.5452057015125071,0.9500842990958794,1.4818290269516428,1.251019194117308,1.1744288812958927,11400,151320,9686,18012,16241,22.995702315407165,0.9570757802415706
validation,validation-04,bilinear/adaptive/0.75/cap2,0.9283307180837589,1.5055887180818597,0.5358379338789512,0.2867965669715681,23.068715096056703,0.9626895742364139,0.00502749200142721,5.598057056321512e-17,0.027098181652046784,1.5448385947229346,0.8631264725525852,1.2213842634162584,1.0152231208324642,1.15647160637521,11400,151320,9686,18012,16241,23.781690964854775,0.9585801657076158
validation,validation-04,bilinear/adaptive/1/cap2,0.8373518002413624,1.456843587134851,0.591025906958073,0.28679656697156863,23.836281605427068,0.9619221103171295,0.00502749200142721,5.58962580650456e-17,0.04923359831871345,1.5444714879333614,0.7761686460092909,0.9609394998808737,0.7794270475476203,1.1385143314545276,11400,151320,9686,18012,16241,24.577883606322956,0.9586334598080035
validation,validation-04,bilinear/shadow/0.5/cap2,0.9577342936320242,1.5667553910449272,0.5068804366292949,0.17877149129646633,22.754672993347683,0.9622807801636226,0.005027492001427209,5.702029448918885e-17,0.006350511695906433,1.5409021855077405,0.8804455403549658,1.4788183508797317,1.2353659863845152,1.1339239668994296,11400,151320,9686,18012,16241,23.44879010220994,0.957987578896583
validation,validation-04,bilinear/shadow/0.75/cap2,0.8359677046425625,1.4998712439682558,0.5680355500309884,0.1787714912964665,23.805792492432786,0.9625814824157295,0.00502749200142721,5.706230721018482e-17,0.027263797514619884,1.538383320715784,0.7586683344412145,1.2168682493083915,0.9917433092332746,1.0957142347805156,11400,151320,9686,18012,16241,24.530285486820546,0.9594330807183515
validation,validation-04,bilinear/shadow/1/cap2,0.7143061341461079,1.4460797319570333,0.6378526339523972,0.17877149129646633,24.895028734253238,0.9612721729608725,0.005027492001427209,5.7029994838061e-17,0.05098684210526316,1.5358644559238277,0.637010781040716,0.9549181477370515,0.7481206320820342,1.0575161598015501,11400,151320,9686,18012,16241,25.66211322020399,0.9591041118553323
validation,validation-04,bilinear/none/0.75/cap1.000,0.8127074472598536,1.415512554761086,0.5699028516171034,0.24733752749035592,24.013633816616384,0.9653060867096743,0.00502749200142721,5.710858669993575e-17,0.027263797514619884,1.397432751704461,0.7427856259585673,1.2168682493083915,0.9917433092332746,1.0066360222707231,11400,151320,9686,18012,16241,24.719632566730155,0.9622898587585392
validation,validation-04,bilinear/adaptive/0.75/cap1.000,0.9283307180837589,1.5055887180818597,0.5358379338789512,0.2867965669715681,23.068715096056703,0.9626895742364139,0.00502749200142721,5.598057056321512e-17,0.027098181652046784,1.5448385947229346,0.8631264725525852,1.2213842634162584,1.0152231208324642,1.15647160637521,11400,151320,9686,18012,16241,23.781690964854775,0.9585801657076158
validation,validation-04,bilinear/none/0.75/cap2.322,0.8126699057586412,1.415512554761086,0.5699068561982008,0.24729510026878934,24.013780855572506,0.9652811663965575,0.00502749200142721,5.712603169557997e-17,0.027263797514619884,1.3968866708648338,0.7427839932696547,1.2168682493083915,0.9917433092332746,1.0064260515034338,11400,151320,9686,18012,16241,24.71975106062638,0.9622671068759711
validation,validation-04,bilinear/adaptive/0.75/cap2.322,0.9283307180837589,1.5055887180818597,0.5358379338789512,0.2867965669715681,23.068715096056703,0.9626895742364139,0.00502749200142721,5.598057056321512e-17,0.027098181652046784,1.5448385947229346,0.8631264725525852,1.2213842634162584,1.0152231208324642,1.15647160637521,11400,151320,9686,18012,16241,23.781690964854775,0.9585801657076158
validation,validation-04,bilinear/offset0.1,0.9083208029243126,1.489154639797774,0.5320502412891721,0.26649553815005067,23.189548143265178,0.96342500222884,0.005027492001427209,5.4869583925777937e-17,0.016099004020467836,1.4661650876611179,0.8401433286203489,1.3168682493083914,1.091743309233275,1.0872513678069784,11400,151320,9686,18012,16241,23.889104500113348,0.9594399660881083
validation,validation-04,bilinear/offset0.25,1.0372602038640213,1.5548538080527943,0.4814872540379558,0.3406323909875308,22.173490241487247,0.9617894430679822,0.00502749200142721,4.528913598599803e-17,0.007675438596491228,1.5147236911149715,0.9737902905489604,1.4668682493083915,1.2417433092332746,1.166366604817054,11400,151320,9686,18012,16241,22.860382001606617,0.9563677799937655
validation,validation-04,bilinear/offset0.4,1.1297565681091848,1.6053990018909052,0.4426278158629842,0.4825238609340986,21.489665528049812,0.960829146530384,0.005027492001427209,2.906209229534305e-17,0.003420824195906433,1.5326338625772746,1.0682254122700972,1.6168609811418608,1.3917433092332745,1.1980469548197408,11400,151320,9686,18012,16241,22.16470222749137,0.9543670002561488
validation,validation-04,input/native512-u8/none,0.8174275316621877,1.4281740468101058,0.5698592256474332,0.24551031599497522,23.997430199334705,0.9677409031070419,0.00502749200142721,5.860147762340682e-17,0.027777777777777776,1.4488134525482699,0.744565986198473,1.2125968029266914,0.9892933901926587,1.0384307861429387,11400,151320,9686,18012,16241,24.709514610899,0.9645699073967864
validation,validation-04,input/native512-u8/adaptive,0.9277227112005968,1.5042196698778587,0.5362022388012019,0.2916005981517864,23.079262204054803,0.962948027243189,0.00502749200142721,5.703915643371815e-17,0.027595029239766082,1.5450983950943389,0.8626864669507787,1.2171302771198391,1.0127939105755221,1.1582177157247546,11400,151320,9686,18012,16241,23.792648456449406,0.9588465609402258
validation,validation-04,input/native512-float/none,0.8174076849448031,1.428262147021041,0.5698678851463911,0.24545237209542717,23.997578770707957,0.9677412457003575,0.00502749200142721,5.852093880282352e-17,0.027760645102339183,1.4488141610762637,0.7445424771851821,1.2126099779746637,0.9892959189408917,1.0384251100876656,11400,151320,9686,18012,16241,24.70966713993827,0.9645703583379325
validation,validation-04,input/native512-float/adaptive,0.9277084097499156,1.504218679788451,0.5362082151314433,0.2915659574112531,23.079363087699356,0.962948016613356,0.00502749200142721,5.710264521564463e-17,0.02761216191520468,1.5450983814507178,0.8626693379668534,1.2171433328165961,1.0127964308836037,1.1582143253223247,11400,151320,9686,18012,16241,23.79275182103779,0.9588466694427071
validation,validation-04,input/native1024-float/none,0.8136415720451751,1.4268287680593588,0.5742492756071321,0.22989731890160198,24.02886391413146,0.9669892042053574,0.00502749200142721,5.868529732924982e-17,0.03146130299707602,1.4617719763947137,0.7412956287867873,1.181048295591994,0.9700768166819416,1.039393925550366,11400,151320,9686,18012,16241,24.745341165973894,0.9639800684846674
validation,validation-04,input/native1024-float/adaptive,0.9223162422134865,1.4976593767012927,0.5403164745176584,0.28644011331427843,23.12182906304942,0.9626188426624174,0.005027492001427209,5.689247458364985e-17,0.031204312865497075,1.54519007918238,0.8585294161695676,1.1857336256039894,0.9937284223707247,1.1544464978464726,11400,151320,9686,18012,16241,23.837352952321904,0.9586156851585856
validation,validation-04,input/padded512-float/none,0.8179509111849302,1.4282622010377501,0.5697373056432959,0.24372150794237651,23.99128973814374,0.9677311283445692,0.00502749200142721,5.856786758171635e-17,0.027760645102339183,1.4488991808030274,0.7451549914797606,1.2126100373608526,0.9892958896878904,1.0384614173818705,11400,151320,9686,18012,16241,24.703336850346243,0.9645570222619718
validation,validation-04,input/padded512-float/adaptive,0.9279495821764654,1.504218679788451,0.5361514156513074,0.29093814210847957,23.076867150002563,0.962944818559848,0.005027492001427209,5.710136809385371e-17,0.02761216191520468,1.5450992719720973,0.8629440462870687,1.2171433904681568,1.012796405638777,1.1582114915819526,11400,151320,9686,18012,16241,23.79023731823446,0.9588416933283769
validation,validation-04,input/flipY512-float/none,0.8185855027953901,1.4313032963664765,0.5694020039589377,0.258255479591364,23.996261963116655,0.9678005659302441,0.005027492001427209,5.850855936006859e-17,0.0270296509502924,1.4500904863087596,0.7455854532490938,1.2157784292142575,0.9881844455201523,1.0407605510245508,11400,151320,9686,18012,16241,24.708614016202255,0.9646190198911188
validation,validation-04,input/flipY512-float/adaptive,0.9283565490456487,1.5055457894249813,0.5358487283270515,0.30024772386779663,23.079584098973463,0.9630766534843629,0.005027492001427209,5.697303667026298e-17,0.02687545687134503,1.5451084995407125,0.86320439059557,1.2203090971586188,1.0118725567705629,1.1589814723525775,11400,151320,9686,18012,16241,23.792975272245982,0.9589646184191962
validation,validation-04,input/flipX512-float/none,0.8166118509887895,1.4277326534601635,0.5702467386641931,0.2460224315887826,24.005377751848208,0.9677493370648885,0.005027492001427209,5.86562786102306e-17,0.027806332236842105,1.4486777390850125,0.7437100731274979,1.211609363034393,0.987571936006102,1.0385380555777477,11400,151320,9686,18012,16241,24.717656277636117,0.964584633757146
validation,validation-04,input/flipX512-float/adaptive,0.9271819168738709,1.5047704054908797,0.5364919678906114,0.2921035900474043,23.08418379455143,0.9629594368498449,0.00502749200142721,5.700357365867545e-17,0.027617872807017545,1.5450966319991046,0.8621332369311503,1.2161493437275597,1.0111484839607932,1.1584091654317747,11400,151320,9686,18012,16241,23.797724559132543,0.9588618946687123
validation,validation-04,input/ensemble512-float/none,0.817535012940243,1.428957358425724,0.5698280767605378,0.2501650128293235,24.00012296470524,0.967807760721993,0.00502749200142721,5.856293615425679e-17,0.027595029239766082,1.4491941288002528,0.744612667876984,1.2133325902857148,0.9883507671290311,1.0392412389408094,11400,151320,9686,18012,16241,24.71236517119263,0.964632925897384
validation,validation-04,input/ensemble512-float/adaptive,0.927748958588579,1.504778452085513,0.5361763255167973,0.29474347852562427,23.081205110350247,0.9630166606595693,0.00502749200142721,5.704374254614546e-17,0.02735517178362573,1.5451011709963527,0.8626689885210579,1.2178672581104348,1.0119391574961312,1.1585349877120898,11400,151320,9686,18012,16241,23.79464859066905,0.9589117607322551
validation,validation-04,gamma22/full,0.6857845893465089,1.447848524064801,0.6494078612355608,0.12523050520550197,25.060118478065583,0.9584181065973393,0.00630251890210418,0.0017068004311926773,0.05252878289473684,1.6016047056274447,0.6004311319663548,0.9413426984898289,0.7317000819828264,1.0327310298495707,11400,151320,9686,18012,16241,25.88109760873113,0.956915421263029
validation,validation-04,gamma22/adaptive,0.9306168837017574,1.637324450665748,0.5432853177409174,0.13752442822775035,22.987688160086787,0.9563410647555353,0.00630251890210418,0.001706800431192678,0.028640122441520467,1.7990281363749594,0.8474502876207336,1.207808814169036,0.9988025707332566,1.250575533404938,11400,151320,9686,18012,16241,23.75625724313649,0.9528068822142377
validation,validation-04,learned/scene-scale,0.688100688555758,1.3308032733278439,0.6377373790640795,0.24729510026878973,25.192187747759974,0.9643320446527442,0.005027492001427209,5.71863049890624e-17,0.05019873903508772,1.3498887951583387,0.6205521520845505,0.9644851737461033,0.757018297991379,0.9414130436188647,11400,151320,9686,18012,16241,25.930337014129634,0.9623729095666396
validation,validation-04,learned/residual-cnn,0.5864473393808594,1.0471960770697328,0.6169719394337029,0.1713383629226123,25.887584941986297,0.9697565119525644,0.005027492001427209,5.833904431141302e-17,0.019851059941520467,0.7987924614625846,0.526125461691305,1.278907812254253,1.0411903578009487,0.5179247752220979,11400,151320,9686,18012,16241,26.504263423000857,0.9692455220151646
validation,validation-05,SDR,0.3338068504177465,0.759908837392922,0.47941182747210187,,30.565594609003547,0.9718063774028705,0.006051702816475481,0.0,3.452493686868687e-05,0.32625566101883813,0.226839915501042,1.7996956592671125,1.8607661890773761,0.34409797287628113,104497,41821,3590,3741,11590,31.45773833024699,0.9705562334251524
validation,validation-05,production/legacy,0.30221135471504884,0.6524570079934816,0.6021965250234131,0.7846117259293829,32.98491333896858,0.9789625046030888,0.006211085423113794,0.00030195521018648423,0.010687934027777778,0.32726646068011744,0.18461449671632707,0.9428338589860152,1.0287933873494581,0.31474007469934084,104497,41821,3590,3741,11590,34.20465284436278,0.9779722937961123
validation,validation-05,production/v11,0.2920890747743254,0.6288801625658975,0.6255357697920411,0.746060464571052,33.25419483390771,0.9782870985823867,0.0061997858699063026,0.00029760506110899216,0.011955492424242424,0.3268092513046355,0.15368434513605367,0.8937798578702427,0.9750670694625215,0.28902328844690994,104497,41821,3590,3741,11590,34.51282519486976,0.9773990898686857
validation,validation-05,production/v11-bilinear,0.2919736936315647,0.6290032817410735,0.6284973643292603,0.7496102059242654,33.29791282064643,0.9784534973270776,0.006194138915443439,0.0002891809659723285,0.012059067234848484,0.32683031087985426,0.1547068796368484,0.8764370628456345,0.9589875716922861,0.2914106113851949,104497,41821,3590,3741,11590,34.56657765559869,0.9775688908319499
validation,validation-05,production/full-edge,0.2386701364238605,0.5444090578654727,0.8127784327833999,0.5771901965694398,34.60831142433659,0.9792931061383529,0.006126971352149583,0.00018551359151305495,0.020369712752525252,0.2205625249499772,0.24922250676705837,0.6428150935446159,0.6664505075543593,0.2282633934131853,104497,41821,3590,3741,11590,35.86787288203486,0.9792375319272215
validation,validation-05,production/full-bilinear,0.23842165573777188,0.543516726161394,0.8188243915331661,0.5843327139920748,34.677632578078615,0.9795121654749388,0.006114667460423617,0.00016894285429800476,0.020453559027777776,0.22113837935858918,0.24830659955966408,0.6263470864397515,0.6495630690409103,0.2276451226847465,104497,41821,3590,3741,11590,35.95581084295121,0.9794690142117155
validation,validation-05,edge/none/0.5/cap2,0.2568716136667076,0.5790204020287477,0.6124486579927615,0.5772685642361269,33.10381208941662,0.9766281784679801,0.006051702816475481,5.927974577054945e-17,0.009025804924242424,0.2682893319923937,0.1535880093569179,1.1277090242406589,1.2018434798362663,0.24105762248306517,104497,41821,3590,3741,11590,34.18295879467393,0.976170643852452
validation,validation-05,edge/none/0.75/cap2,0.23921330359316528,0.5307913249871669,0.7020740106789763,0.5772685642361269,34.141512391260854,0.9782122543173196,0.006051702816475481,5.931307919169774e-17,0.01477667297979798,0.24147208474027773,0.18335617689477068,0.8241617832933706,0.8815772272096127,0.22436401696225955,104497,41821,3590,3741,11590,35.34097425672273,0.9780136091957886
validation,validation-05,edge/none/1/cap2,0.23860379442689472,0.5443790260005319,0.8121342180360012,0.5764331020283083,34.60284611600118,0.9792445602131941,0.006051702816475481,5.919318732070096e-17,0.020369712752525252,0.2204180959940681,0.24922549472245656,0.644214045422549,0.6677929927833837,0.2282194626642911,104497,41821,3590,3741,11590,35.85889042657957,0.97921752567632
validation,validation-05,edge/linear/0.5/cap2,0.3160513108816957,0.7051174443613402,0.5451871159962638,0.7727932685379945,32.03789534629058,0.9768660191768995,0.006051702816475481,6.248328311458406e-18,0.007269965277777778,0.32625566101883813,0.21094629136098794,1.2434254181503686,1.3305728457669481,0.33631867610668664,104497,41821,3590,3741,11590,33.10258611253522,0.9757991038726578
validation,validation-05,edge/linear/0.75/cap2,0.3071829274985005,0.6764067158723855,0.5905256112830453,0.7727932685379949,32.761580497595695,0.978444078869564,0.006051702816475481,6.274217714308524e-18,0.010411734532828282,0.32625566101883813,0.20301904659169634,0.965454300403441,1.0654882756679256,0.3324320792388458,104497,41821,3590,3741,11590,33.94458632217677,0.977473544249054
validation,validation-05,edge/linear/1/cap2,0.2986975455237065,0.6551458505337436,0.6468029121540904,0.7723740326776828,33.41040723474682,0.9794425476417526,0.006051702816475481,6.285907850424021e-18,0.012779158775252526,0.32625566101883813,0.1952779602937514,0.7013075953864268,0.807969785644238,0.32860214030644486,104497,41821,3590,3741,11590,34.72484129741015,0.9785583664499226
validation,validation-05,edge/perceptual/0.5/cap2,0.2992445858095448,0.6445751658718161,0.5844386539222404,0.6980902158716381,32.56795337164163,0.9761031346350906,0.006051702816475481,3.266988558541548e-17,0.009015940656565656,0.3259807345668212,0.16110746533843803,1.1302153876293366,1.208043520835527,0.3022143345676937,104497,41821,3590,3741,11590,33.69737750577338,0.9752207039830437
validation,validation-05,edge/perceptual/0.75/cap2,0.2873562972970497,0.616596576074731,0.6568253314732938,0.698090215871638,33.45187938040901,0.9773166204913826,0.006051702816475481,3.249011689504933e-17,0.01445608428030303,0.32584344009457455,0.14501560531544805,0.8252502021576673,0.8899136714672027,0.2883506386830982,104497,41821,3590,3741,11590,34.744063896330076,0.9765725089625571
validation,validation-05,edge/perceptual/1/cap2,0.28373003275947284,0.60120521745705,0.7468800390620204,0.6974015268499322,34.04833187726547,0.9779502900839218,0.006051702816475481,3.264601234644925e-17,0.01917120422979798,0.32570626666009267,0.148109785665024,0.6417756705934224,0.6729109545984051,0.28094888661325773,104497,41821,3590,3741,11590,35.48368829944709,0.9773082362294315
validation,validation-05,edge/adaptive/0.5/cap2,0.3075570734163884,0.6692812128158794,0.5628484815880482,0.7516703012341563,32.31155685197769,0.9766329298979892,0.006051702816475481,3.253498147610032e-17,0.007921006944444444,0.3261262497158439,0.18541355592069422,1.1899361345370594,1.2729081826207593,0.31917347222018144,104497,41821,3590,3741,11590,33.40823675416961,0.9756567885214211
validation,validation-05,edge/adaptive/0.75/cap2,0.2951973300153032,0.6393988015521056,0.6196678344927051,0.7516703012341563,33.162918948223925,0.9781791680241952,0.006051702816475481,3.2645624666323716e-17,0.011876578282828282,0.3260615545408355,0.1670788717977942,0.8892984918174998,0.9793067279844279,0.307613340639232,104497,41821,3590,3741,11590,34.40651161715819,0.9773246938768276
validation,validation-05,edge/adaptive/1/cap2,0.2856784910262896,0.6164027574559284,0.6897535537700822,0.7510964928166729,33.89115104748417,0.9791773940192491,0.006051702816475481,3.251118255450448e-17,0.015141650883838384,0.325996883384437,0.15427122660522952,0.6429019336735963,0.7176277393691812,0.29764233322919914,104497,41821,3590,3741,11590,35.29585741279121,0.9784246564042912
validation,validation-05,edge/shadow/0.5/cap2,0.2934308489941251,0.631731714160536,0.6004831894206979,0.6172271169609874,32.69795156972626,0.975116562343552,0.006051702816475481,5.93858433531379e-17,0.009025804924242424,0.3240976072966348,0.14518850922529047,1.1277090242406589,1.2018434798362663,0.2837994263997805,104497,41821,3590,3741,11590,33.839560541035574,0.9743423920253951
validation,validation-05,edge/shadow/0.75/cap2,0.28573964395217183,0.6056062654675636,0.6835904512042733,0.6172271169609879,33.51608497154251,0.9759005654384667,0.006051702816475481,5.935046136363254e-17,0.01477667297979798,0.32302075405295927,0.14636708847915855,0.8241617832933706,0.8815772272096127,0.2757279225982305,104497,41821,3590,3741,11590,34.8130099111837,0.9752836232241212
validation,validation-05,edge/shadow/1/cap2,0.289702599101358,0.6137110670272359,0.7867369887199032,0.6164777399287992,33.8773316265556,0.9761368666477642,0.006051702816475481,5.933721724736884e-17,0.020369712752525252,0.3219464417228172,0.17870379671242195,0.644214045422549,0.6677929927833837,0.2815944005185364,104497,41821,3590,3741,11590,35.27026953880024,0.9756227635344306
validation,validation-05,edge/none/0.75/cap1.000,0.24138093285213172,0.5347415860535338,0.6817130550762096,0.5335491264678508,33.76521895944043,0.9774013787128163,0.006051702816475481,5.812393529181475e-17,0.014347577335858586,0.24147208474027773,0.1831578474461816,0.9169861016283508,0.9734247260280613,0.22452018159188375,104497,41821,3590,3741,11590,34.893268307210256,0.9771947711924118
validation,validation-05,edge/adaptive/0.75/cap1.000,0.29696319909511487,0.6406719472562384,0.6040482318710675,0.7271324380988117,32.88032716140472,0.9774252869876835,0.006051702816475481,3.2017544480787467e-17,0.011876578282828282,0.3260615545408355,0.1670788717977942,0.9630360689808446,1.0500679955643286,0.30768959356900116,104497,41821,3590,3741,11590,34.06592448901937,0.9765582287115504
validation,validation-05,edge/none/0.75/cap2.322,0.23921330359316528,0.5307913249871669,0.7020740106789763,0.5772685642361269,34.141512391260854,0.9782122543173196,0.006051702816475481,5.931307919169774e-17,0.01477667297979798,0.24147208474027773,0.18335617689477068,0.8241617832933706,0.8815772272096127,0.22436401696225955,104497,41821,3590,3741,11590,35.34097425672273,0.9780136091957886
validation,validation-05,edge/adaptive/0.75/cap2.322,0.2951973300153032,0.6393988015521056,0.6196678344927051,0.7516703012341563,33.162918948223925,0.9781791680241952,0.006051702816475481,3.2645624666323716e-17,0.011876578282828282,0.3260615545408355,0.1670788717977942,0.8892984918174998,0.9793067279844279,0.307613340639232,104497,41821,3590,3741,11590,34.40651161715819,0.9773246938768276
validation,validation-05,edge/offset0.1,0.2821038322588378,0.5995419931714968,0.6565509656293135,0.6088258405109689,33.38320673598885,0.9761173239024329,0.006051702816475481,3.2804195812525735e-17,0.013030697601010102,0.3166126821349063,0.14244982783603183,0.9044990504946707,0.9744175750074107,0.26095465831890063,104497,41821,3590,3741,11590,34.63396805262881,0.9753763574424846
validation,validation-05,edge/offset0.25,0.2936674621851405,0.6305671046087905,0.6069742418731222,0.6867340683151214,32.868819250628675,0.9757982046875381,0.006051702816475481,9.69003996139338e-18,0.010372277462121212,0.32576890014590354,0.1491933564891667,1.0422879668440443,1.1221544655521727,0.2975914515143147,104497,41821,3590,3741,11590,34.04529471254647,0.9748894096081879
validation,validation-05,edge/offset0.4,0.3044976612103354,0.6607728734529468,0.5701403563624833,0.7007147006065056,32.35390007574057,0.9753000891720811,0.006051702816475481,6.7918219506415374e-18,0.008059106691919192,0.3261991206081141,0.17425191963600922,1.190088122405379,1.2697325704342364,0.3219549178230161,104497,41821,3590,3741,11590,33.455239064792835,0.9742807065835702
validation,validation-05,bilinear/none/0.5/cap2,0.2569249413196955,0.5796803884814229,0.6141655493828242,0.5844132097789737,33.14157200500094,0.9768139460698894,0.006051702816475481,5.928040905330452e-17,0.009272411616161616,0.268689630387548,0.15394236052741755,1.1141560827655106,1.1892237131611008,0.24231460905909405,104497,41821,3590,3741,11590,34.22845543065437,0.9763631621353261
validation,validation-05,bilinear/none/0.75/cap2,0.23911569473663422,0.531405370927297,0.7054886717212907,0.5844132097789739,34.20137368311095,0.9784335166665258,0.006051702816475481,5.954409466952264e-17,0.014909840593434344,0.24200643839286842,0.1831924309764649,0.8064395871791219,0.8639572000323194,0.22493244534923829,104497,41821,3590,3741,11590,35.415480677409626,0.9782448728774455
validation,validation-05,bilinear/none/1/cap2,0.2383911437776296,0.5434744538344177,0.8174501944506806,0.582761874508393,34.66304685350087,0.9794497715504799,0.006051702816475481,5.931663284664584e-17,0.020453559027777776,0.2209926725568399,0.2483097959379796,0.6292769641566999,0.6523746865238947,0.22759999083933713,104497,41821,3590,3741,11590,35.93531211759675,0.9794345944601381
validation,validation-05,bilinear/linear/0.5/cap2,0.31574465709186794,0.7045731569331266,0.546948349286712,0.7740638793125575,32.072393211491274,0.9769918612877997,0.006051702816475481,6.3311073496468265e-18,0.007408065025252525,0.32625566101883813,0.21089182015327212,1.2312549958808396,1.3191832964085457,0.3365431961866673,104497,41821,3590,3741,11590,33.14236936639334,0.9759302287720236
validation,validation-05,bilinear/linear/0.75/cap2,0.3067263450438754,0.6751832458015805,0.5939351249416329,0.7740638793125573,32.81121953607465,0.9785803902756367,0.006051702816475481,6.340944532705642e-18,0.010535037878787878,0.32625566101883813,0.20293916681754762,0.9473192835306635,1.0484213586685778,0.33276828276130993,104497,41821,3590,3741,11590,34.00375368928537,0.9776175007277463
validation,validation-05,bilinear/linear/1/cap2,0.2981955793427535,0.6540318325030032,0.651977599611633,0.7732704200577537,33.461353809787944,0.9795513404373314,0.006051702816475481,6.287403532164556e-18,0.012902462121212122,0.32625566101883813,0.19520369781394814,0.6812120480085838,0.788500306652298,0.32903376299232134,104497,41821,3590,3741,11590,34.787643155499055,0.9786754673852454
validation,validation-05,bilinear/perceptual/0.5/cap2,0.2989925643808639,0.6444747809691077,0.586364164732404,0.7026282556319062,32.60588473222968,0.9762695501708344,0.006051702816475481,3.270433607177412e-17,0.009262547348484848,0.32598237634224264,0.16136304717693517,1.1166665639511464,1.1954338856493683,0.30320825385320027,104497,41821,3590,3741,11590,33.74191809452078,0.9753920693025887
validation,validation-05,bilinear/perceptual/0.75/cap2,0.28701706056010867,0.6163339485531255,0.660602529164775,0.7026282556319052,33.50591431415473,0.977507712845299,0.006051702816475481,3.252106032995541e-17,0.01455965909090909,0.3258458883487864,0.14532390456342825,0.807421923931617,0.8722495390820486,0.2893029695225996,104497,41821,3590,3741,11590,34.810406447530795,0.9767703320117516
validation,validation-05,bilinear/perceptual/1/cap2,0.2834391227505459,0.601276247072941,0.7527567203490604,0.7012815357939806,34.09722932547841,0.97811976732464,0.006051702816475481,3.248812018532802e-17,0.019210661300505052,0.3257095248937689,0.1483496950235965,0.6267384943963282,0.6573436460948755,0.28142010787563326,104497,41821,3590,3741,11590,35.54611773103724,0.977484443387163
validation,validation-05,bilinear/adaptive/0.5/cap2,0.30727110899957605,0.6686050556259191,0.5646845611156313,0.7543970087806863,32.34774564950081,0.9767776897669131,0.006051702816475481,3.260945218557197e-17,0.008078835227272728,0.32612702638345864,0.1854887271884682,1.1770967889045214,1.2609444373438987,0.31981974122930584,104497,41821,3590,3741,11590,33.450353622168294,0.9758067610132661
validation,validation-05,bilinear/adaptive/0.75/cap2,0.2948167177785626,0.6392307728081585,0.6232416563520534,0.7543970087806866,33.215300945666726,0.9783402589150244,0.006051702816475481,3.2539522285755505e-17,0.012059067234848484,0.3260627140663143,0.167288243990912,0.8709324359379356,0.9615889882195328,0.3085449922378287,104497,41821,3590,3741,11590,34.46999564649134,0.9774932047564743
validation,validation-05,bilinear/adaptive/1/cap2,0.28534914606322087,0.616039914556547,0.6952384493191434,0.7532926292544496,33.943005275164296,0.9793119693317468,0.006051702816475481,3.259619204672274e-17,0.015181107954545454,0.325998428686783,0.15461368958788044,0.6251150064924204,0.699856530579238,0.2987834103499509,104497,41821,3590,3741,11590,35.361422720359094,0.9785671507777157
validation,validation-05,bilinear/shadow/0.5/cap2,0.2931969352139771,0.6319038170905513,0.6022854091238229,0.6239656972271306,32.7366644807547,0.9753189369531806,0.006051702816475481,5.93776110903378e-17,0.009272411616161616,0.32411170538839135,0.14547822742062494,1.1141560827655106,1.1892237131611008,0.2848450197262672,104497,41821,3590,3741,11590,33.88520796574334,0.9745488637886064
validation,validation-05,bilinear/shadow/0.75/cap2,0.2853130795205526,0.6050586824138711,0.6871458155155996,0.6239656972271302,33.573279734738215,0.9761517493768943,0.006051702816475481,5.934005093248831e-17,0.014909840593434344,0.3230418030432713,0.14630677683893825,0.8064395871791219,0.8639572000323194,0.2759791697354047,104497,41821,3590,3741,11590,34.88320599710563,0.9755402923886648
validation,validation-05,bilinear/shadow/1/cap2,0.289209397522672,0.6121979802634628,0.7922595191463749,0.622485248766794,33.93233107094274,0.9763900856799508,0.006051702816475481,5.926169188886843e-17,0.020453559027777776,0.3219742877754891,0.17814855964302356,0.6292769641566999,0.6523746865238947,0.28050302715410996,104497,41821,3590,3741,11590,35.33928433151171,0.9758811761604598
validation,validation-05,bilinear/none/0.75/cap1.000,0.24159228312588468,0.5352795629507299,0.6821381030240665,0.5355086784664584,33.7736164551491,0.9774682757229468,0.006051702816475481,5.827468139141178e-17,0.014451152146464646,0.24200643839286842,0.18299666368258286,0.9121352964418523,0.9684268596627242,0.22504834608342386,104497,41821,3590,3741,11590,34.905426718511656,0.9772694825252242
validation,validation-05,bilinear/adaptive/0.75/cap1.000,0.2968524363633964,0.640635753669848,0.6051078811851761,0.7271879811923845,32.893038782608066,0.9774820582620724,0.006051702816475481,3.188325326891014e-17,0.012059067234848484,0.3260627140663143,0.167288243990912,0.955938146694275,1.0431635676408795,0.30858564589403187,104497,41821,3590,3741,11590,34.08098208465324,0.9766190853691418
validation,validation-05,bilinear/none/0.75/cap2.322,0.23911569473663422,0.531405370927297,0.7054886717212907,0.5844132097789739,34.20137368311095,0.9784335166665258,0.006051702816475481,5.954409466952264e-17,0.014909840593434344,0.24200643839286842,0.1831924309764649,0.8064395871791219,0.8639572000323194,0.22493244534923829,104497,41821,3590,3741,11590,35.415480677409626,0.9782448728774455
validation,validation-05,bilinear/adaptive/0.75/cap2.322,0.2948167177785626,0.6392307728081585,0.6232416563520534,0.7543970087806866,33.215300945666726,0.9783402589150244,0.006051702816475481,3.2539522285755505e-17,0.012059067234848484,0.3260627140663143,0.167288243990912,0.8709324359379356,0.9615889882195328,0.3085449922378287,104497,41821,3590,3741,11590,34.46999564649134,0.9774932047564743
validation,validation-05,bilinear/offset0.1,0.282029780789059,0.6006265151340924,0.6597441618226817,0.6161354102828064,33.436731883107,0.9763667123761902,0.006051702816475481,3.263861197324744e-17,0.013173729482323232,0.31708385246329307,0.142599216999627,0.8859518644925117,0.9561984544851003,0.2621214904643423,104497,41821,3590,3741,11590,34.70038841253626,0.9756335126616353
validation,validation-05,bilinear/offset0.25,0.293456189445377,0.6305671046087905,0.6098574249643296,0.6941293220921481,32.92146642024973,0.9760671493911943,0.006051702816475481,9.656207402854642e-18,0.010643544823232324,0.3258519022031217,0.149933979982231,1.0224220741005805,1.1032757920195109,0.2999178444528475,104497,41821,3590,3741,11590,34.108575041050656,0.9751639030748374
validation,validation-05,bilinear/offset0.4,0.30425607418359546,0.6607501451284853,0.5727772976522654,0.7084384087465518,32.40580599089855,0.9755707344956561,0.006051702816475481,6.644157176607608e-18,0.008374763257575758,0.32621867773409735,0.17507646270287983,1.1698255305953533,1.251077572922195,0.32410456622010536,104497,41821,3590,3741,11590,33.516077775826474,0.974557552930621
validation,validation-05,input/native512-u8/none,0.2387104008375316,0.532184362108363,0.7172765427365957,0.6014321546166316,34.35044073840586,0.9788562387452316,0.006051702816475481,5.935890441862613e-17,0.015807488952020204,0.24296381441303533,0.1833599241311041,0.7596974002637403,0.8128875000151161,0.23108067693450354,104497,41821,3590,3741,11590,35.59805246494779,0.978710856829898
validation,validation-05,input/native512-u8/adaptive,0.29354892599587945,0.6378019239978764,0.6343573857874278,0.7576394458536467,33.35422651540673,0.9786631361969208,0.006051702816475481,3.2579078093393995e-17,0.01252761994949495,0.32606730615130897,0.16722791873218437,0.8185622055705496,0.9090575227039398,0.30988817127601637,104497,41821,3590,3741,11590,34.638798902742316,0.9778369635232208
validation,validation-05,input/native512-float/none,0.23871546786617628,0.5322315723446551,0.717265504413637,0.6013923194905901,34.35021628066078,0.9788559769577246,0.006051702816475481,5.942237267648602e-17,0.01580255681818182,0.24296770257763475,0.18336422811991576,0.7597456703132739,0.812936210846636,0.2310776689327558,104497,41821,3590,3741,11590,35.59779030350127,0.9787106867050626
validation,validation-05,input/native512-float/adaptive,0.29355068530378353,0.6378558404065989,0.6343464298881092,0.7576366760475742,33.354095631456936,0.9786629608259413,0.006051702816475481,3.2500883899873544e-17,0.01252761994949495,0.3260673185283618,0.16722874767158757,0.818625652336461,0.9091126825899678,0.30988759183432024,104497,41821,3590,3741,11590,34.63863846848541,0.9778367851053872
validation,validation-05,input/native1024-float/none,0.23906857921709077,0.5320387354046859,0.7385128269952472,0.6187130935911154,34.593892876606695,0.979435512788075,0.006051702816475481,5.938000549474673e-17,0.017005997474747476,0.24529330417344825,0.18521016941105176,0.6852935019841856,0.7282639284846859,0.2316260479824601,104497,41821,3590,3741,11590,35.905910245951425,0.9793454978355896
validation,validation-05,input/native1024-float/adaptive,0.2907928561151469,0.6322853945222371,0.6505232900969247,0.7683443680700429,33.600194287840424,0.979245593999222,0.006051702816475481,3.250922206468252e-17,0.013499250315656566,0.3260718731735206,0.16402871005696634,0.7406123287475388,0.8289660510253503,0.30596397689072846,104497,41821,3590,3741,11590,34.93750568289031,0.9784721061436124
validation,validation-05,input/padded512-float/none,0.2387953661653327,0.5324057576594949,0.7172083866886351,0.6011229569450017,34.34709622146048,0.9788493490741593,0.006051702816475481,5.933226193696896e-17,0.015792692550505052,0.24307625756573564,0.18336527430943883,0.7599100076242241,0.8131115439756605,0.23118545360749376,104497,41821,3590,3741,11590,35.595050301230906,0.9787025064613678
validation,validation-05,input/padded512-float/adaptive,0.2935570427824236,0.6378297524336313,0.6343120132263761,0.7575724202704678,33.3533611062684,0.978662440179188,0.006051702816475481,3.2462196306791046e-17,0.01252761994949495,0.3260674336970653,0.16723582514984608,0.8188053222266314,0.9092578773855271,0.3099064034176895,104497,41821,3590,3741,11590,34.637747577774924,0.9778361503320775
validation,validation-05,input/flipY512-float/none,0.23883994009056886,0.5318302463973633,0.7142135409189652,0.600255278232587,34.33667310044205,0.9788270735051579,0.006051702816475481,5.971908742345959e-17,0.015565814393939394,0.24268310344865535,0.18378972101026367,0.768270628315497,0.823066383203303,0.23127838259008762,104497,41821,3590,3741,11590,35.58018732848258,0.9786864789085924
validation,validation-05,input/flipY512-float/adaptive,0.2938890369077008,0.6385201180067435,0.631972722646012,0.7589259977364655,33.333595182307306,0.9786260207458654,0.006051702816475481,3.2505468555713573e-17,0.012443773674242424,0.3260666900414437,0.16754563042399928,0.8290810656091328,0.9200442433616431,0.30955070446153654,104497,41821,3590,3741,11590,34.61387457814248,0.9777997330920436
validation,validation-05,input/flipX512-float/none,0.23892973291378256,0.5314533247789164,0.7140796236238051,0.5975674496633191,34.30794079573648,0.9788280318196269,0.006051702816475481,5.941810650878329e-17,0.015698982007575756,0.24278760122979529,0.18367351297742546,0.7703321586909462,0.8241838359433614,0.2316904839790375,104497,41821,3590,3741,11590,35.54595497236867,0.9786842457773537
validation,validation-05,input/flipX512-float/adaptive,0.2938327414583236,0.6385448524659326,0.6313713733635733,0.7563645486469084,33.31723058002459,0.9786315485015782,0.006051702816475481,3.243658516274835e-17,0.012562144886363636,0.326066755138675,0.16727416456666244,0.8298908240851955,0.9204226729818329,0.30990717140285073,104497,41821,3590,3741,11590,34.59331758010335,0.9778048474196113
validation,validation-05,input/ensemble512-float/none,0.2386238335240335,0.5311442074156213,0.7149304543389647,0.6010813009457694,34.341332200254854,0.978870320883449,0.006051702816475481,5.927816619538532e-17,0.01567432133838384,0.2427965024594215,0.1830551862305707,0.7645026671504043,0.8186334355180961,0.23036995405601846,104497,41821,3590,3741,11590,35.585870998653306,0.9787274791308233
validation,validation-05,input/ensemble512-float/adaptive,0.29372259357784725,0.6381364262011083,0.6324031918767038,0.7585639143446721,33.33815524020263,0.9786521573605358,0.006051702816475481,3.256674858857496e-17,0.012498027146464646,0.3260669205068769,0.16726896886027498,0.8253470805446359,0.9162818147491908,0.3097288401772057,104497,41821,3590,3741,11590,34.61903826533383,0.9778259492181374
validation,validation-05,gamma22/full,0.4554724757302997,0.9888806886973928,0.7942311711515762,0.36138977118407,30.114394440506345,0.9052720275036358,0.010042948022242058,0.009078188630790913,0.020759351325757576,0.5438659860874453,0.2200961850384836,0.6245017796945924,0.644783365003762,0.3516508735664835,104497,41821,3590,3741,11590,32.32196548139112,0.9098133086334863
validation,validation-05,gamma22/adaptive,0.5357595378225175,1.0741910092348301,0.5995954120184935,0.3937779268188548,29.225339319503718,0.9017269312646745,0.01004294802224206,0.009078188630790913,0.012197166982323232,0.6603341809385077,0.1966567101344347,0.8599776088675576,0.9488218956545028,0.45417441915805307,104497,41821,3590,3741,11590,31.29597550868128,0.9046026984387997
validation,validation-05,learned/scene-scale,0.23989000609408961,0.5557195502742567,0.8484510886481078,0.5842150521839072,34.6739547059655,0.979636474977951,0.006051702816475481,5.947435033838248e-17,0.021711253156565656,0.2169062500149145,0.26585613296674254,0.6064092726858286,0.6226493789973134,0.23062925428746048,104497,41821,3590,3741,11590,35.94586546357955,0.9796495779533697
validation,validation-05,learned/residual-cnn,0.4658540091348134,0.7072282219946442,0.8041183813956717,0.20923779792362285,31.148686278395566,0.976573358186766,0.006051702816475481,5.958181429782452e-17,0.013371014835858586,0.4381978342249877,0.4997979003368624,0.8754417070710798,0.9326900390193771,0.3668144336538398,104497,41821,3590,3741,11590,32.17234852422477,0.9756070193752577
validation,validation-06,SDR,0.6583066516421019,1.2749820686993611,0.4904854508658391,,25.328537482602,0.9555563176106754,0.004574233121089427,0.0,0.0,0.6505513240485123,0.5851204727662478,1.705581792924148,1.6511159390460104,0.430589043115565,42879,134690,9730,11693,14752,26.033118325100972,0.9559286627752966
validation,validation-06,production/legacy,0.601214639401306,1.107872901017073,0.561669446150507,0.6608384207985388,26.690271707852126,0.9654837998610114,0.004560016230649167,0.00014188023122208116,0.020381265281173594,0.6509792736485059,0.5512343469764527,1.073772484706324,1.0731489179028204,0.41388101338153793,42879,134690,9730,11693,14752,27.465205154419117,0.9662541092502062
validation,validation-06,production/v11,0.5376249993889065,1.0808898046904496,0.6021490885099877,0.6514903287265335,27.532381814919237,0.963744003282911,0.004580203255148167,0.00015679128110584364,0.023876833740831296,0.6478225397386105,0.46994085703915206,0.9889319675732299,0.9737218446165384,0.3798090371095466,42879,134690,9730,11693,14752,28.338753522770915,0.9651313959137161
validation,validation-06,production/v11-bilinear,0.5380580724753748,1.0811036155405087,0.6025533927139123,0.6511735882566579,27.531499635991167,0.963865734940062,0.004579375747531756,0.00015318303442463755,0.023977116442542787,0.6481012156420323,0.4708035559219005,0.9840982470636926,0.9706092770917943,0.38535872571580865,42879,134690,9730,11693,14752,28.33839701135647,0.9652497649771599
validation,validation-06,production/full-edge,0.35818660273382863,0.9226929263977489,0.7318433444416694,0.6357740133229051,30.34625948261535,0.9651809255866288,0.004564971451478324,0.0001223521070758642,0.0367559978606357,0.5384678670766159,0.27788120923363907,0.6753554739348718,0.6559943766922476,0.2665448139313468,42879,134690,9730,11693,14752,31.235002516543698,0.9675878098428536
validation,validation-06,production/full-bilinear,0.36008320955416534,0.9258171481967657,0.7325981068793089,0.6341794043301368,30.331316197971972,0.965094175383799,0.004561858851690906,0.00011885655172286591,0.03693268643031785,0.5420691717180035,0.2798964783939177,0.6680970583055048,0.650828894564364,0.27376065329520316,42879,134690,9730,11693,14752,31.223314686568095,0.9675200765288016
validation,validation-06,edge/none/0.5/cap2,0.4967808982056044,1.0441931487508043,0.5950949988659485,0.635774013322905,27.6498957188943,0.9617226295115802,0.004574233121089427,6.243773439408532e-17,0.014665151283618581,0.5930624640545024,0.41602698658377596,1.190335584157219,1.1535534574643538,0.33865142567044854,42879,134690,9730,11693,14752,28.410561921354184,0.9633354084365017
validation,validation-06,edge/none/0.75/cap2,0.42317021147774514,0.9779940582207187,0.6587694032089443,0.6357740133229062,28.974619384991243,0.9637878659402743,0.004574233121089427,6.250298590078375e-17,0.02674205378973105,0.5652933155956842,0.34111537119563107,0.9327149037824561,0.904772216673526,0.29874689170303764,42879,134690,9730,11693,14752,29.78774946882147,0.9658526586474262
validation,validation-06,edge/none/1/cap2,0.35818660273382863,0.9226929263977489,0.7318433518145049,0.6357740133229051,30.34626467938773,0.9651809982868798,0.004574233121089427,6.24834247754787e-17,0.0367559978606357,0.5384678670766159,0.27788120923363907,0.6753554739348718,0.6559943766922476,0.2665448139313468,42879,134690,9730,11693,14752,31.235005736242538,0.9675878712717917
validation,validation-06,edge/linear/0.5/cap2,0.6239327420631267,1.1441909290576338,0.5322606804966926,0.6602913569297212,26.198069032542946,0.9628581566072436,0.004574233121089427,2.588072723479454e-17,0.012793207518337409,0.6505513240485123,0.5675385344718228,1.2872788513664541,1.2736575967180035,0.42722479376696115,42879,134690,9730,11693,14752,26.94504219626621,0.9634236863217878
validation,validation-06,edge/linear/0.75/cap2,0.606746306153901,1.1167547796952522,0.5583536438203313,0.6602913569297221,26.61786454931559,0.9650868560721504,0.004574233121089427,2.5993800543125163e-17,0.02020935207823961,0.6505513240485123,0.5587482868759812,1.0781273805876073,1.0849284255539997,0.42554266909265914,42879,134690,9730,11693,14752,27.390285792616332,0.9658007823558171
validation,validation-06,edge/linear/1/cap2,0.5895604236465898,1.0943743696061992,0.5888936431812649,0.6602913569297213,27.01270179619632,0.9664448319893186,0.004574233121089427,2.6063777940211813e-17,0.026302720048899754,0.6505513240485123,0.5499588088370867,0.8689759098087606,0.8961992543899965,0.42386075336916745,42879,134690,9730,11693,14752,27.812425312571847,0.9673206907504629
validation,validation-06,edge/perceptual/0.5/cap2,0.5598040064635418,1.1017241886704263,0.5734476350173252,0.6415847019211719,27.034197484494484,0.9608865445686837,0.004574233121089427,5.482947802729729e-17,0.014665151283618581,0.6501930409363817,0.4853244333322764,1.1924722794223506,1.1596845694263147,0.402938598335691,42879,134690,9730,11693,14752,27.80866717656596,0.962131296007841
validation,validation-06,edge/perceptual/0.75/cap2,0.511602951068963,1.0712772175369325,0.6242975165281792,0.641584701921171,27.93104179702755,0.9622887087555813,0.004574233121089427,5.5029531750915466e-17,0.02667997402200489,0.6500140524120233,0.4368868593310367,0.9359175226714518,0.913968884616467,0.38930402297220645,42879,134690,9730,11693,14752,28.758951748017545,0.9639133785991912
validation,validation-06,edge/perceptual/1/cap2,0.4652601245846036,1.0475605054768806,0.6829860843370721,0.6415847019211719,28.80770167801341,0.9628888334432356,0.004574233121089427,5.514890321044897e-17,0.036144750916870416,0.6498351418764936,0.39101729575223443,0.679584322834639,0.6682531998066192,0.37592111664957456,42879,134690,9730,11693,14752,29.70234334806515,0.964848577046516
validation,validation-06,edge/adaptive/0.5/cap2,0.5822850853466739,1.113064732258386,0.5584154768243882,0.6648075567603723,26.740217661885243,0.9617900542969641,0.004574233121089427,5.48718751178453e-17,0.013829462102689486,0.6503193367294952,0.5141315050328831,1.22589917244025,1.1998691696294688,0.41145415586393136,42879,134690,9730,11693,14752,27.504192665120563,0.9628004356397584
validation,validation-06,edge/adaptive/0.75/cap2,0.5444975071032546,1.0828977126338086,0.5998115178340917,0.664807556760374,27.47423641926734,0.9637248698211831,0.004574233121089427,5.515814546856213e-17,0.02399621790953545,0.6502033776047345,0.4789473973972056,0.9860578621983007,0.9742457849211984,0.40195385189817906,42879,134690,9730,11693,14752,28.280444962228696,0.9650415870988462
validation,validation-06,edge/adaptive/1/cap2,0.5072159143863094,1.0596406499762674,0.6474435084000123,0.6648075567603722,28.19909453450636,0.9649021705495741,0.004574233121089427,5.4940725386513744e-17,0.03189944987775061,0.6500874875623295,0.444465723860255,0.7462326642053946,0.7486224002129279,0.3925128224016629,42879,134690,9730,11693,14752,29.056362349000683,0.9665058642217589
validation,validation-06,edge/shadow/0.5/cap2,0.5211411955387313,1.086143034516782,0.5920201806484201,0.5948245801900153,27.453385079438142,0.9594065226947842,0.004574233121089427,6.229939050241447e-17,0.014665151283618581,0.6479444600357319,0.43243038865162187,1.190335584157219,1.1535534574643538,0.378989099824175,42879,134690,9730,11693,14752,28.23715450716351,0.9610150438976708
validation,validation-06,edge/shadow/0.75/cap2,0.4585595356223727,1.0508853402380995,0.6540360214825256,0.594824580190015,28.60722035131535,0.9601139357826005,0.004574233121089427,6.246326547196697e-17,0.02674205378973105,0.6466454485692894,0.36442880881675643,0.9327149037824561,0.904772216673526,0.3555770923946982,42879,134690,9730,11693,14752,29.459905743037513,0.9622024266053426
validation,validation-06,edge/shadow/1/cap2,0.40288781129796886,1.0227132283842477,0.7253650719168636,0.5948245801900155,29.737571263202398,0.9600382860240714,0.004574233121089427,6.25399560910125e-17,0.0367559978606357,0.6453490414314758,0.30601643670184653,0.6753554739348718,0.6559943766922476,0.33576523229055144,42879,134690,9730,11693,14752,30.68318595032036,0.9625147192653146
validation,validation-06,edge/none/0.75/cap1.000,0.42342955620580136,0.9780373915615831,0.6579014628311263,0.6325345086949848,28.953035180815938,0.9636192849571097,0.004574233121089427,6.22115162545267e-17,0.02674205378973105,0.5652933155956842,0.341115735146036,0.9377021584320109,0.9089264121939405,0.29874689170303764,42879,134690,9730,11693,14752,29.764112296312945,0.9656853718295461
validation,validation-06,edge/adaptive/0.75/cap1.000,0.5447473007427168,1.0828977126338086,0.5989674949808632,0.662498818612371,27.45928215757028,0.9635643823121562,0.004574233121089427,5.488617910437074e-17,0.02399621790953545,0.6502033776047345,0.4789473973972056,0.9908662999041213,0.9782469906748659,0.40195385189817906,42879,134690,9730,11693,14752,28.264088954651633,0.9648818173233542
validation,validation-06,edge/none/0.75/cap2.322,0.42317021147774514,0.9779940582207187,0.6587694032089443,0.6357740133229062,28.974619384991243,0.9637878659402743,0.004574233121089427,6.250298590078375e-17,0.02674205378973105,0.5652933155956842,0.34111537119563107,0.9327149037824561,0.904772216673526,0.29874689170303764,42879,134690,9730,11693,14752,29.78774946882147,0.9658526586474262
validation,validation-06,edge/adaptive/0.75/cap2.322,0.5444975071032546,1.0828977126338086,0.5998115178340917,0.664807556760374,27.47423641926734,0.9637248698211831,0.004574233121089427,5.515814546856213e-17,0.02399621790953545,0.6502033776047345,0.4789473973972056,0.9860578621983007,0.9742457849211984,0.40195385189817906,42879,134690,9730,11693,14752,28.280444962228696,0.9650415870988462
validation,validation-06,edge/offset0.1,0.5031757052052532,1.06620596874233,0.6148484083594533,0.6437311735123379,27.90343276119632,0.9624129923049438,0.004574233121089427,5.2465588166866116e-17,0.022334390281173594,0.6401347986394298,0.42132061734486587,1.0327124797737544,1.004772216673526,0.3650418461179444,42879,134690,9730,11693,14752,28.714624928602646,0.9639497125349406
validation,validation-06,edge/offset0.25,0.5876804020509488,1.1155279193872099,0.5616556896497946,0.6688993351739612,26.781646707732513,0.9614261476579423,0.004574233121089427,2.2645550757049943e-17,0.015940174205378972,0.6504880348241806,0.5247003151463515,1.1827122026158818,1.1547552056439925,0.4175380557919682,42879,134690,9730,11693,14752,27.55246331365301,0.9623164468231172
validation,validation-06,edge/offset0.4,0.626209034594687,1.1561375878225395,0.5286795707843513,0.6398472494391783,26.13776871689001,0.9598568563576126,0.004574233121089427,9.976766469390619e-18,0.010701596882640586,0.6505512143870924,0.5674520853995448,1.332293840326976,1.3040682639817105,0.4286681079332677,42879,134690,9730,11693,14752,26.880831731848414,0.9604197177269768
validation,validation-06,bilinear/none/0.5/cap2,0.4977200567722062,1.0451851099504925,0.5953212082496913,0.6341794043301368,27.64627445421938,0.9617937134371943,0.004574233121089427,6.258799720444694e-17,0.014751107885085575,0.5950358365340446,0.4169692751397887,1.1866737523181903,1.150971435921196,0.3442050010936483,42879,134690,9730,11693,14752,28.40817336640809,0.9634131738203304
validation,validation-06,bilinear/none/0.75/cap2,0.42465743447989573,0.9801237949301488,0.6592095308379383,0.6341794043301392,28.966881450832865,0.963808431292649,0.004574233121089427,6.259982034063507e-17,0.02689964089242054,0.5681370982466247,0.34267488335439267,0.9272232421305057,0.9008991843587886,0.30591046087607665,42879,134690,9730,11693,14752,29.78218826329168,0.9658857000623112
validation,validation-06,bilinear/none/1/cap2,0.36008320955416534,0.925817148196766,0.7325981150054621,0.6341794043301369,30.33132175675202,0.9650942561047977,0.004574233121089427,6.260981638598387e-17,0.03693268643031785,0.5420691717180035,0.2798964783939177,0.6680970583055048,0.650828894564364,0.27376065329520316,42879,134690,9730,11693,14752,31.223318122646653,0.9675201457894888
validation,validation-06,bilinear/linear/0.5/cap2,0.6237485421911299,1.1437808124950424,0.5326035107318371,0.6597486021019086,26.203340308287277,0.9629796813335028,0.004574233121089427,2.6044337045016297e-17,0.01281708435207824,0.6505513240485123,0.567507888351166,1.284157296810043,1.2712381784636713,0.4274996519778973,42879,134690,9730,11693,14752,26.950670428687758,0.9635457444587829
validation,validation-06,bilinear/linear/0.75/cap2,0.606470060299242,1.1167393099502225,0.5589730603253721,0.6597486021019087,26.6251966779997,0.9652060454848814,0.004574233121089427,2.590928015808132e-17,0.0203239608801956,0.6505513240485123,0.5587023927221396,1.0734450487529903,1.0812992981725018,0.42595495640906345,42879,134690,9730,11693,14752,27.398192835890015,0.9659230913927624
validation,validation-06,bilinear/linear/1/cap2,0.5891922486014904,1.0937488351935207,0.5898929262170942,0.6597486021019087,27.021294915834282,0.9665267786096567,0.004574233121089427,2.5968391903827057e-17,0.02640300275061125,0.6505513240485123,0.5498978290605309,0.8627328006959377,0.8913604178813322,0.4244103927347032,42879,134690,9730,11693,14752,27.821794946132236,0.9674085593389247
validation,validation-06,bilinear/perceptual/0.5/cap2,0.5597644519494674,1.101271270235086,0.5738084747535995,0.6407763981091724,27.037635395082464,0.961034667408828,0.004574233121089427,5.493468381251933e-17,0.014751107885085575,0.6502032062610826,0.4855296813230789,1.188824874307179,1.1570669092918215,0.40521479363397145,42879,134690,9730,11693,14752,27.812524175981004,0.9622785015774785
validation,validation-06,bilinear/perceptual/0.75/cap2,0.5116549302740436,1.0710643005787428,0.6249566745077672,0.6407763981091706,27.935315083794876,0.9624274200146764,0.004574233121089427,5.501145683160014e-17,0.026828010391198046,0.6500293002759303,0.437349446178344,0.9304474319738257,0.9100423944147271,0.3926906188279071,42879,134690,9730,11693,14752,28.76393745009803,0.9640530480419657
validation,validation-06,bilinear/perceptual/1/cap2,0.46548803561531005,1.0475011268584309,0.6840583009082185,0.640776398109172,28.81113398974621,0.9629676482499725,0.004574233121089427,5.493556848766167e-17,0.03630711338630807,0.6498554708129495,0.39185086758363186,0.6723430107794561,0.6630178795376327,0.38036354560460517,42879,134690,9730,11693,14752,29.706726769366227,0.9649305732050989
validation,validation-06,bilinear/adaptive/0.5/cap2,0.5821810535223826,1.1127561976064726,0.558770347631173,0.6638783365891543,26.74436111415489,0.9619289652575981,0.004574233121089427,5.4986067140706515e-17,0.013905867970660147,0.6503259292607183,0.5142348351219003,1.222437171670058,1.197321405600108,0.4130262810935899,42879,134690,9730,11693,14752,27.508736691115804,0.9629391616886296
validation,validation-06,bilinear/adaptive/0.75/cap2,0.5443697995582475,1.0826364197881069,0.6004575459867243,0.6638783365891555,27.479760476106033,0.963855989585683,0.004574233121089427,5.4936810928159215e-17,0.02404874694376528,0.6502132536656733,0.4791418062631324,0.9808648610430127,0.9704241388771565,0.404310243039274,42879,134690,9730,11693,14752,28.286644761046816,0.9651749878578564
validation,validation-06,bilinear/adaptive/1/cap2,0.5071225876863087,1.0597009576979786,0.6484916429064976,0.6638783365891543,28.204761127857367,0.9649788496849903,0.004574233121089427,5.5003270592618045e-17,0.03208091381418093,0.6501006481834308,0.44482959923014975,0.7393411240793138,0.7435268721542054,0.3956384766678991,42879,134690,9730,11693,14752,29.062960133848147,0.9665877657582844
validation,validation-06,bilinear/shadow/0.5/cap2,0.521463595114563,1.0861956026342354,0.5923141188242195,0.5944356321530441,27.454433952774345,0.9595550564238294,0.004574233121089427,6.248175139866122e-17,0.014751107885085575,0.6480233253676643,0.43311813885861217,1.1866737523181903,1.150971435921196,0.3830598939482549,42879,134690,9730,11693,14752,28.23864491684365,0.9611612641889663
validation,validation-06,bilinear/shadow/0.75/cap2,0.4592110124267852,1.050801060516836,0.6545827210601116,0.5944356321530432,28.60784666288769,0.9602561392694817,0.004574233121089427,6.241699883883864e-17,0.02689964089242054,0.6467635650494735,0.3656938626834825,0.9272232421305057,0.9008991843587886,0.3611483355205944,42879,134690,9730,11693,14752,29.46127834476539,0.9623428326834856
validation,validation-06,bilinear/shadow/1/cap2,0.40385112503937004,1.0229293773435297,0.7262689213710076,0.5944356321530441,29.73604056263423,0.9601224843444138,0.004574233121089427,6.266379493903042e-17,0.03693268643031785,0.6455062704224039,0.30783030753577956,0.6680970583055048,0.650828894564364,0.342086874790612,42879,134690,9730,11693,14752,30.68261873839036,0.9625978476575284
validation,validation-06,bilinear/none/0.75/cap1.000,0.42497953210598577,0.9801321700257865,0.6581229193190961,0.6301860472532804,28.940211660214636,0.9635825927499383,0.004574233121089427,6.22854570031153e-17,0.02689964089242054,0.5681370982466247,0.3426751010545561,0.9334204920003947,0.9060585586227955,0.30591046087607665,42879,134690,9730,11693,14752,29.75296444455156,0.9656614812046802
validation,validation-06,bilinear/adaptive/0.75/cap1.000,0.544682089652633,1.0826409957894343,0.5993959076304497,0.6610313274860355,27.461156936100895,0.9636476902768746,0.004574233121089427,5.463952496651183e-17,0.02404874694376528,0.6502132536656733,0.4791418062631324,0.9868763330253654,0.9754264156571352,0.404310243039274,42879,134690,9730,11693,14752,28.266292899638387,0.9649673280563906
validation,validation-06,bilinear/none/0.75/cap2.322,0.42465743447989573,0.9801237949301488,0.6592095308379383,0.6341794043301392,28.966881450832865,0.963808431292649,0.004574233121089427,6.259982034063507e-17,0.02689964089242054,0.5681370982466247,0.34267488335439267,0.9272232421305057,0.9008991843587886,0.30591046087607665,42879,134690,9730,11693,14752,29.78218826329168,0.9658857000623112
validation,validation-06,bilinear/adaptive/0.75/cap2.322,0.5443697995582475,1.0826364197881069,0.6004575459867243,0.6638783365891555,27.479760476106033,0.963855989585683,0.004574233121089427,5.4936810928159215e-17,0.02404874694376528,0.6502132536656733,0.4791418062631324,0.9808648610430127,0.9704241388771565,0.404310243039274,42879,134690,9730,11693,14752,28.286644761046816,0.9651749878578564
validation,validation-06,bilinear/offset0.1,0.5042368387048635,1.0670313280224601,0.6152781551146677,0.6430742558703489,27.89941242227942,0.9625073822198726,0.004574233121089427,5.1721949010638016e-17,0.02250630348410758,0.6416642056939394,0.42270612654334994,1.0272197320152114,1.0008991843587887,0.3733539573188345,42879,134690,9730,11693,14752,28.711700480198505,0.9640501329664366
validation,validation-06,bilinear/offset0.25,0.5877539291941207,1.1152185736779792,0.5621146765203253,0.6679637982994132,26.78429447145387,0.9617032272800798,0.004574233121089427,2.2465967030518628e-17,0.016030906173594133,0.6505061927921452,0.5251935566923097,1.1772197320152118,1.150881319205314,0.42160794992480916,42879,134690,9730,11693,14752,27.555656581937583,0.9625902733862417
validation,validation-06,bilinear/offset0.4,0.6260476898780397,1.1549577921086864,0.5291280598471501,0.6407492981709526,26.144543486364313,0.9601824394301127,0.004574233121089427,9.908185773717075e-18,0.010911713019559902,0.6505513240485123,0.5676253551563877,1.3267889986204513,1.3000123791615688,0.4294314394315096,42879,134690,9730,11693,14752,26.888122653080124,0.9607416331451942
validation,validation-06,input/native512-u8/none,0.4271122941855057,0.9819563276420339,0.6614487705834375,0.6310568329812644,28.978154975145657,0.9636656913439373,0.004574233121089427,6.262185083542385e-17,0.02717661216381418,0.5756325368964408,0.3445859201034689,0.9149928530660137,0.8897163340968752,0.32122855671822276,42879,134690,9730,11693,14752,29.800035963826687,0.9657771293218014
validation,validation-06,input/native512-u8/adaptive,0.5432143429860102,1.0820744657727812,0.602508354112452,0.6636383237038709,27.508768650428777,0.9640635998173115,0.004574233121089427,5.499127771109153e-17,0.024354370415647923,0.6502421139142291,0.47836060010971193,0.96930959872882,0.9600147458172321,0.40540734444550086,42879,134690,9730,11693,14752,28.318020494441413,0.9654001562292978
validation,validation-06,input/native512-float/none,0.42711939629229745,0.9820158877514256,0.6614366074719509,0.6310316651563671,28.97785993142477,0.9636643694691224,0.004574233121089427,6.263511486881111e-17,0.027171836797066015,0.575630310812173,0.3445923806562401,0.9150499443213634,0.889768315631018,0.3212301472923257,42879,134690,9730,11693,14752,29.799718910392944,0.9657757977429209
validation,validation-06,input/native512-float/adaptive,0.5432197829704951,1.0821144905966245,0.6024985925151796,0.6636165049248866,27.508583889002946,0.9640625505849852,0.004574233121089427,5.512065313694259e-17,0.024349595048899754,0.6502421099664042,0.47836415699644086,0.9693650967616327,0.9600643518032995,0.4054087513351545,42879,134690,9730,11693,14752,28.317821314633996,0.9653990620895343
validation,validation-06,input/native1024-float/none,0.4267171253559603,0.9846030957835633,0.6693948884386874,0.6240514974180281,29.07058584319735,0.9639963974687807,0.004574233121089427,6.260841781336333e-17,0.028508939486552566,0.5849894002421521,0.34423634876696496,0.8709903960575799,0.8495665674372243,0.32525921157451754,42879,134690,9730,11693,14752,29.908133890175037,0.9662241982045512
validation,validation-06,input/native1024-float/adaptive,0.5391022644989569,1.0797545662554138,0.6090389584483613,0.6635463731628601,27.605979767308924,0.9648823446857278,0.004574233121089427,5.500820049560253e-17,0.025514784535452324,0.6502727960165254,0.4755998527941516,0.9282347014545975,0.9232242653534547,0.40290610361359525,42879,134690,9730,11693,14752,28.4229133533846,0.9662740105716119
validation,validation-06,input/padded512-float/none,0.4270823811721588,0.98217125377338,0.6616289008817042,0.6308866880419258,28.980969514969672,0.9636732808788572,0.004574233121089427,6.253659791155539e-17,0.027171836797066015,0.5756644263060132,0.3445984832602703,0.9141025966354398,0.888914512321154,0.32129169497073606,42879,134690,9730,11693,14752,29.803102803030235,0.9657851778971549
validation,validation-06,input/padded512-float/adaptive,0.543114143230818,1.0819314745694482,0.602634617649027,0.6637477436837204,27.511195932298577,0.964073355024489,0.004574233121089427,5.513261486905905e-17,0.024340044315403424,0.650241963036132,0.4782830103025852,0.9684555110285209,0.9592920457460474,0.4053780205689524,42879,134690,9730,11693,14752,28.320634279677957,0.965411346212886
validation,validation-06,input/flipY512-float/none,0.4274231893010023,0.9829008676055466,0.6611061400262369,0.6352265730994614,28.985052547102455,0.9637212713442073,0.004574233121089427,6.263915072757245e-17,0.02679458282396088,0.5762179502269555,0.34462799784780923,0.9178151505637587,0.8936219102924396,0.32180899024254106,42879,134690,9730,11693,14752,29.807765527341367,0.9658335186386675
validation,validation-06,input/flipY512-float/adaptive,0.5434095815807072,1.081890527532905,0.6022610748694232,0.667142634193643,27.511884075476203,0.9641202960628862,0.004574233121089427,5.4951668758017717e-17,0.023929362775061126,0.6502455851677631,0.4784669547185192,0.9715803333030856,0.9631561042472949,0.40547690453248825,42879,134690,9730,11693,14752,28.32138805264374,0.9654545009768206
validation,validation-06,input/flipX512-float/none,0.4276240673191876,0.9824173971285058,0.661027681621592,0.6322734585729961,28.972024466050907,0.9636640791620515,0.004574233121089427,6.254831579079596e-17,0.02712408312958435,0.575848326288294,0.3451350029694969,0.9162925233236641,0.8911586548570607,0.3208057332533294,42879,134690,9730,11693,14752,29.793746300030925,0.9657752052145819
validation,validation-06,input/flipX512-float/adaptive,0.5434477528378303,1.0818963361109886,0.6022729129430464,0.6642221780933953,27.505869055338078,0.9640808135790386,0.004574233121089427,5.5005035311137495e-17,0.024211109413202935,0.6502435272522833,0.47859975716275927,0.9704858336557134,0.9612723771603264,0.4052604870746653,42879,134690,9730,11693,14752,28.3149978770686,0.965416331478113
validation,validation-06,input/ensemble512-float/none,0.4273192843008078,0.9825526680280942,0.6611651953989613,0.6336157106340372,28.9797087510986,0.9637148589710226,0.004574233121089426,6.265101379727852e-17,0.027042901894865527,0.5758833329082128,0.3446932936811541,0.9163857628541715,0.8915162933386328,0.3211417654993501,42879,134690,9730,11693,14752,29.801847562590144,0.9658257262575225
validation,validation-06,input/ensemble512-float/adaptive,0.543355934504579,1.081932657380035,0.6023318760486849,0.6652482819584308,27.50910560082794,0.9640984499287696,0.004574233121089427,5.495845926591219e-17,0.024192007946210268,0.6502437407956554,0.4784726390235605,0.9704770878841606,0.961497610899487,0.4053811553791616,42879,134690,9730,11693,14752,28.318411548729124,0.9654335719574644
validation,validation-06,gamma22/full,0.42059089619696804,1.207324074763533,0.7378810607349616,0.4713514593674919,28.997811019483777,0.9330917044024702,0.006765776506448416,0.002697432641520363,0.037897310513447434,0.8067421169433348,0.28099673732936986,0.6512341709650404,0.6324349854594249,0.38927665203466205,42879,134690,9730,11693,14752,30.276043320227547,0.9391684386805264
validation,validation-06,gamma22/adaptive,0.604058688170548,1.3432550673580042,0.6042636728556201,0.4641267572493943,26.723714895342425,0.9323706438706509,0.006765776506448415,0.0026974326415203633,0.024808030256723717,0.9247488515846086,0.4759735474102438,0.9638648641185306,0.9520130908519319,0.5332944856862903,42879,134690,9730,11693,14752,27.786161653929664,0.9371459497215258
validation,validation-06,learned/scene-scale,0.35724501627393845,0.923108465970366,0.7363827729311127,0.634179404330138,30.39551095598402,0.965137779330268,0.004574233121089427,6.267871802930569e-17,0.03737679553789731,0.5408433097531842,0.2772355594110273,0.6556995402995198,0.6388495645253811,0.27240313969515756,42879,134690,9730,11693,14752,31.291741525746612,0.9675776738764523
validation,validation-06,learned/residual-cnn,0.2952003631992945,0.7150409605030975,0.7543748627367525,0.5215403662468314,30.971718207778423,0.9646051146528394,0.004574233121089427,6.257010786329731e-17,0.02638867665036675,0.24954857229342994,0.263066366609052,0.9412056194163904,0.9105255306671131,0.30100613651063757,42879,134690,9730,11693,14752,31.615845058682844,0.9664985548858628
validation,validation-07,SDR,0.9164365508111891,1.7506119400863431,0.420841995149684,,21.941484315800178,0.964914437437325,0.008794048145682505,0.0,0.0,0.7048957807510075,0.8208373680311724,1.8705750938079744,1.7036942339738297,0.7190667851231061,22717,212342,26312,41568,26122,22.526771908698517,0.9601877341804599
validation,validation-07,production/legacy,0.8018699628529278,1.3517380968672272,0.5038139043464323,0.6159038019090305,23.56173438740328,0.964962946902512,0.008909714469799174,0.0008171759120549079,0.032947540283203125,0.70606366653319,0.7595453291069066,1.2261527620469514,1.1840725931355727,0.6637902826649772,22717,212342,26312,41568,26122,24.176275060136454,0.9625125137236017
validation,validation-07,production/v11,0.6558531956710525,1.210925301519767,0.5914849705468912,0.7567753078478865,25.204819809247667,0.9619363391891367,0.008897872942506133,0.0008179207223817277,0.05913543701171875,0.7075673493223636,0.6047620774178685,1.0235181319594668,0.9166609752264816,0.5963838392901409,22717,212342,26312,41568,26122,25.837297027615286,0.9607390708541061
validation,validation-07,production/v11-bilinear,0.6558633857871826,1.2112143575988974,0.5918381243711001,0.7561099630104834,25.207764530009605,0.9619774075119264,0.008897721583741807,0.0008173680186842834,0.059326171875,0.707524652311744,0.6050547487965343,1.0212943148016944,0.9151860275377353,0.5973897538337009,22717,212342,26312,41568,26122,25.840513969010157,0.9607904587334437
validation,validation-07,production/full-edge,0.5530879323484619,1.1985099255639766,0.7122231701753424,0.7984454053363921,26.773112522011534,0.9636251042457434,0.008897978200992175,0.000810739672406105,0.10158157348632812,0.8334759913614546,0.49994877104188096,0.7398506358131873,0.6229013557916806,0.5650229212255209,22717,212342,26312,41568,26122,27.489634592006155,0.9621058630785675
validation,validation-07,production/full-bilinear,0.5532481676523158,1.1988494395480935,0.7127375751769258,0.7971803485501217,26.77439625427349,0.9634614630387061,0.00889778771225482,0.0008101866337553782,0.10186004638671875,0.8327576047670749,0.5005717650895771,0.7370349109649112,0.6208857988327936,0.5660915237482037,22717,212342,26312,41568,26122,27.4912893683174,0.9619673892525116
validation,validation-07,edge/none/0.5/cap2,0.7201457437912943,1.2806882255601328,0.5439348915755565,0.7999335211712901,24.29929645869361,0.9695000694977954,0.008794048145682506,5.356607758115725e-17,0.024810791015625,0.7706168094728995,0.6431272350205148,1.2981220660136934,1.1632220598502419,0.6212176689830176,22717,212342,26312,41568,26122,24.916567312211335,0.966398109113924
validation,validation-07,edge/none/0.75/cap2,0.6319342162150788,1.2170526152486338,0.6214172403501784,0.7999335211712887,25.5746688927941,0.9680043963128893,0.008794048145682506,5.356899830602858e-17,0.060176849365234375,0.8039729291543808,0.5659134352167723,1.0161992373803386,0.892985972788448,0.5878478772895553,22717,212342,26312,41568,26122,26.230840503391693,0.9656715656414365
validation,validation-07,edge/none/1/cap2,0.553377474856854,1.198341069925426,0.7122794016143121,0.79993352117129,26.77221287041344,0.9640565682180252,0.008794048145682508,5.3808897422293793e-17,0.10158157348632812,0.837589192152878,0.4998651250019179,0.7398506358131873,0.6229013557916806,0.5653459021076163,22717,212342,26312,41568,26122,27.489235244510276,0.9624532388144118
validation,validation-07,edge/linear/0.5/cap2,0.8406399648334042,1.4419187012634596,0.4712994289344297,0.6553442996337896,23.015376821882533,0.9735904618291095,0.008794048145682506,3.668502373527102e-17,0.02081298828125,0.7048957807510075,0.780673790634382,1.441773971810014,1.359649610831835,0.6853086752920409,22717,212342,26312,41568,26122,23.616751194168195,0.9694123678067138
validation,validation-07,edge/linear/0.75/cap2,0.8028446399392482,1.3339655893446167,0.5023274214635369,0.6553442996337934,23.56697449004415,0.9760829158165903,0.008794048145682505,3.648636851191817e-17,0.032764434814453125,0.7048957807510075,0.7606617296378348,1.2278335337292303,1.1876272992608372,0.6688152751581747,22717,212342,26312,41568,26122,24.18022309209556,0.9722313281887179
validation,validation-07,edge/linear/1/cap2,0.7652981158939709,1.2748631200954468,0.538240994268998,0.6553442996337896,24.115193680308764,0.9774331173718571,0.008794048145682506,3.6549181815187034e-17,0.05014801025390625,0.7048957807510075,0.7408321945692163,1.014891552857475,1.0156049876898396,0.6527506892701389,22717,212342,26312,41568,26122,24.742989557625265,0.9739204484358825
validation,validation-07,edge/perceptual/0.5/cap2,0.7386306403656768,1.2875948306991418,0.5253735396653957,0.7858287362589143,24.061715186028533,0.9715397834850354,0.008794048145682508,5.2271348606290713e-17,0.024810791015625,0.7053609843992629,0.672393644505628,1.3018977029038161,1.1778855913821193,0.6306716888328741,22717,212342,26312,41568,26122,24.668745716877744,0.9683973652452882
validation,validation-07,edge/perceptual/0.75/cap2,0.6535487766904271,1.1928148218361203,0.591096222411329,0.7858287362589101,25.245420808474268,0.972233971723139,0.008794048145682506,5.234043458164842e-17,0.059360504150390625,0.705593972082411,0.6023766537711834,1.0215816218256628,0.9149812700862641,0.5920005691579926,22717,212342,26312,41568,26122,25.876317729195307,0.9697729756912626
validation,validation-07,edge/perceptual/1/cap2,0.5724504271533104,1.123455241087472,0.6681729120880966,0.7858287362589143,26.452638163296875,0.971300493350336,0.008794048145682508,5.2369196217068254e-17,0.09578704833984375,0.7058269597655591,0.5365843677009964,0.7467418571043146,0.6521927409895261,0.5569666450170189,22717,212342,26312,41568,26122,27.11995461793288,0.9694338999888845
validation,validation-07,edge/adaptive/0.5/cap2,0.7386306403656768,1.2875948306991418,0.5253735396653957,0.7858287362589143,24.061715186028533,0.9715397834850354,0.008794048145682508,5.2271348606290713e-17,0.024810791015625,0.7053609843992629,0.672393644505628,1.3018977029038161,1.1778855913821193,0.6306716888328741,22717,212342,26312,41568,26122,24.668745716877744,0.9683973652452882
validation,validation-07,edge/adaptive/0.75/cap2,0.6535487766904271,1.1928148218361203,0.591096222411329,0.7858287362589101,25.245420808474268,0.972233971723139,0.008794048145682506,5.234043458164842e-17,0.059360504150390625,0.705593972082411,0.6023766537711834,1.0215816218256628,0.9149812700862641,0.5920005691579926,22717,212342,26312,41568,26122,25.876317729195307,0.9697729756912626
validation,validation-07,edge/adaptive/1/cap2,0.5724504271533104,1.123455241087472,0.6681729120880966,0.7858287362589143,26.452638163296875,0.971300493350336,0.008794048145682508,5.2369196217068254e-17,0.09578704833984375,0.7058269597655591,0.5365843677009964,0.7467418571043146,0.6521927409895261,0.5569666450170189,22717,212342,26312,41568,26122,27.11995461793288,0.9694338999888845
validation,validation-07,edge/shadow/0.5/cap2,0.7088887133067576,1.2714242983021555,0.5425630390831985,0.8282083682515373,24.35969208008888,0.9694828753211623,0.008794048145682506,5.3594636600054693e-17,0.024810791015625,0.708443249507934,0.6359225154970589,1.2981220660136934,1.1632220598502419,0.6122179534359445,22717,212342,26312,41568,26122,24.968038060181623,0.9666242154306448
validation,validation-07,edge/shadow/0.75/cap2,0.6141725062829315,1.1802008190337723,0.6192796390361277,0.8282083682515373,25.711489229443284,0.9685694136959423,0.008794048145682506,5.354698691202972e-17,0.060176849365234375,0.7102218096957033,0.5540803936803239,1.0161992373803386,0.892985972788448,0.5720561276442231,22717,212342,26312,41568,26122,26.349454187479814,0.966493996387345
validation,validation-07,edge/shadow/1/cap2,0.5286139468327512,1.1303480372082704,0.7093168511194594,0.8282083682515373,27.042080631030153,0.9656302743481624,0.008794048145682505,5.3784869669369955e-17,0.10158157348632812,0.7120050406155486,0.48281916653532037,0.7398506358131873,0.6229013557916806,0.5415885133481151,22717,212342,26312,41568,26122,27.7280720810456,0.9642283825048039
validation,validation-07,edge/none/0.75/cap1.000,0.6324454903598198,1.2174999250646943,0.6205421719396916,0.7994898852486743,25.556340444332434,0.9679284567480892,0.008794048145682506,5.299239899590126e-17,0.060176849365234375,0.803957181864635,0.5659199435949138,1.0212390657337476,0.8961762940296911,0.5879004633488722,22717,212342,26312,41568,26122,26.211563180518933,0.9655940366617227
validation,validation-07,edge/adaptive/0.75/cap1.000,0.6540559314678372,1.1930402589589257,0.5902233449082764,0.7853991493646768,25.228394225036258,0.9721537631728596,0.008794048145682506,5.176829968620486e-17,0.059360504150390625,0.705593972082411,0.6023766537711834,1.0266194582245103,0.91817015459662,0.5920382107149004,22717,212342,26312,41568,26122,25.8585357415248,0.9696917571019441
validation,validation-07,edge/none/0.75/cap2.322,0.6319342162150788,1.2170526152486338,0.6214172403501784,0.7999335211712887,25.5746688927941,0.9680043963128893,0.008794048145682506,5.356899830602858e-17,0.060176849365234375,0.8039729291543808,0.5659134352167723,1.0161992373803386,0.892985972788448,0.5878478772895553,22717,212342,26312,41568,26122,26.230840503391693,0.9656715656414365
validation,validation-07,edge/adaptive/0.75/cap2.322,0.6535487766904271,1.1928148218361203,0.591096222411329,0.7858287362589101,25.245420808474268,0.972233971723139,0.008794048145682506,5.234043458164842e-17,0.059360504150390625,0.705593972082411,0.6023766537711834,1.0215816218256628,0.9149812700862641,0.5920005691579926,22717,212342,26312,41568,26122,25.876317729195307,0.9697729756912626
validation,validation-07,edge/offset0.1,0.6663944241346464,1.2038500655042754,0.5799939110063986,0.7975705043297016,25.038214712082585,0.9690289639536926,0.008794048145682506,5.0538946017822276e-17,0.044879913330078125,0.7304338033739165,0.6042434905994637,1.1126725843105856,0.992984951735241,0.5935023097105184,22717,212342,26312,41568,26122,25.665732625687667,0.966649704282019
validation,validation-07,edge/offset0.25,0.7427056826877755,1.3023556956682354,0.5249322635413394,0.7490966250813537,24.076619977331433,0.9703459048731404,0.008794048145682506,3.843661215972527e-17,0.02800750732421875,0.7058452640338602,0.6825657654325331,1.2598685148698106,1.1429610869549012,0.6276414316389065,22717,212342,26312,41568,26122,24.686645575542435,0.9672628681992228
validation,validation-07,edge/offset0.4,0.8199847192079964,1.3697757474523122,0.4817683128554548,0.6617587571829868,23.22488126364545,0.9704387661605389,0.008794048145682505,2.401322936573103e-17,0.0193634033203125,0.705189725816002,0.7593207664318951,1.4086630000406546,1.2928281949597757,0.6709963595588926,22717,212342,26312,41568,26122,23.827395220376772,0.9665628850659083
validation,validation-07,bilinear/none/0.5/cap2,0.7202439777666649,1.279894807572046,0.5441094268399413,0.7987302683836269,24.3004585251817,0.9695430539364484,0.008794048145682506,5.359511485978412e-17,0.024913787841796875,0.7703112407383974,0.6434826542651669,1.2964934054812578,1.1621981372202796,0.6220789318515356,22717,212342,26312,41568,26122,24.917888775702725,0.9664520334247475
validation,validation-07,bilinear/none/0.75/cap2,0.6320712462662055,1.2170453084171977,0.6217357235403412,0.7987302683836254,25.576277223056078,0.9679742350742883,0.008794048145682506,5.364946921717053e-17,0.060390472412109375,0.8034964065563678,0.5664127624024843,1.0139421954254748,0.8914500888435051,0.5888831973993575,22717,212342,26312,41568,26122,26.232723632235437,0.965659614077625
validation,validation-07,bilinear/none/1/cap2,0.5535318287200762,1.198560600392921,0.7127961089488254,0.7987302683836269,26.77368193943403,0.9639023765207537,0.008794048145682506,5.379984951283652e-17,0.10186004638671875,0.8369305916332055,0.5004744835075245,0.7370349109649112,0.6208857988327936,0.5663686174046949,22717,212342,26312,41568,26122,27.491080581053772,0.9623236032894779
validation,validation-07,bilinear/linear/0.5/cap2,0.8404752069355583,1.4408569388286954,0.4714677058288954,0.6550918634436617,23.018287366936544,0.9736966539978358,0.008794048145682506,3.6549052893214585e-17,0.020931243896484375,0.7048957807510075,0.7806387149337259,1.440420410997866,1.3588029705206095,0.685341260365493,22717,212342,26312,41568,26122,23.619742243855733,0.9695189743324278
validation,validation-07,bilinear/linear/0.75/cap2,0.8026056009404342,1.3338724501649493,0.5026231831366303,0.655091863443655,23.57129989195919,0.9761791822334358,0.008794048145682506,3.6574724457765926e-17,0.032928466796875,0.7048957807510075,0.7606160748091887,1.225827474724417,1.1863573387939994,0.6688829926376588,22717,212342,26312,41568,26122,24.184695045584984,0.9723313461328527
validation,validation-07,bilinear/linear/1/cap2,0.7649949857899144,1.2746193412990414,0.5387050308293303,0.6550918634436618,24.120736654697353,0.9774843904416082,0.008794048145682506,3.6698160156264503e-17,0.050334930419921875,0.7048957807510075,0.7407775798981795,1.0123211503814165,1.0139117070673895,0.6528318936526781,22717,212342,26312,41568,26122,24.74876025876053,0.9739796187312181
validation,validation-07,bilinear/perceptual/0.5/cap2,0.7385936440888771,1.2873854923980046,0.5255940243855356,0.7849063204733934,24.064146171478637,0.9716185957514042,0.008794048145682505,5.2324921399033704e-17,0.024913787841796875,0.7053598642056448,0.6725496514668174,1.3002721656364895,1.1768599186129896,0.631258678124203,22717,212342,26312,41568,26122,24.67132470428439,0.9684821589609701
validation,validation-07,bilinear/perceptual/0.75/cap2,0.6535324943837567,1.1930926558141792,0.5914918055010432,0.7849063204733918,25.24876004571489,0.9722256715125772,0.008794048145682505,5.236753406084937e-17,0.059551239013671875,0.7055922805523832,0.6026363491491906,1.0193255587272325,0.9134427609325698,0.5928336989166428,22717,212342,26312,41568,26122,25.87994829858143,0.9697792151885289
validation,validation-07,bilinear/perceptual/1/cap2,0.5724788884561904,1.1237966504690684,0.6688048054555642,0.7849063204733933,26.455843909705873,0.9711345205187983,0.008794048145682506,5.2357725533744544e-17,0.09611129760742188,0.7058247043921887,0.5369689435751572,0.743922937381026,0.6501720547975155,0.5580481596353136,22717,212342,26312,41568,26122,27.12363619607586,0.9692924912366708
validation,validation-07,bilinear/adaptive/0.5/cap2,0.7385936440888771,1.2873854923980046,0.5255940243855356,0.7849063204733934,24.064146171478637,0.9716185957514042,0.008794048145682505,5.2324921399033704e-17,0.024913787841796875,0.7053598642056448,0.6725496514668174,1.3002721656364895,1.1768599186129896,0.631258678124203,22717,212342,26312,41568,26122,24.67132470428439,0.9684821589609701
validation,validation-07,bilinear/adaptive/0.75/cap2,0.6535324943837567,1.1930926558141792,0.5914918055010432,0.7849063204733918,25.24876004571489,0.9722256715125772,0.008794048145682505,5.236753406084937e-17,0.059551239013671875,0.7055922805523832,0.6026363491491906,1.0193255587272325,0.9134427609325698,0.5928336989166428,22717,212342,26312,41568,26122,25.87994829858143,0.9697792151885289
validation,validation-07,bilinear/adaptive/1/cap2,0.5724788884561904,1.1237966504690684,0.6688048054555642,0.7849063204733933,26.455843909705873,0.9711345205187983,0.008794048145682506,5.2357725533744544e-17,0.09611129760742188,0.7058247043921887,0.5369689435751572,0.743922937381026,0.6501720547975155,0.5580481596353136,22717,212342,26312,41568,26122,27.12363619607586,0.9692924912366708
validation,validation-07,bilinear/shadow/0.5/cap2,0.709019804268656,1.270769796954406,0.5427502804105774,0.827078663585213,24.360832063001933,0.9695628007754904,0.008794048145682505,5.3634096044217594e-17,0.024913787841796875,0.7084320203294672,0.6362868889369769,1.2964934054812578,1.1621981372202796,0.6131659836301819,22717,212342,26312,41568,26122,24.969361546389433,0.9667105834353581
validation,validation-07,bilinear/shadow/0.75/cap2,0.6143759075969616,1.1804518715365566,0.6196188635981781,0.827078663585212,25.712798855937944,0.9685858447176371,0.008794048145682505,5.3633659284646987e-17,0.060390472412109375,0.7102046898928545,0.5546122686901057,1.0139421954254748,0.8914500888435051,0.5733000759442602,22717,212342,26312,41568,26122,26.351107397060822,0.9665230836650567
validation,validation-07,bilinear/shadow/1/cap2,0.5288870186089452,1.1309086020592642,0.7098636802728604,0.8270786635852133,27.04250041980606,0.9655259526570033,0.008794048145682506,5.382709966485374e-17,0.10186004638671875,0.7119819191361346,0.48350666898924494,0.7370349109649112,0.6208857988327936,0.5430156838272487,22717,212342,26312,41568,26122,27.72901952874498,0.9641429341539143
validation,validation-07,bilinear/none/0.75/cap1.000,0.6326058591369796,1.2175649981876815,0.6208184228734596,0.7981935000927564,25.556870104579698,0.9678764379988719,0.008794048145682506,5.3056895441596586e-17,0.060390472412109375,0.803487125634791,0.5664180492418176,1.0192181348183305,0.8947898354143718,0.5889389642969349,22717,212342,26312,41568,26122,26.21231266590484,0.9655606454365347
validation,validation-07,bilinear/adaptive/0.75/cap1.000,0.6540634316941062,1.1933603863090423,0.5905763306317198,0.7844093431017595,25.23073654507781,0.9721256947413993,0.008794048145682505,5.177896491053675e-17,0.059551239013671875,0.7055922805523832,0.6026363491491906,1.0245996395931263,0.916781185098837,0.5928721288354595,22717,212342,26312,41568,26122,25.86112033562053,0.9696784943582978
validation,validation-07,bilinear/none/0.75/cap2.322,0.6320712462662055,1.2170453084171977,0.6217357235403412,0.7987302683836254,25.576277223056078,0.9679742350742883,0.008794048145682506,5.364946921717053e-17,0.060390472412109375,0.8034964065563678,0.5664127624024843,1.0139421954254748,0.8914500888435051,0.5888831973993575,22717,212342,26312,41568,26122,26.232723632235437,0.965659614077625
validation,validation-07,bilinear/adaptive/0.75/cap2.322,0.6535324943837567,1.1930926558141792,0.5914918055010432,0.7849063204733918,25.24876004571489,0.9722256715125772,0.008794048145682505,5.236753406084937e-17,0.059551239013671875,0.7055922805523832,0.6026363491491906,1.0193255587272325,0.9134427609325698,0.5928336989166428,22717,212342,26312,41568,26122,25.87994829858143,0.9697792151885289
validation,validation-07,bilinear/offset0.1,0.6665689281227511,1.2044308578029161,0.5802933514548454,0.7963682300879683,25.03963223920216,0.9690424603183653,0.008794048145682505,5.045215245177322e-17,0.045146942138671875,0.7301561531692052,0.6047798632971989,1.1103171271120764,0.9914484420375614,0.5947917441349332,22717,212342,26312,41568,26122,25.66744053986689,0.966680015722471
validation,validation-07,bilinear/offset0.25,0.7428210868002358,1.3021797633179142,0.5252173752383472,0.7481471594762675,24.07868350116091,0.9705344387731649,0.008794048145682506,3.8390544009516115e-17,0.02828216552734375,0.7057954843729257,0.6830206694008155,1.257386716238095,1.1414244177151833,0.6289401309114434,22717,212342,26312,41568,26122,24.688961309644,0.9674580945014103
validation,validation-07,bilinear/offset0.4,0.8198495566400222,1.3690389745791127,0.4820263459705847,0.6619832396896752,23.22877724727737,0.970789741508564,0.008794048145682506,2.4107050836344566e-17,0.01953125,0.7051626880667715,0.759473696216743,1.406109534877272,1.2912975967458908,0.6716752713029418,22717,212342,26312,41568,26122,23.831452919489067,0.966908233692174
validation,validation-07,input/native512-u8/none,0.6334800209875641,1.2103439445047541,0.6201288605038037,0.8179727814498967,25.566209558753922,0.9729158536559293,0.008794048145682506,5.4208063226141176e-17,0.059970855712890625,0.7976703709143192,0.568718592029775,1.0143579158062306,0.8965594902824757,0.5884368802793309,22717,212342,26312,41568,26122,26.221117715051072,0.9699876291882671
validation,validation-07,input/native512-u8/adaptive,0.6556166850521814,1.1930919048949753,0.5904087046496361,0.7869999402098062,25.228440065082882,0.9729262054729289,0.008794048145682506,5.264752286611149e-17,0.05927276611328125,0.7055978977552421,0.6051557275537925,1.019692294209503,0.9181592816233176,0.5942988138573427,22717,212342,26312,41568,26122,25.859509344713043,0.9704216478822312
validation,validation-07,input/native512-float/none,0.6334714183052625,1.210328894361512,0.6201343006642711,0.8179759042675449,25.566318772097997,0.9729157143729226,0.008794048145682505,5.40740517085219e-17,0.06000518798828125,0.7976657406485647,0.568710452356327,1.0143421469027132,0.896526322844277,0.5884357399063069,22717,212342,26312,41568,26122,26.2212279343272,0.9699875531274601
validation,validation-07,input/native512-float/adaptive,0.6556098403151417,1.1929995161816405,0.5904133365157247,0.7869990685008379,25.228526918353317,0.9729259692366181,0.008794048145682506,5.280199865492077e-17,0.059299468994140625,0.7055978986246333,0.6051492191771815,1.0196768246971755,0.9181277596254797,0.5942993196481805,22717,212342,26312,41568,26122,25.859597069377113,0.970421465127715
validation,validation-07,input/native1024-float/none,0.630243951188474,1.2026131840130088,0.6253018710330198,0.8043521685035024,25.61793956034771,0.9731951143099623,0.008794048145682508,5.409770821292377e-17,0.06426239013671875,0.7971854392234995,0.5675942829348039,0.9917043522461333,0.8728591545294674,0.5894278559555668,22717,212342,26312,41568,26122,26.275301205652465,0.9703037154237527
validation,validation-07,input/native1024-float/adaptive,0.6517392426992372,1.1907251944658332,0.595659169182643,0.7768942296689676,25.284168951135815,0.9730566901808431,0.008794048145682506,5.2619370003574386e-17,0.06330108642578125,0.7055917405965504,0.6031710928887261,0.9971972417996587,0.8950978396306244,0.5943648549799903,22717,212342,26312,41568,26122,25.917463555731967,0.9705911000439591
validation,validation-07,input/padded512-float/none,0.6334714183052625,1.210328894361512,0.6201343006642711,0.8179759042675449,25.566318772097997,0.9729157143729226,0.008794048145682505,5.40740517085219e-17,0.06000518798828125,0.7976657406485647,0.568710452356327,1.0143421469027132,0.896526322844277,0.5884357399063069,22717,212342,26312,41568,26122,26.2212279343272,0.9699875531274601
validation,validation-07,input/padded512-float/adaptive,0.6556098403151417,1.1929995161816405,0.5904133365157247,0.7869990685008379,25.228526918353317,0.9729259692366181,0.008794048145682506,5.280199865492077e-17,0.059299468994140625,0.7055978986246333,0.6051492191771815,1.0196768246971755,0.9181277596254797,0.5942993196481805,22717,212342,26312,41568,26122,25.859597069377113,0.970421465127715
validation,validation-07,input/flipY512-float/none,0.6345447969858138,1.2052434700884174,0.616975155793457,0.8215486940847816,25.53674517649761,0.9729123391160325,0.008794048145682508,5.420521638470344e-17,0.056224822998046875,0.7949562241116952,0.5677566319409009,1.0350413822681275,0.910243375087494,0.5900307324244827,22717,212342,26312,41568,26122,26.18925613060827,0.9699965791886964
validation,validation-07,input/flipY512-float/adaptive,0.6576110568539727,1.192983476590384,0.5876574408449491,0.789517685217514,25.19321544300436,0.972949162718972,0.008794048145682506,5.274922216934334e-17,0.0556182861328125,0.7055726602639432,0.6050653742773616,1.040254397725761,0.9318028323641769,0.596529468847341,22717,212342,26312,41568,26122,25.822941680100413,0.9704296444552963
validation,validation-07,input/flipX512-float/none,0.6339753646685301,1.2111484974144693,0.6196936205609987,0.8175388027138819,25.556600031153593,0.9728683045335096,0.008794048145682506,5.4142853472779746e-17,0.06006622314453125,0.79782252138665,0.5692377089101014,1.0149577088419377,0.8980692660750921,0.5892453305481103,22717,212342,26312,41568,26122,26.211188612505218,0.9699367427623835
validation,validation-07,input/flipX512-float/adaptive,0.6560633531248141,1.1940033428179038,0.5900328546881652,0.7865679433668841,25.21976502325154,0.9728565686826557,0.008794048145682506,5.28307486571108e-17,0.059356689453125,0.7055981118824046,0.6056310950449638,1.0202928085252163,0.9195830832726684,0.5948642256565831,22717,212342,26312,41568,26122,25.85060077413368,0.9703505362023881
validation,validation-07,input/ensemble512-float/none,0.633977540260586,1.2090272694129198,0.6189078930472842,0.819757503159835,25.554115867817035,0.9729484015548794,0.008794048145682505,5.420631460431109e-17,0.058681488037109375,0.7968138345026402,0.5685445352805233,1.0214442112540376,0.9016129878526834,0.589200126964591,22717,212342,26312,41568,26122,26.20812749190184,0.9700196223399209
validation,validation-07,input/ensemble512-float/adaptive,0.6564221819208768,1.1935976885728303,0.5893457332200334,0.7880639380230341,25.2144304919894,0.9729388307967393,0.008794048145682506,5.270407082773728e-17,0.057964324951171875,0.7055895569238383,0.6052751085198871,1.0267374982089073,0.9231712249466515,0.595220432127197,22717,212342,26312,41568,26122,25.84498010818679,0.9704270219107319
validation,validation-07,gamma22/full,0.5224714571066501,1.17553105666006,0.7224475857325144,0.8207246882376347,27.08695656705659,0.9631534244822325,0.010555273414199515,0.0021002078558483026,0.1063690185546875,0.6503542262517402,0.48428605267230956,0.7202235201093768,0.6001869021745975,0.5486238233616102,22717,212342,26312,41568,26122,27.778187937952758,0.9623054018879087
validation,validation-07,gamma22/adaptive,0.6207357947212193,1.1824757750581512,0.5994442639002143,0.8173630312068055,25.507951295949333,0.9709743809243216,0.010555273414199515,0.0021002078558483026,0.0626373291015625,0.5212102764650735,0.584145568445222,1.0019520848596604,0.8926361758826269,0.5742769467049447,22717,212342,26312,41568,26122,26.12175424211141,0.9693607644911778
validation,validation-07,learned/scene-scale,0.5624025151383939,1.1972451300713187,0.7011225892630168,0.7987302683836264,26.64191736628964,0.9645166016709491,0.008794048145682508,5.372177664581693e-17,0.09608078002929688,0.832925493493312,0.5077577309144166,0.7698330514867963,0.6531553572263111,0.5684419456542463,22717,212342,26312,41568,26122,27.350956948930524,0.962852493037521
validation,validation-07,learned/residual-cnn,0.7680495053147021,1.807618861813171,0.6933039906743925,-0.26914611535605026,23.92301590269205,0.9509101948921242,0.008794048145682506,5.396430059335271e-17,0.05693817138671875,1.5594884323694223,0.649521325458894,1.0412857724566895,0.9067870117988588,0.7786019691064259,22717,212342,26312,41568,26122,24.720723763211016,0.9449049866814627
validation,validation-08,SDR,0.8574084202063603,1.142996899660959,0.5617381848552044,,26.004032208575577,0.9711185415133108,0.0017674973932401406,0.0,0.0,0.926381413326166,0.7792968022674402,1.0716549689573256,1.1784274017450318,0.7611212952389669,66776,62148,1161,778,10246,27.10877487017064,0.9623489669836605
validation,validation-08,production/legacy,0.8516106232547739,1.1814602852486409,0.5936679324114864,0.07182562057600678,26.08239083198782,0.9670845656558759,0.0019304540188440392,0.0007174337648649874,0.0008438588850174216,0.9318794250983151,0.7712148352497208,0.5384391512769257,0.5912225840290244,0.7739739684784416,66776,62148,1161,778,10246,27.212758946597162,0.9589324399154342
validation,validation-08,production/v11,0.8254150171533373,1.1737259883421716,0.6418816489906924,-0.06896791201899889,26.292562847542825,0.9668053996655565,0.001935049933297938,0.0007203589851153992,0.0020483993902439025,0.9297127147838207,0.7235129472015,0.28142430775938276,0.36478514158873615,0.7502894903828163,66776,62148,1161,778,10246,27.44265198813452,0.9590281867470852
validation,validation-08,production/v11-bilinear,0.825460699809926,1.1737521678438803,0.6420038658480823,-0.06998799037627541,26.29201354086986,0.966776635266275,0.001934289856632178,0.0007193327416941058,0.0020483993902439025,0.9297630944744878,0.7236114144662729,0.27837429103865496,0.363737288964784,0.7523655691697014,66776,62148,1161,778,10246,27.44206286712388,0.9590016574490082
validation,validation-08,production/full-edge,0.6489495315378991,1.0117531908610486,0.751671305287656,-0.13087393011341156,28.13806861017103,0.9747109240784446,0.0019338317461628626,0.0007186112623122506,0.008282066637630661,0.7727608426730688,0.5248538671723976,0.17063190589198454,0.19878860546828772,0.6048222311948228,66776,62148,1161,778,10246,29.30086055113883,0.9702504872341261
validation,validation-08,production/full-bilinear,0.6492570417696011,1.0125723564973999,0.7520507767494756,-0.13281666952878957,28.13452459647126,0.9746076943930876,0.0019318669096752463,0.0007166672481082763,0.008275261324041812,0.7735244439089235,0.524602513259086,0.17462275461724414,0.2048224395048563,0.6097983184152258,66776,62148,1161,778,10246,29.298129353783473,0.9701658635090111
validation,validation-08,edge/none/0.5/cap2,0.7450302235717571,1.0549831992654939,0.6460353734246009,-0.17391825824847837,27.140014580345557,0.9752557917257457,0.0017674973932401406,4.9088047935499796e-17,0.0005444250871080139,0.8432354310718534,0.643389622088001,0.537458444920625,0.6310379510817926,0.6550576805098737,66776,62148,1161,778,10246,28.270866468913987,0.9686464106614124
validation,validation-08,edge/none/0.75/cap2,0.6899929828078031,1.017732193463887,0.6961116067729852,-0.1739182582484782,27.699046444912444,0.9761874068399665,0.0017674973932401406,4.935842759060627e-17,0.002082425958188153,0.8019877827340371,0.5774951653850524,0.2704835920368383,0.357343225750173,0.6045910442648045,66776,62148,1161,778,10246,28.841153642544974,0.9706151201718505
validation,validation-08,edge/none/1/cap2,0.6425479062390448,0.9830152837238592,0.7526316155549209,-0.1739182582484783,28.227089549146992,0.97634875592679,0.0017674973932401406,4.945303778830802e-17,0.008282066637630661,0.7615418628473016,0.523508742145751,0.17063190589198454,0.19878860546828775,0.5617720492268137,66776,62148,1161,778,10246,29.375778759718862,0.9717790551286412
validation,validation-08,edge/linear/0.5/cap2,0.850914022516707,1.138911570688246,0.5813886522390004,0.08220869418162216,26.102639033732906,0.9714758691307976,0.0017674973932401406,3.8523204557406114e-18,0.00045595601045296167,0.926381413326166,0.7722643636706641,0.7204303957048674,0.7960611161809402,0.7573224742703545,66776,62148,1161,778,10246,27.220849516756985,0.9627642938226841
validation,validation-08,edge/linear/0.75/cap2,0.8476668236718804,1.1382393991390753,0.5928948554927367,0.08220869418162251,26.141160259671295,0.9714305107923324,0.0017674973932401406,3.874413643404304e-18,0.0008166376306620209,0.926381413326166,0.768748144372276,0.5448181090786383,0.6048779733988943,0.7554230637860482,66776,62148,1161,778,10246,27.264831247634685,0.9627540700244233
validation,validation-08,edge/linear/1/cap2,0.8444196248270538,1.1376120369229028,0.6057403732329152,0.08220869418162213,26.17188015267088,0.9712517362101724,0.0017674973932401406,3.824222006947727e-18,0.0015856380662020906,0.926381413326166,0.7652319250738879,0.36920582245240924,0.41369483061684853,0.7535236533017419,66776,62148,1161,778,10246,27.299985586408788,0.962611784743658
validation,validation-08,edge/perceptual/0.5/cap2,0.8339681854466727,1.1342835923386376,0.6110580774623452,-0.10691813478936273,26.260618396188722,0.9713425958931842,0.0017674973932401404,4.5294943167412345e-17,0.0005444250871080139,0.9254272634159225,0.7411199215925269,0.5437550170856379,0.6356967316384461,0.7455429194773312,66776,62148,1161,778,10246,27.394558425628635,0.962882387168458
validation,validation-08,edge/perceptual/0.75/cap2,0.8224634233539782,1.1310414519305503,0.6413884213834032,-0.1069181347893626,26.347812588236327,0.9710783459101351,0.0017674973932401406,4.528256732293562e-17,0.0020415940766550524,0.9249501884608007,0.722481034872605,0.27987018697773886,0.36433139658515334,0.7378543369992302,66776,62148,1161,778,10246,27.491487799555607,0.9627566288593952
validation,validation-08,edge/perceptual/1/cap2,0.8149474283881601,1.1282416532581843,0.6763992298727157,-0.10691813478936278,26.403400223067422,0.9705943621855743,0.0017674973932401406,4.540348351674139e-17,0.00739737587108014,0.9244731135056787,0.7095068631068127,0.159678782132979,0.19684181042766527,0.7313574880911773,66776,62148,1161,778,10246,27.552422485577168,0.962398714318462
validation,validation-08,edge/adaptive/0.5/cap2,0.8339681854466727,1.1342835923386376,0.6110580774623452,-0.10691813478936273,26.260618396188722,0.9713425958931842,0.0017674973932401404,4.5294943167412345e-17,0.0005444250871080139,0.9254272634159225,0.7411199215925269,0.5437550170856379,0.6356967316384461,0.7455429194773312,66776,62148,1161,778,10246,27.394558425628635,0.962882387168458
validation,validation-08,edge/adaptive/0.75/cap2,0.8224634233539782,1.1310414519305503,0.6413884213834032,-0.1069181347893626,26.347812588236327,0.9710783459101351,0.0017674973932401406,4.528256732293562e-17,0.0020415940766550524,0.9249501884608007,0.722481034872605,0.27987018697773886,0.36433139658515334,0.7378543369992302,66776,62148,1161,778,10246,27.491487799555607,0.9627566288593952
validation,validation-08,edge/adaptive/1/cap2,0.8149474283881601,1.1282416532581843,0.6763992298727157,-0.10691813478936278,26.403400223067422,0.9705943621855743,0.0017674973932401406,4.540348351674139e-17,0.00739737587108014,0.9244731135056787,0.7095068631068127,0.159678782132979,0.19684181042766527,0.7313574880911773,66776,62148,1161,778,10246,27.552422485577168,0.962398714318462
validation,validation-08,edge/shadow/0.5/cap2,0.815575598564876,1.1237838755444802,0.6259167055122765,-0.21879567438862668,26.423923100694196,0.9716921702792322,0.0017674973932401406,4.8889042433551914e-17,0.0005444250871080139,0.9204570831327532,0.7080794281631964,0.537458444920625,0.6310379510817926,0.7311733278491319,66776,62148,1161,778,10246,27.566692276015875,0.9635849465949501
validation,validation-08,edge/shadow/0.75/cap2,0.7956056971907963,1.1173768744620296,0.6651678615445691,-0.2187956743886263,26.578152285282634,0.9714529825109292,0.0017674973932401401,4.90229806401915e-17,0.002082425958188153,0.917494918036047,0.6744496206142582,0.2704835920368383,0.357343225750173,0.7170875397486899,66776,62148,1161,778,10246,27.733898416153856,0.9636418640972069
validation,validation-08,edge/shadow/1/cap2,0.7826866976753509,1.1111679439042639,0.7103129272856493,-0.21879567438862668,26.68641371422838,0.9708970279387665,0.0017674973932401404,4.895725703222891e-17,0.008282066637630661,0.9145327529393406,0.6524563351045896,0.17063190589198454,0.19878860546828775,0.7064766414871967,66776,62148,1161,778,10246,27.848977796511395,0.9633576162980195
validation,validation-08,edge/none/0.75/cap1.000,0.6899918219977652,1.0177498440977253,0.6960080609770036,-0.17496143591616475,27.69870823232489,0.9762054268335214,0.0017674973932401406,4.933272295200874e-17,0.002082425958188153,0.8019673360743258,0.5774919454423022,0.2717018996829576,0.35916129153056453,0.6044908943093661,66776,62148,1161,778,10246,28.840699586652313,0.970627793875088
validation,validation-08,edge/adaptive/0.75/cap1.000,0.8224742966689426,1.1310559627756682,0.6412919593638353,-0.10785074496211974,26.347455158363715,0.9710726845904273,0.0017674973932401406,4.52668655460573e-17,0.0020415940766550524,0.9249501884608007,0.722481034872605,0.2810884946238582,0.36614946236554474,0.737872228444866,66776,62148,1161,778,10246,27.491068061950763,0.9627509145143608
validation,validation-08,edge/none/0.75/cap2.322,0.6899929828078031,1.017732193463887,0.6961116067729852,-0.1739182582484782,27.699046444912444,0.9761874068399665,0.0017674973932401406,4.935842759060627e-17,0.002082425958188153,0.8019877827340371,0.5774951653850524,0.2704835920368383,0.357343225750173,0.6045910442648045,66776,62148,1161,778,10246,28.841153642544974,0.9706151201718505
validation,validation-08,edge/adaptive/0.75/cap2.322,0.8224634233539782,1.1310414519305503,0.6413884213834032,-0.1069181347893626,26.347812588236327,0.9710783459101351,0.0017674973932401406,4.528256732293562e-17,0.0020415940766550524,0.9249501884608007,0.722481034872605,0.27987018697773886,0.36433139658515334,0.7378543369992302,66776,62148,1161,778,10246,27.491487799555607,0.9627566288593952
validation,validation-08,edge/offset0.1,0.7835537608685514,1.1039966670427974,0.6506667949963596,-0.19989445015197038,26.715452365588476,0.9722801868566859,0.001767497393240141,4.528525493407207e-17,0.0011909298780487805,0.8935544766863553,0.6730805347722842,0.3703601829022747,0.45734322575017305,0.6727100827141677,66776,62148,1161,778,10246,27.857979259866546,0.9647771761632498
validation,validation-08,edge/offset0.25,0.8358053519281382,1.1370931481537399,0.6106450701344387,-0.058066897568634715,26.239780188768947,0.9710940796450315,0.0017674973932401401,6.6980723119192184e-18,0.0006533101045296168,0.9218517414828761,0.7492442096923763,0.5203601829022748,0.6073432257501731,0.7279540617777462,66776,62148,1161,778,10246,27.369364097559373,0.9625692346386083
validation,validation-08,edge/offset0.4,0.8467627461830463,1.1387092187926897,0.5896448828089391,0.031969444661384364,26.144593390853093,0.971294096305179,0.0017674973932401406,3.56259007163096e-18,0.00041512412891986063,0.9249065190455512,0.7660952234840429,0.6703601829022747,0.7573432257501732,0.7468812822414111,66776,62148,1161,778,10246,27.26583578840696,0.9626341101564457
validation,validation-08,bilinear/none/0.5/cap2,0.7450827457248822,1.0549969970013686,0.6461879504971995,-0.1765948872544732,27.139280008027686,0.9752237190231899,0.0017674973932401406,4.9153105904091805e-17,0.0005308144599303136,0.8435424677896107,0.6432098772238808,0.5353055114491944,0.6300802084786951,0.6578974187691892,66776,62148,1161,778,10246,28.2704373344149,0.9686244869171018
validation,validation-08,bilinear/none/0.75/cap2,0.6901101350212941,1.0177895879665686,0.6963703570194953,-0.17659488725447278,27.697747739540645,0.9761324774895077,0.0017674973932401406,4.9222530166260135e-17,0.002082425958188153,0.8024379373950764,0.5773156572826418,0.2673279396639398,0.3559066118455267,0.6085412596455948,66776,62148,1161,778,10246,28.84029361968573,0.9705740151561986
validation,validation-08,bilinear/none/1/cap2,0.642746913487889,0.9829912973641035,0.7530241868718989,-0.1765948872544732,28.225084470364095,0.9762687294009968,0.0017674973932401406,4.9269470680292783e-17,0.008275261324041812,0.7621030628002231,0.5232477489446759,0.17462275461724414,0.2048224395048563,0.5658207523099035,66776,62148,1161,778,10246,29.374312103246922,0.9717155083481506
validation,validation-08,bilinear/linear/0.5/cap2,0.8508966523874604,1.1389531457501905,0.5814643888705853,0.08147419162858542,26.102747770500198,0.9714718535189619,0.0017674973932401408,3.856454286415135e-18,0.0004491506968641115,0.926381413326166,0.7722572138120394,0.7188668781775253,0.7948117526608868,0.7575973982349337,66776,62148,1161,778,10246,27.220975011013483,0.9627604824895887
validation,validation-08,bilinear/linear/0.75/cap2,0.8476407684780104,1.1381508893605325,0.5930278099817834,0.08147419162858507,26.141223626009694,0.9714180039890536,0.0017674973932401406,3.843759907674288e-18,0.0008030270034843206,0.926381413326166,0.768737419584339,0.5424728327876253,0.6030039281188142,0.7558354497329169,66776,62148,1161,778,10246,27.26490565414089,0.9627421617178288
validation,validation-08,bilinear/linear/1/cap2,0.8443848845685605,1.1376814522120002,0.6059487741902343,0.08147419162858546,26.171823833059808,0.9712274079844715,0.0017674973932401406,3.847587043170091e-18,0.0016060540069686411,0.926381413326166,0.7652176253566387,0.3660787873977251,0.4111961035767417,0.7540735012309002,66776,62148,1161,778,10246,27.299922801174965,0.9625884963177079
validation,validation-08,bilinear/perceptual/0.5/cap2,0.8339171566352493,1.1342845095866818,0.6111888174063665,-0.10831784134481166,26.260769618782284,0.9713249287981024,0.0017674973932401408,4.5348145421740584e-17,0.0005308144599303136,0.9254282618061317,0.7410520253273367,0.5416145051566187,0.6346364738619837,0.7463492805742844,66776,62148,1161,778,10246,27.394719510735058,0.9628672438627741
validation,validation-08,bilinear/perceptual/0.75/cap2,0.8224269113684344,1.1309254125237336,0.6416180155119523,-0.10831784134481177,26.34785714375612,0.9710401540353298,0.0017674973932401406,4.5255564424867483e-17,0.0020279834494773517,0.9249516860461147,0.7224619741912658,0.2767133556491328,0.3627410099204597,0.7390341183438466,66776,62148,1161,778,10246,27.491519169642782,0.962722555632837
validation,validation-08,bilinear/perceptual/1/cap2,0.81500433368527,1.1283174107896796,0.6767595903270888,-0.10831784134481173,26.403197474016125,0.9705294740613171,0.0017674973932401404,4.528628832989188e-17,0.007356543989547038,0.9244751102860977,0.7095501966267949,0.16362029545377083,0.20282281783300554,0.7325247765118202,66776,62148,1161,778,10246,27.552159439362338,0.9623395619025107
validation,validation-08,bilinear/adaptive/0.5/cap2,0.8339171566352493,1.1342845095866818,0.6111888174063665,-0.10831784134481166,26.260769618782284,0.9713249287981024,0.0017674973932401408,4.5348145421740584e-17,0.0005308144599303136,0.9254282618061317,0.7410520253273367,0.5416145051566187,0.6346364738619837,0.7463492805742844,66776,62148,1161,778,10246,27.394719510735058,0.9628672438627741
validation,validation-08,bilinear/adaptive/0.75/cap2,0.8224269113684344,1.1309254125237336,0.6416180155119523,-0.10831784134481177,26.34785714375612,0.9710401540353298,0.0017674973932401406,4.5255564424867483e-17,0.0020279834494773517,0.9249516860461147,0.7224619741912658,0.2767133556491328,0.3627410099204597,0.7390341183438466,66776,62148,1161,778,10246,27.491519169642782,0.962722555632837
validation,validation-08,bilinear/adaptive/1/cap2,0.81500433368527,1.1283174107896796,0.6767595903270888,-0.10831784134481173,26.403197474016125,0.9705294740613171,0.0017674973932401404,4.528628832989188e-17,0.007356543989547038,0.9244751102860977,0.7095501966267949,0.16362029545377083,0.20282281783300554,0.7325247765118202,66776,62148,1161,778,10246,27.552159439362338,0.9623395619025107
validation,validation-08,bilinear/shadow/0.5/cap2,0.8154833357385028,1.1237322535860936,0.6260811202482433,-0.22092268091033895,26.424401804181173,0.9716658354880038,0.0017674973932401408,4.8913974234654874e-17,0.0005308144599303136,0.9204664135792553,0.707916502503416,0.5353055114491944,0.6300802084786951,0.7323798939351036,66776,62148,1161,778,10246,27.567210610350905,0.9635643990782954
validation,validation-08,bilinear/shadow/0.75/cap2,0.795512155279158,1.117336819538922,0.6654460538698949,-0.22092268091033923,26.578682147844496,0.9714002111356225,0.0017674973932401408,4.886240300107793e-17,0.002082425958188153,0.9175089137058001,0.6742977370135955,0.2673279396639398,0.3559066118455267,0.7186677605036177,66776,62148,1161,778,10246,27.734462774500876,0.9635976976712595
validation,validation-08,bilinear/shadow/1/cap2,0.7826299610486105,1.1110602710495927,0.710734048380585,-0.2209226809103389,26.68683833916012,0.9708100753500165,0.0017674973932401406,4.890656824312382e-17,0.008275261324041812,0.9145514138323446,0.6522429724983786,0.17462275461724414,0.2048224395048563,0.7075663002371555,66776,62148,1161,778,10246,27.84940770043992,0.9632818919731053
validation,validation-08,bilinear/none/0.75/cap1.000,0.6901146599312575,1.0178970826974805,0.6962262502018713,-0.17799877593501467,27.697220531222655,0.9761473968693805,0.0017674973932401406,4.9203400904273747e-17,0.002082425958188153,0.8024187370376875,0.5773134321418986,0.26905837379355063,0.3584889177895861,0.608434514178262,66776,62148,1161,778,10246,28.839619271871662,0.9705837063050136
validation,validation-08,bilinear/adaptive/0.75/cap1.000,0.8224423553783085,1.1310254468269292,0.6414802468652019,-0.109619903164265,26.34736525248142,0.9710325074715164,0.0017674973932401406,4.5242943082249634e-17,0.0020279834494773517,0.9249516860461147,0.7224619741912658,0.2784437897787437,0.3653233158645192,0.7390351523760099,66776,62148,1161,778,10246,27.49094160178164,0.9627148347708193
validation,validation-08,bilinear/none/0.75/cap2.322,0.6901101350212941,1.0177895879665686,0.6963703570194953,-0.17659488725447278,27.697747739540645,0.9761324774895077,0.0017674973932401406,4.9222530166260135e-17,0.002082425958188153,0.8024379373950764,0.5773156572826418,0.2673279396639398,0.3559066118455267,0.6085412596455948,66776,62148,1161,778,10246,28.84029361968573,0.9705740151561986
validation,validation-08,bilinear/adaptive/0.75/cap2.322,0.8224269113684344,1.1309254125237336,0.6416180155119523,-0.10831784134481177,26.34785714375612,0.9710401540353298,0.0017674973932401406,4.5255564424867483e-17,0.0020279834494773517,0.9249516860461147,0.7224619741912658,0.2767133556491328,0.3627410099204597,0.7390341183438466,66776,62148,1161,778,10246,27.491519169642782,0.962722555632837
validation,validation-08,bilinear/offset0.1,0.7836044525663947,1.103978348513859,0.650909766139555,-0.20278780801875532,26.715008129330997,0.9722411951841867,0.0017674973932401406,4.515383842312735e-17,0.0012725936411149825,0.8939006139912352,0.6728750558909646,0.3671307826951289,0.45590661184552667,0.6762225715621965,66776,62148,1161,778,10246,27.857801247880136,0.96475065685473
validation,validation-08,bilinear/offset0.25,0.8358780944840325,1.1372173199609157,0.6107794183897716,-0.05990838272719503,26.238883503989644,0.9710723140652652,0.0017674973932401406,6.7220970496096024e-18,0.0006533101045296168,0.9220106157430471,0.7492860945708407,0.5171307826951289,0.6059066118455267,0.7302188331597657,66776,62148,1161,778,10246,27.36851839026569,0.962548577462139
validation,validation-08,bilinear/offset0.4,0.8467968780478725,1.138724065301442,0.5897441510633602,0.030196337803299167,26.143998621070132,0.9712828537945128,0.0017674973932401406,3.480026135829209e-18,0.0004015135017421603,0.9249658396580215,0.7661632575970977,0.6671307826951289,0.7559066118455267,0.7484270667999247,66776,62148,1161,778,10246,27.265239246658872,0.9626226664411625
validation,validation-08,input/native512-u8/none,0.6926992376924302,1.0135003430736111,0.6967054169986855,-0.1807670367073126,27.684215491112887,0.9773927604650491,0.001767497393240141,5.1074785852132485e-17,0.0021368684668989545,0.8090652945880625,0.575699737483369,0.2627467172187019,0.35320766256442765,0.6369041652900744,66776,62148,1161,778,10246,28.833403526588945,0.9716253775423651
validation,validation-08,input/native512-u8/adaptive,0.8221560946918182,1.131086767593668,0.6423765756923059,-0.10987602824946496,26.350136428527627,0.9710257092322454,0.0017674973932401404,4.637617245831604e-17,0.002075620644599303,0.9249636009743848,0.7219698151410396,0.27202936083920937,0.35982211306176026,0.7399257954897347,66776,62148,1161,778,10246,27.494055012167028,0.9627156476058542
validation,validation-08,input/native512-float/none,0.6927017694463266,1.013544215500632,0.6967086940209616,-0.1806138924547821,27.684198637183684,0.9773895457475408,0.0017674973932401406,5.1028102870675894e-17,0.0021368684668989545,0.8090520485897331,0.5757198370733004,0.26271631986726135,0.3532094266473976,0.6369053439341483,66776,62148,1161,778,10246,28.83338386196232,0.9716231412182719
validation,validation-08,input/native512-float/adaptive,0.8221555019914492,1.1310875938190428,0.6423820347634743,-0.10986500553524174,26.35013147376767,0.9710256104538394,0.0017674973932401401,4.626782719228488e-17,0.002082425958188153,0.9249634494644721,0.7219692453840111,0.27200216450691456,0.3598234180827521,0.739924701463715,66776,62148,1161,778,10246,27.49405013599965,0.962715531214393
validation,validation-08,input/native1024-float/none,0.6917966489562525,1.0145976438851918,0.702452535559532,-0.18263028547853105,27.686742253840745,0.977068712255629,0.0017674973932401406,5.099895196962244e-17,0.002844621080139373,0.810485955184024,0.5731710249578774,0.2152662162132134,0.3015506032124159,0.6401384852351083,66776,62148,1161,778,10246,28.839078781496813,0.9713870418960329
validation,validation-08,input/native1024-float/adaptive,0.8209718914725183,1.1311478341513832,0.6473423851199869,-0.10825167245726007,26.35612787592859,0.9708724227200919,0.001767497393240141,4.6375022394110724e-17,0.00273573606271777,0.9249644465049802,0.7203690385742597,0.22498502417990163,0.30856662329749474,0.7379475196757527,66776,62148,1161,778,10246,27.500868927551938,0.9625873721660093
validation,validation-08,input/padded512-float/none,0.6925637215221726,1.0133649171963988,0.6967232956383792,-0.1792693934755939,27.685746861916133,0.9773897129597264,0.0017674973932401406,5.099297542947661e-17,0.0021368684668989545,0.8087171160934261,0.5757907563009479,0.26271631986726135,0.3532094266473976,0.6370525926775262,66776,62148,1161,778,10246,28.834815197515375,0.97162496950812
validation,validation-08,input/padded512-float/adaptive,0.8221579807004575,1.1310875938190428,0.6423811816613266,-0.10985801526400847,26.350107243572754,0.9710255835740103,0.0017674973932401401,4.627626136294064e-17,0.002082425958188153,0.9249641661578892,0.7219736636266214,0.27200216450691456,0.3598234180827521,0.7399255775311071,66776,62148,1161,778,10246,27.494025347078477,0.9627153962383885
validation,validation-08,input/flipY512-float/none,0.6908171249944858,1.0136665212483182,0.6991968514654676,-0.17961023556426617,27.701254887544444,0.9774370234943267,0.0017674973932401406,5.126748651990247e-17,0.0023138066202090593,0.8075028591813082,0.5736936130638539,0.24911637857388827,0.34058027710349564,0.6370429636463151,66776,62148,1161,778,10246,28.850759692094332,0.9716952890500458
validation,validation-08,input/flipY512-float/adaptive,0.8216018127695073,1.1311312256880488,0.6441842728064,-0.10896092499443741,26.352749430858573,0.9710115364653815,0.0017674973932401408,4.630228444680411e-17,0.0022933906794425085,0.9249426002577597,0.7210845018287043,0.25852292821607453,0.3472762712161309,0.7399441574130248,66776,62148,1161,778,10246,27.496993700556192,0.9627045556669599
validation,validation-08,input/flipX512-float/none,0.6922787984940559,1.0127955958779407,0.6974028408519943,-0.1810604413294751,27.68748013243837,0.97740940297439,0.0017674973932401406,5.0932497843042565e-17,0.0022117269163763067,0.8088765441053781,0.5751086257495395,0.25813653732658687,0.34890919603613824,0.6370408898609489,66776,62148,1161,778,10246,28.83681363954535,0.9716448442792006
validation,validation-08,input/flipX512-float/adaptive,0.8219707488036908,1.1310493976888785,0.6428794340472307,-0.10978473109044806,26.35109130171235,0.971026676588046,0.0017674973932401406,4.6249263452549386e-17,0.002150479094076655,0.9249613949426233,0.7216715984106006,0.26735249906762176,0.35547504622025405,0.7402106307055223,66776,62148,1161,778,10246,27.49513292908773,0.9627173389425856
validation,validation-08,input/ensemble512-float/none,0.691924751853885,1.0133663721643291,0.6977549747802623,-0.18056723379011339,27.69119958760816,0.9774224304734204,0.001767497393240141,5.079814904482155e-17,0.002238948170731707,0.808477150583595,0.5748248898991744,0.25662694236744965,0.3475663002482299,0.636953273802917,66776,62148,1161,778,10246,28.84055970427586,0.9716642882770746
validation,validation-08,input/ensemble512-float/adaptive,0.8219054375363465,1.1310902602626705,0.6431387604452844,-0.10955800093669207,26.35139405515718,0.9710249357644706,0.0017674973932401406,4.621451705146036e-17,0.0021981162891986064,0.9249558148875335,0.7215675062071527,0.26592762379291157,0.35419157881276103,0.7400164390735404,66776,62148,1161,778,10246,27.495471882903647,0.962715986300435
validation,validation-08,gamma22/full,0.756989390590766,1.1968226755354179,0.7298254848706802,-0.2765044598435495,26.68067814417438,0.9432416272811512,0.009126075766793801,0.008100651149601892,0.008669969512195123,0.9356944723808631,0.5756817823244421,0.18394434056489692,0.20894691123013348,0.7641562353498543,66776,62148,1161,778,10246,27.993775844306207,0.9449849308535017
validation,validation-08,gamma22/adaptive,0.9359748324676201,1.3342729411807204,0.6208190546407434,-0.2529739834481743,25.15182954159446,0.9347016594530075,0.009126075766793801,0.008100651149601892,0.0022457534843205577,1.099832272750656,0.7725319098544541,0.2606142142273538,0.3470578885747536,0.9421694011531304,66776,62148,1161,778,10246,26.430987542498237,0.9327574277252044
validation,validation-08,learned/scene-scale,0.6322512374679286,0.9752085145804771,0.7690291772718697,-0.1765948872544727,28.354534541327837,0.9761762775462776,0.0017674973932401406,4.937695592668081e-17,0.009765625,0.7517655071793783,0.5116574263617166,0.2136287554499235,0.22678407434019837,0.5562955691057588,66776,62148,1161,778,10246,29.50426309379334,0.9718794306410976
validation,validation-08,learned/residual-cnn,0.12893259462587212,0.42143016275493095,0.9534388080232503,0.3380871469159252,38.51741552825628,0.9885967617972695,0.0017674973932401408,5.05676242191263e-17,0.0015448061846689896,0.1287292252918075,0.12554214562536054,0.32211934323508157,0.4055517033366615,0.2035566071063486,66776,62148,1161,778,10246,39.72017928933183,0.9895812085973359
validation,validation-09,SDR,0.563082955026509,1.6536235106104884,0.5034724026925589,,23.708319932280702,0.9752715511111687,0.0012624418420805388,0.0,0.0,0.15334203154693718,0.3821724551697634,1.5607227490520017,1.5097547205540764,0.23624709237890737,7993,133398,27473,38448,16533,24.249159516207204,0.9731929495063304
validation,validation-09,production/legacy,0.42375460227853257,1.1532563866915537,0.6065290597646107,0.8718744281022394,26.348459150161535,0.9874972604087395,0.001264137316013441,6.452537208311013e-05,0.017808251510574018,0.15347393232861425,0.3150514234071006,1.0302096690714193,1.041384697879581,0.2185212008836993,7993,133398,27473,38448,16533,26.889820116160827,0.9863897811388693
validation,validation-09,production/v11,0.3622783162994025,0.907063484468786,0.7143965284991154,0.8851245407948868,28.505666102797854,0.9858108580226809,0.001265413966707361,8.573644076491467e-05,0.061231353851963745,0.15796040411620096,0.28815226515306697,0.7816493366793819,0.7711258792814587,0.2299594777403792,7993,133398,27473,38448,16533,29.048515370395506,0.9852863790519744
validation,validation-09,production/v11-bilinear,0.3623095881995365,0.9094839083730069,0.714644770376388,0.8836261361032446,28.505952215945747,0.9859459978783841,0.0012649845875545075,8.332974258170458e-05,0.061490983761329304,0.1575355614370108,0.2885088899800073,0.7802335257746694,0.7700999112499117,0.22835236858494257,7993,133398,27473,38448,16533,29.04905097805664,0.9854234357200512
validation,validation-09,production/full-edge,0.38946549214486614,0.6533835589516244,0.8503589491309353,0.8968557380704397,29.862218907424996,0.9852768052906822,0.001263829886107304,4.645755938714317e-05,0.144454541163142,0.2207053168007956,0.37459147978152735,0.5107869198291318,0.5001470399253957,0.34914333830709654,7993,133398,27473,38448,16533,30.46267943443203,0.9844839737529725
validation,validation-09,production/full-bilinear,0.38859323085127145,0.6559678048970292,0.850744033734384,0.8944943371814653,29.870358491221296,0.985364400584097,0.0012637662975138605,4.633982618068833e-05,0.14499150302114805,0.2160826362477273,0.37416288970396056,0.5088515146584677,0.49861783790596464,0.3424492933831655,7993,133398,27473,38448,16533,30.470265098983973,0.9845759561406371
validation,validation-09,edge/none/0.5/cap2,0.43052520868914895,1.095607706616243,0.6506620580393604,0.8970595243122409,26.81153758767103,0.9825720691065487,0.0012624418420805381,6.039401762624635e-17,0.0061485083081571,0.17452050845719227,0.3214665833632098,1.0345527291704812,1.004950880239736,0.2643012259671543,7993,133398,27473,38448,16533,27.350271047569507,0.9815679001643998
validation,validation-09,edge/none/0.75/cap2,0.40572005892688656,0.8423948284568517,0.7428090547261736,0.8970595243122408,28.502158930128218,0.9844829236550909,0.0012624418420805385,6.059677257467146e-17,0.06281273602719033,0.19503250029228583,0.3428351901741994,0.7723615388539914,0.7525489600825658,0.30355657040810907,7993,133398,27473,38448,16533,29.059316839317386,0.9836865470166408
validation,validation-09,edge/none/1/cap2,0.3894177595773775,0.6533835589516241,0.8503674123187719,0.8970595243122409,29.862542048253268,0.9852768889309135,0.0012624418420805385,6.047602704825285e-17,0.144454541163142,0.22070531680079564,0.37453105674462717,0.5107869198291318,0.5001470399253957,0.34913403936517395,7993,133398,27473,38448,16533,30.46298618534555,0.9844840459321229
validation,validation-09,edge/linear/0.5/cap2,0.47328113203519206,1.268950422887018,0.5662975391454134,0.8565534603222609,25.33887318323004,0.9843439970317303,0.0012624418420805385,4.004840314323937e-17,0.005363717900302115,0.15334203154693718,0.341201913399585,1.2076886171207433,1.2009499372022354,0.22940254821716494,7993,133398,27473,38448,16533,25.87908382469516,0.9828842806160657
validation,validation-09,edge/linear/0.75/cap2,0.4287784282338969,1.1831804728761348,0.6034441729731056,0.8565534603222602,26.255605501831013,0.9870215066443827,0.0012624418420805383,4.002188878535983e-17,0.017861357628398793,0.15334203154693718,0.32121953360872363,1.03117731237206,1.0465475455263151,0.22600498882900738,7993,133398,27473,38448,16533,26.798160542321504,0.9858869904633771
validation,validation-09,edge/linear/1/cap2,0.38664821880342093,1.127962997285404,0.6451500094829388,0.8565534603222608,27.23931070915402,0.9885707151974422,0.0012624418420805385,4.021703595679882e-17,0.050645534365558915,0.15334203154693718,0.3041996099446291,0.8548641354956711,0.8921451538503945,0.22262696269383414,7993,133398,27473,38448,16533,27.78682263215093,0.9877527870020737
validation,validation-09,edge/perceptual/0.5/cap2,0.40718983391088526,1.1176731488932665,0.6322968286295381,0.8847947209069875,26.709551747352286,0.984090889001673,0.0012624418420805385,5.916883743989753e-17,0.0061485083081571,0.15355822745554804,0.29214184436890306,1.0396089049740693,1.0160092036107757,0.21794975699125232,7993,133398,27473,38448,16533,27.244952232274645,0.9831940032649911
validation,validation-09,edge/perceptual/0.75/cap2,0.35800099954962594,0.9162235145125945,0.7129624672227316,0.8847947209069859,28.52189354462462,0.9860164837008036,0.0012624418420805385,5.953552185199903e-17,0.06169750755287009,0.15366779909023215,0.28335906715223436,0.7798813828066122,0.7691364451391255,0.21730274045198972,7993,133398,27473,38448,16533,29.063850789245976,0.9855210355890354
validation,validation-09,edge/perceptual/1/cap2,0.3165860776730987,0.7699428362108617,0.8071620927445093,0.8847947209069875,30.393327584300245,0.9864030068178601,0.0012624418420805385,5.949475706928478e-17,0.13767466012084592,0.1537778030526231,0.2842843198183446,0.5207980834005387,0.5222636866674752,0.22178974587070946,7993,133398,27473,38448,16533,30.956176544249026,0.9861793940911219
validation,validation-09,edge/adaptive/0.5/cap2,0.40718983391088526,1.1176731488932665,0.6322968286295381,0.8847947209069875,26.709551747352286,0.984090889001673,0.0012624418420805385,5.916883743989753e-17,0.0061485083081571,0.15355822745554804,0.29214184436890306,1.0396089049740693,1.0160092036107757,0.21794975699125232,7993,133398,27473,38448,16533,27.244952232274645,0.9831940032649911
validation,validation-09,edge/adaptive/0.75/cap2,0.35800099954962594,0.9162235145125945,0.7129624672227316,0.8847947209069859,28.52189354462462,0.9860164837008036,0.0012624418420805385,5.953552185199903e-17,0.06169750755287009,0.15366779909023215,0.28335906715223436,0.7798813828066122,0.7691364451391255,0.21730274045198972,7993,133398,27473,38448,16533,29.063850789245976,0.9855210355890354
validation,validation-09,edge/adaptive/1/cap2,0.3165860776730987,0.7699428362108617,0.8071620927445093,0.8847947209069875,30.393327584300245,0.9864030068178601,0.0012624418420805385,5.949475706928478e-17,0.13767466012084592,0.1537778030526231,0.2842843198183446,0.5207980834005387,0.5222636866674752,0.22178974587070946,7993,133398,27473,38448,16533,30.956176544249026,0.9861793940911219
validation,validation-09,edge/shadow/0.5/cap2,0.4219533594863827,1.0966517162372595,0.6490723247779739,0.8746120470519134,26.839219891214967,0.9816887553529493,0.0012624418420805383,6.037024869618557e-17,0.0061485083081571,0.15453513555556833,0.3118132627873897,1.0345527291704812,1.004950880239736,0.23703859334148752,7993,133398,27473,38448,16533,27.375240512688013,0.9808234611539981
validation,validation-09,edge/shadow/0.75/cap2,0.3904732205648156,0.8433641838614404,0.7403360345736555,0.8746120470519113,28.589954753275293,0.9827536899261027,0.0012624418420805381,6.05364723713461e-17,0.06281273602719033,0.15519997431608076,0.32592143784624134,0.7723615388539914,0.7525489600825658,0.2575405224734515,7993,133398,27473,38448,16533,29.139129171963557,0.9821916290676386
validation,validation-09,edge/shadow/1/cap2,0.36688054183730057,0.6493737445547255,0.8469468822656968,0.8746120470519134,30.073934246514476,0.9824684485645082,0.0012624418420805381,6.051349560608007e-17,0.144454541163142,0.15591065551889366,0.34988435282977015,0.5107869198291318,0.5001470399253957,0.2830888857231552,7993,133398,27473,38448,16533,30.657525659485426,0.9820190424617691
validation,validation-09,edge/none/0.75/cap1.000,0.40572674944870024,0.8423948284568517,0.7427943030611046,0.8970284077055021,28.501623930808293,0.9844753001193772,0.0012624418420805385,6.05820194050848e-17,0.06281273602719033,0.19503250029228583,0.3428351901741994,0.7724026624398947,0.7525783449211927,0.30355657040810907,7993,133398,27473,38448,16533,29.058764740270448,0.9836789361885423
validation,validation-09,edge/adaptive/0.75/cap1.000,0.35800769007143957,0.9162235145125945,0.7129477155576626,0.8847660565740859,28.52135610885304,0.9860091431814133,0.0012624418420805385,5.952076868241235e-17,0.06169750755287009,0.15366779909023215,0.28335906715223436,0.7799225063925156,0.7691658299777524,0.21730274045198972,7993,133398,27473,38448,16533,29.063298113554094,0.9855136957778575
validation,validation-09,edge/none/0.75/cap2.322,0.40572005892688656,0.8423948284568517,0.7428090547261736,0.8970595243122408,28.502158930128218,0.9844829236550909,0.0012624418420805385,6.059677257467146e-17,0.06281273602719033,0.19503250029228583,0.3428351901741994,0.7723615388539914,0.7525489600825658,0.30355657040810907,7993,133398,27473,38448,16533,29.059316839317386,0.9836865470166408
validation,validation-09,edge/adaptive/0.75/cap2.322,0.35800099954962594,0.9162235145125945,0.7129624672227316,0.8847947209069859,28.52189354462462,0.9860164837008036,0.0012624418420805385,5.953552185199903e-17,0.06169750755287009,0.15366779909023215,0.28335906715223436,0.7798813828066122,0.7691364451391255,0.21730274045198972,7993,133398,27473,38448,16533,29.063850789245976,0.9855210355890354
validation,validation-09,edge/offset0.1,0.3845598335426036,0.9423948284568516,0.6930927795319088,0.8977396320935179,27.96177056799307,0.9846282662353893,0.0012624418420805383,5.963437035391039e-17,0.03850193542296072,0.15756883071086694,0.2978477924241918,0.8716399466262847,0.8525489600825658,0.23719960588539354,7993,133398,27473,38448,16533,28.500650217168847,0.9839424979721924
validation,validation-09,edge/offset0.25,0.3954163351683955,1.0923194193497403,0.6267678774006704,0.9017608477326992,26.823533551439965,0.9840247598758389,0.001262441842080538,4.144397726256538e-17,0.008231448262839879,0.153320476497735,0.28099837112686393,1.0214200393713155,1.0025489600825659,0.21000793040986745,7993,133398,27473,38448,16533,27.357695554791572,0.9831376722565989
validation,validation-09,edge/offset0.4,0.4584156722240231,1.2406211243651577,0.5763756267586927,0.8652753654726469,25.64923747157524,0.9816884465430569,0.0012624418420805388,2.6206995624729547e-17,0.003988859516616314,0.15334203154693718,0.3298590812463249,1.1713937136892771,1.1523565343429176,0.22890014028451272,7993,133398,27473,38448,16533,26.18772656994617,0.9803910052073509
validation,validation-09,bilinear/none/0.5/cap2,0.43020993186061274,1.0960681059406765,0.6507781137204945,0.8947098317862536,26.813494738795928,0.9828026191523266,0.0012624418420805388,6.025727948111347e-17,0.00624291918429003,0.1730652664543124,0.3213709527870241,1.0335025988810016,1.0041862792300205,0.2618625131138901,7993,133398,27473,38448,16533,27.352261987576796,0.9817964317995177
validation,validation-09,bilinear/none/0.75/cap2,0.40519944651142187,0.8431495640508623,0.7430351823792435,0.8947098317862553,28.506589454592554,0.9846875181311289,0.0012624418420805383,6.036116291504891e-17,0.06309596865558913,0.19215452035507483,0.3426521574868358,0.7708876260356599,0.7514020585679926,0.29889080100276705,7993,133398,27473,38448,16533,29.063622847113784,0.9838916994413457
validation,validation-09,bilinear/none/1/cap2,0.3885414775347356,0.6559678048970292,0.8507532846565232,0.8947098317862536,29.870712919581774,0.9853644923659055,0.0012624418420805381,6.052777335672376e-17,0.14499150302114805,0.2160826362477273,0.37409737693732614,0.5088515146584677,0.49861783790596464,0.342438195453411,7993,133398,27473,38448,16533,30.470601792894207,0.9845760353867659
validation,validation-09,bilinear/linear/0.5/cap2,0.47309976831614003,1.2688898753250282,0.5664776196799499,0.8561451278115483,25.342645137682894,0.9844310823854745,0.0012624418420805385,4.0052589940260816e-17,0.005440426737160121,0.15334203154693718,0.3411395067225417,1.2068768791543836,1.2003633885257543,0.22955292859383938,7993,133398,27473,38448,16533,25.88289586371949,0.9829728446691771
validation,validation-09,bilinear/linear/0.75/cap2,0.42851771364127356,1.1821038705721507,0.6037545932363862,0.8561451278115496,26.261559791501924,0.987092288247232,0.0012624418420805383,4.009778985522586e-17,0.017979371223564956,0.15334203154693718,0.3211394852820196,1.0299635016384996,1.0456677225115931,0.22623111627676568,7993,133398,27473,38448,16533,26.804199873733815,0.985961925072442
validation,validation-09,bilinear/linear/1/cap2,0.38633786689159044,1.1269151974064735,0.645627743942522,0.8561451278115484,27.247469927895644,0.9885935074154418,0.0012624418420805388,4.0098974029700156e-17,0.050763547960725075,0.15334203154693718,0.3041296491163907,0.8532962459068382,0.890972056497432,0.22292679171461208,7993,133398,27473,38448,16533,27.795135981306395,0.9877826043380854
validation,validation-09,bilinear/perceptual/0.5/cap2,0.4072318011299582,1.118054417627503,0.6325260936675898,0.8835299257289507,26.7118944548816,0.9842417260556152,0.0012624418420805385,5.927637565328393e-17,0.00624291918429003,0.1535493114916987,0.2924104914809232,1.03856500843315,1.0152477404464617,0.21811049014648143,7993,133398,27473,38448,16533,27.247435862997385,0.9833441425581202
validation,validation-09,bilinear/perceptual/0.75/cap2,0.35821907643159195,0.917661066964341,0.7133723185522699,0.8835299257289517,28.524236978253068,0.9861124657909021,0.0012624418420805381,5.948059429223393e-17,0.06193943542296072,0.1536543175712222,0.28393771834546805,0.7784160233810946,0.7679942503926546,0.21700026914643558,7993,133398,27473,38448,16533,29.0665141369264,0.9856194456733897
validation,validation-09,bilinear/perceptual/1/cap2,0.3168860857847243,0.7731170671356697,0.8078130205256661,0.8835299257289507,30.391737245975538,0.9863699580143575,0.0012624418420805383,5.966018028332483e-17,0.13812901246223566,0.15375963314192273,0.2850622051637674,0.5188702798315452,0.5207407603388472,0.22092582622181464,7993,133398,27473,38448,16533,30.955183797340894,0.9861525680162367
validation,validation-09,bilinear/adaptive/0.5/cap2,0.4072318011299582,1.118054417627503,0.6325260936675898,0.8835299257289507,26.7118944548816,0.9842417260556152,0.0012624418420805385,5.927637565328393e-17,0.00624291918429003,0.1535493114916987,0.2924104914809232,1.03856500843315,1.0152477404464617,0.21811049014648143,7993,133398,27473,38448,16533,27.247435862997385,0.9833441425581202
validation,validation-09,bilinear/adaptive/0.75/cap2,0.35821907643159195,0.917661066964341,0.7133723185522699,0.8835299257289517,28.524236978253068,0.9861124657909021,0.0012624418420805381,5.948059429223393e-17,0.06193943542296072,0.1536543175712222,0.28393771834546805,0.7784160233810946,0.7679942503926546,0.21700026914643558,7993,133398,27473,38448,16533,29.0665141369264,0.9856194456733897
validation,validation-09,bilinear/adaptive/1/cap2,0.3168860857847243,0.7731170671356697,0.8078130205256661,0.8835299257289507,30.391737245975538,0.9863699580143575,0.0012624418420805383,5.966018028332483e-17,0.13812901246223566,0.15375963314192273,0.2850622051637674,0.5188702798315452,0.5207407603388472,0.22092582622181464,7993,133398,27473,38448,16533,30.955183797340894,0.9861525680162367
validation,validation-09,bilinear/shadow/0.5/cap2,0.42194124638716485,1.0968822670005776,0.6492295083397779,0.8729973916905476,26.840093536156346,0.9819261469123391,0.0012624418420805385,6.023881969005e-17,0.00624291918429003,0.1544788060927895,0.31201757622876497,1.0335025988810016,1.0041862792300205,0.23599580685318672,7993,133398,27473,38448,16533,27.37627040876671,0.9810561744996005
validation,validation-09,bilinear/shadow/0.75/cap2,0.39049117085426044,0.8442003868402299,0.7406280959469723,0.8729973916905475,28.590688463889727,0.9829736439244321,0.0012624418420805388,6.040885499178217e-17,0.06309596865558913,0.15511111730393493,0.3262530335120901,0.7708876260356599,0.7514020585679926,0.2551638206973968,7993,133398,27473,38448,16533,29.1401188506857,0.9824079879464649
validation,validation-09,bilinear/shadow/1/cap2,0.3667997517119575,0.6527884358977636,0.8474266981980219,0.8729973916905475,30.07285907358714,0.9825866762828883,0.0012624418420805383,6.04453803371644e-17,0.14499150302114805,0.15578490803535788,0.3501882100252575,0.5088515146584677,0.49861783790596464,0.2795938694939669,7993,133398,27473,38448,16533,30.656717664932657,0.9821357762564231
validation,validation-09,bilinear/none/0.75/cap1.000,0.40521547573564437,0.8431495640508623,0.7430000893435967,0.8946452659018514,28.50537169623263,0.9846718760593219,0.0012624418420805383,6.033494615018587e-17,0.06309596865558913,0.19215452035507483,0.3426521574868358,0.7709861503656971,0.7514724590808699,0.29889080100276705,7993,133398,27473,38448,16533,29.062367075528254,0.9838760405538923
validation,validation-09,bilinear/adaptive/0.75/cap1.000,0.3582351056558145,0.917661066964341,0.713337225516623,0.883469300022149,28.5230142621717,0.986097530997658,0.0012624418420805381,5.945437752737092e-17,0.06193943542296072,0.1536543175712222,0.28393771834546805,0.7785145477111317,0.7680646509055319,0.21700026914643558,7993,133398,27473,38448,16533,29.065257529160995,0.9856044650555715
validation,validation-09,bilinear/none/0.75/cap2.322,0.40519944651142187,0.8431495640508623,0.7430351823792435,0.8947098317862553,28.506589454592554,0.9846875181311289,0.0012624418420805383,6.036116291504891e-17,0.06309596865558913,0.19215452035507483,0.3426521574868358,0.7708876260356599,0.7514020585679926,0.29889080100276705,7993,133398,27473,38448,16533,29.063622847113784,0.9838916994413457
validation,validation-09,bilinear/adaptive/0.75/cap2.322,0.35821907643159195,0.917661066964341,0.7133723185522699,0.8835299257289517,28.524236978253068,0.9861124657909021,0.0012624418420805381,5.948059429223393e-17,0.06193943542296072,0.1536543175712222,0.28393771834546805,0.7784160233810946,0.7679942503926546,0.21700026914643558,7993,133398,27473,38448,16533,29.0665141369264,0.9856194456733897
validation,validation-09,bilinear/offset0.1,0.38427115467247325,0.9431495640508621,0.6933075653038677,0.8954846176599834,27.963573919935612,0.9848543373068984,0.0012624418420805388,5.933425465016371e-17,0.038749763972809666,0.15647962269591728,0.2978596042869511,0.8701251099528022,0.8514020585679926,0.2339643118337198,7993,133398,27473,38448,16533,28.50260553388848,0.9841698154462813
validation,validation-09,bilinear/offset0.25,0.39578918787882983,1.0930741684179706,0.6270537204558981,0.8996640168372944,26.823322172616084,0.9843596644479718,0.0012624418420805381,4.122223882037543e-17,0.008319958459214502,0.1533217946167897,0.28179837257065105,1.0198269214654032,1.0013998632048433,0.21172238553232464,7993,133398,27473,38448,16533,27.357860213999498,0.9834693582227986
validation,validation-09,bilinear/offset0.4,0.45818735690637535,1.2407288916784005,0.5766740637643669,0.8645358237415808,25.653624451458587,0.9820186561655009,0.0012624418420805383,2.6202660461403684e-17,0.004142277190332326,0.15334203154693718,0.3298987671998078,1.1697976643090868,1.1511556276333974,0.22953329958456975,7993,133398,27473,38448,16533,26.192270778133526,0.9807179931466562
validation,validation-09,input/native512-u8/none,0.40206101942544337,0.8408273692664009,0.7460920987143498,0.8907404236625084,28.57852084889597,0.984619613513436,0.0012624418420805383,6.049576410420064e-17,0.06478946374622356,0.1835494918254915,0.3410263010742333,0.7619952093108271,0.7413346759260081,0.2902249401009339,7993,133398,27473,38448,16533,29.135606074260252,0.9838574989245154
validation,validation-09,input/native512-u8/adaptive,0.3568933625963824,0.9118378612909234,0.7165733822747676,0.8825873950185184,28.59241571758539,0.9861391026205438,0.0012624418420805383,5.952283206481819e-17,0.0636565332326284,0.153607894706298,0.2840805045653552,0.7695876581035495,0.7581586262196034,0.21727979709980424,7993,133398,27473,38448,16533,29.135601859271567,0.985662649437391
validation,validation-09,input/native512-float/none,0.4021092058278261,0.8411135634905008,0.7460241303991952,0.8907509969970808,28.577012528125575,0.9846176457456256,0.0012624418420805383,6.063155151563015e-17,0.06470685422960724,0.18354449385112737,0.3410277149539816,0.7622859780193912,0.741567484396976,0.2902218666708291,7993,133398,27473,38448,16533,29.13407730489498,0.9838553971098919
validation,validation-09,input/native512-float/adaptive,0.3569445766573955,0.9119087235937156,0.7165072579413324,0.8825989097392766,28.590871329667202,0.9861375802829508,0.0012624418420805385,5.954786640302675e-17,0.06356212235649547,0.1536079006342705,0.28408597120474877,0.7698759020177498,0.7583887777472129,0.21728133283116932,7993,133398,27473,38448,16533,29.134043581891945,0.9856609412096032
validation,validation-09,input/native1024-float/none,0.4020154348738046,0.8459349424420627,0.7543677241849832,0.8737156842728467,28.641987139453356,0.9856662246814079,0.0012624418420805388,6.046439692073115e-17,0.06898484705438067,0.17550531545024425,0.3461804003165141,0.7390291328473045,0.7216930638086987,0.2878759944162722,7993,133398,27473,38448,16533,29.201207129544212,0.9849098715843688
validation,validation-09,input/native1024-float/adaptive,0.3572571626539754,0.9242964467702193,0.7246795690240349,0.8714000850903799,28.681442012847068,0.9867202277244301,0.0012624418420805383,5.951982195774008e-17,0.06732675604229607,0.15357695762471235,0.28922925474523203,0.7468324816220323,0.7387907489097392,0.21897378366134518,7993,133398,27473,38448,16533,29.227221598379884,0.9862732346670622
validation,validation-09,input/padded512-float/none,0.40188382128325195,0.840992157518538,0.7463536199397438,0.8908825994060076,28.583655663938032,0.9846200660974387,0.0012624418420805388,6.059743376894613e-17,0.0647422583081571,0.18333823768951335,0.3407893744204358,0.7621179374071086,0.7408022961544567,0.29014379058761736,7993,133398,27473,38448,16533,29.140740989923497,0.9838589642926322
validation,validation-09,input/padded512-float/adaptive,0.35672935196375427,0.9116275235405737,0.7167786378160461,0.8827834110352623,28.598005931288984,0.9861385125459696,0.0012624418420805385,5.968355539695604e-17,0.0635857250755287,0.1536057279637603,0.28384711131843465,0.7697134550553818,0.7576616957903693,0.21725590310342072,7993,133398,27473,38448,16533,29.14117448276649,0.9856630119732592
validation,validation-09,input/flipY512-float/none,0.4049840953144469,0.8543672632863855,0.7422814370392863,0.8886586463966601,28.49498304395088,0.9845702901052981,0.0012624418420805388,6.059731519379358e-17,0.061673904833836855,0.18334377570659022,0.34236343430559163,0.7735292855697842,0.7518066428892989,0.2898255553703489,7993,133398,27473,38448,16533,29.051179907486677,0.9837941270040503
validation,validation-09,input/flipY512-float/adaptive,0.36016927151614153,0.918388645686276,0.7131121280495365,0.8811452635252597,28.50422181330859,0.9861175363315166,0.0012624418420805385,5.968837884477884e-17,0.06058817975830816,0.15360855305048557,0.2858749580041412,0.7810098297576809,0.7684181628811958,0.21755858183752066,7993,133398,27473,38448,16533,29.04702453120862,0.9856220700226214
validation,validation-09,input/flipX512-float/none,0.4019231585941467,0.838455170699483,0.7462777636838985,0.8908511967236004,28.582826143410692,0.9846215637249642,0.0012624418420805383,6.064901117217942e-17,0.06494878209969789,0.1837365474265821,0.3409406801037151,0.7615091611686358,0.7407383761542506,0.28993647832649505,7993,133398,27473,38448,16533,29.139924210446996,0.98386135239975
validation,validation-09,input/flipX512-float/adaptive,0.3567770561902768,0.9111664512069056,0.7167357569456178,0.8827509406368755,28.59679312420287,0.9861397176531734,0.0012624418420805385,5.957391837191033e-17,0.06375094410876132,0.15361397320391926,0.28403114393503953,0.7691106828540588,0.7575844797576367,0.2173204950993901,7993,133398,27473,38448,16533,29.13999016339886,0.9856653576799749
validation,validation-09,input/ensemble512-float/none,0.4029767198250164,0.8437003771673467,0.744838374301214,0.8908024271809761,28.553107991456375,0.9846564448805314,0.0012624418420805388,6.065851918821844e-17,0.06359162575528701,0.18351033522793533,0.3414096796677903,0.7657734597142942,0.7447041679492861,0.28993547545661646,7993,133398,27473,38448,16533,29.109867133210475,0.983887953055287
validation,validation-09,input/ensemble512-float/adaptive,0.3579433196432004,0.9130334255835508,0.7154340079424832,0.8824641775698464,28.564856678260412,0.9861592532018574,0.0012624418420805383,5.960161901683986e-17,0.06243509252265861,0.15361013804788298,0.2846387218535003,0.7733301305645331,0.761463806921573,0.21734070603903505,7993,133398,27473,38448,16533,29.107902492026998,0.9856759142617565
validation,validation-09,gamma22/full,0.38589689446853653,0.6573419811613752,0.8633712053773809,0.8631299914566818,29.916448688609975,0.98209454364745,0.0014584246880716056,0.00044018865900153075,0.15181268882175228,0.2073833108760756,0.37562601197918627,0.4877050062862809,0.47598647470676114,0.32797496261778675,7993,133398,27473,38448,16533,30.52606731832899,0.9816983472421733
validation,validation-09,gamma22/adaptive,0.3615478760897275,0.89559575160545,0.723919580384055,0.8524451938803377,28.662970785743582,0.9829623629124493,0.001458424688071606,0.00044018865900153096,0.06729135196374622,0.25967017606717185,0.2861626522284851,0.7572289647557745,0.745362887193451,0.22949717677343193,7993,133398,27473,38448,16533,29.21920024731852,0.9829196561048733
validation,validation-09,learned/scene-scale,0.3908717863604273,0.6696697740776711,0.833011850335211,0.8947098317862517,29.70879080343113,0.9853371573014669,0.0012624418420805385,6.062096052454612e-17,0.13337306457703926,0.21210568513460995,0.3689606635591386,0.5492737594447011,0.5376293906344859,0.33547560919084435,7993,133398,27473,38448,16533,30.300613529044973,0.9845603023880676
validation,validation-09,learned/residual-cnn,0.5923199685514255,0.995524639586855,0.7841523095743208,0.44006908586304677,26.55639280133454,0.9781700570600564,0.0012624418420805383,6.031777451252557e-17,0.055436886329305136,0.6737449465932275,0.5467696640784788,0.7898043956833013,0.7645249861748793,0.6755350798867599,7993,133398,27473,38448,16533,27.2030527916368,0.9753983891491046
validation,validation-10,SDR,0.5519560530501829,1.1203911535755406,0.57515839564521,,26.311921242467506,0.9867592331226108,0.0016789663585884554,0.0,0.0,0.2843026080719314,0.590722209438851,1.3431677641250457,1.2688623896875482,0.36456717058528265,31388,142196,3651,6414,16853,26.965100069748292,0.9847882563939366
validation,validation-10,production/legacy,0.5210987656612043,1.0109571153239263,0.6097949261036271,0.5711388457924669,27.041789626374253,0.9895827242497653,0.001680248873615131,4.581606908316401e-05,0.0018366033380681818,0.28514465150057755,0.5633660293927648,0.9034301547876766,0.8914985561187531,0.3602612165074356,31388,142196,3651,6414,16853,27.710555926163728,0.9878436605870929
validation,validation-10,production/v11,0.41231957807521935,0.8862965177295024,0.6947985171862379,0.707508099527076,29.030963263770175,0.9902184777350784,0.0016874300265860033,6.49803860560538e-05,0.0025412819602272725,0.2825620625561382,0.4340458787868003,0.6816802576503986,0.6396905880624536,0.31740067267498734,31388,142196,3651,6414,16853,29.723584776673842,0.989423411790309
validation,validation-10,production/v11-bilinear,0.41227732601829464,0.88642095356109,0.6950567282034834,0.7065590586283292,29.03274700175008,0.9902096951731378,0.0016871826600769154,6.430809922804437e-05,0.0026134144176136365,0.2826158922557919,0.4340723326758268,0.6781360814998043,0.6373694032874684,0.31825844880710336,31388,142196,3651,6414,16853,29.725607842376295,0.9894214643483318
validation,validation-10,production/full-edge,0.2707459911268149,0.6738259833458633,0.8145988498294552,0.7360681158093423,32.338110415501035,0.9926364208199256,0.0016800785769155954,4.453491615644638e-05,0.008472789417613636,0.1704278048134903,0.2883805998574234,0.4463736024511182,0.4040339991722931,0.1807532457743829,31388,142196,3651,6414,16853,33.02899371894867,0.992583251716315
validation,validation-10,production/full-bilinear,0.271394168763903,0.6739464971067448,0.8150153513713598,0.7337851151432754,32.33099669356682,0.9924834282775424,0.0016795569928394136,4.396012810448588e-05,0.008628151633522728,0.17193512710903402,0.28897922668573073,0.44156549256856203,0.4008291612085085,0.18331477887177655,31388,142196,3651,6414,16853,33.02306834744245,0.9924525863878377
validation,validation-10,edge/none/0.5/cap2,0.3919587694279908,0.8346648662566326,0.6824825039029566,0.7360690576606043,28.990662275081448,0.9908255877088915,0.001678966358588455,5.92408375374204e-17,0.0010265003551136363,0.22520053677242385,0.4158584649826459,0.8947706832880818,0.8364481944299207,0.26711024846001685,31388,142196,3651,6414,16853,29.649275499969825,0.9900470964149914
validation,validation-10,edge/none/0.75/cap2,0.32257452155821614,0.7455064445853268,0.7450655367058197,0.7360690576606065,30.59785894804984,0.992007489033847,0.0016789663585884554,5.903287982007004e-17,0.0025856711647727275,0.19691732032791118,0.3413766602738548,0.6705721428696,0.6202410968011068,0.22195961551186968,31388,142196,3651,6414,16853,31.267695650109268,0.9916480852402974
validation,validation-10,edge/none/1/cap2,0.2707451387391798,0.6738259833458631,0.8145988975251022,0.7360690576606039,32.33812086332041,0.9926364209244308,0.0016789663585884554,5.922137939202225e-17,0.008472789417613636,0.17042299173452657,0.2883805998574234,0.44637360245111823,0.4040339991722931,0.18075102782226155,31388,142196,3651,6414,16853,33.02900025588124,0.9925832518010488
validation,validation-10,edge/linear/0.5/cap2,0.5316825045538156,1.0329301826920558,0.5970254252954279,0.5643006027510077,26.79419908846532,0.9889442962800081,0.0016789663585884554,2.5760351575257942e-17,0.0008711381392045455,0.2843026080719314,0.5729080268049167,1.0528152979681629,1.0207664834263694,0.3631000851465268,31388,142196,3651,6414,16853,27.457152330391636,0.9871048245139172
validation,validation-10,edge/linear/0.75/cap2,0.5215458047521017,1.0133361788582722,0.609187853586926,0.5643006027510075,27.026674042927464,0.9895015640411391,0.0016789663585884556,2.5799677989496624e-17,0.0018144087357954545,0.2843026080719314,0.5640010282790274,0.9076390648897215,0.8967185302957799,0.3623665424271488,31388,142196,3651,6414,16853,27.695054671156964,0.9877543230123801
validation,validation-10,edge/linear/1/cap2,0.5114091102692029,1.0003672879920722,0.6222883256595896,0.5643006027510077,27.250301758241555,0.9897315650733866,0.0016789663585884556,2.573819616864203e-17,0.0026467063210227275,0.2843026080719314,0.5550940363825803,0.7624628318112799,0.7726705771651906,0.3616329997077708,31388,142196,3651,6414,16853,27.92433199962993,0.9880875482961919
validation,validation-10,edge/perceptual/0.5/cap2,0.4595701200782332,0.9226773927996099,0.6505457265572461,0.706898993435174,28.060540513747526,0.9896553202925393,0.0016789663585884554,5.474923225409122e-17,0.0010265003551136363,0.28380707146876305,0.4870405664403421,0.9007267836902857,0.8481425744576729,0.34052555934287726,31388,142196,3651,6414,16853,28.73590968044741,0.9884798268651473
validation,validation-10,edge/perceptual/0.75/cap2,0.41469503357987786,0.8863833170176794,0.6941762906484165,0.706898993435174,29.003543279498984,0.9902353094647334,0.0016789663585884548,5.460701192833307e-17,0.0025856711647727275,0.28355976057481835,0.4368422672518052,0.6795062934729058,0.6377826668427355,0.3285762523750958,31388,142196,3651,6414,16853,29.69706162177784,0.9894100684236036
validation,validation-10,edge/perceptual/1/cap2,0.3706261520880422,0.8622246388340749,0.742441178684872,0.7068989934351739,29.95687986260078,0.9902647113707768,0.0016789663585884554,5.45487966993205e-17,0.007729270241477273,0.2833125903906054,0.38764880172760086,0.4582858032555257,0.427422759227798,0.3166711335535304,31388,142196,3651,6414,16853,30.67378370537579,0.9897549000245809
validation,validation-10,edge/adaptive/0.5/cap2,0.4595701200782332,0.9226773927996099,0.6505457265572461,0.706898993435174,28.060540513747526,0.9896553202925393,0.0016789663585884554,5.474923225409122e-17,0.0010265003551136363,0.28380707146876305,0.4870405664403421,0.9007267836902857,0.8481425744576729,0.34052555934287726,31388,142196,3651,6414,16853,28.73590968044741,0.9884798268651473
validation,validation-10,edge/adaptive/0.75/cap2,0.41469503357987786,0.8863833170176794,0.6941762906484165,0.706898993435174,29.003543279498984,0.9902353094647334,0.0016789663585884548,5.460701192833307e-17,0.0025856711647727275,0.28355976057481835,0.4368422672518052,0.6795062934729058,0.6377826668427355,0.3285762523750958,31388,142196,3651,6414,16853,29.69706162177784,0.9894100684236036
validation,validation-10,edge/adaptive/1/cap2,0.3706261520880422,0.8622246388340749,0.742441178684872,0.7068989934351739,29.95687986260078,0.9902647113707768,0.0016789663585884554,5.45487966993205e-17,0.007729270241477273,0.2833125903906054,0.38764880172760086,0.4582858032555257,0.427422759227798,0.3166711335535304,31388,142196,3651,6414,16853,30.67378370537579,0.9897549000245809
validation,validation-10,edge/shadow/0.5/cap2,0.415074162822856,0.8568383299666965,0.6782226668875727,0.7170054874366347,28.805452673529622,0.9898542454004887,0.0016789663585884554,5.934728798538259e-17,0.0010265003551136363,0.2809846782368719,0.43235614505840647,0.8947706832880818,0.8364481944299207,0.3119325471633322,31388,142196,3651,6414,16853,29.479901062749892,0.9890536118642347
validation,validation-10,edge/shadow/0.75/cap2,0.35390511025930377,0.7982656034230464,0.7384884680638557,0.7170054874366347,30.248691196120944,0.9903382311012938,0.0016789663585884554,5.908986242888607e-17,0.0025856711647727275,0.2793316753748553,0.36223558114521387,0.6705721428696,0.6202410968011068,0.2863353284376462,31388,142196,3651,6414,16853,30.947340290033036,0.9899894724401833
validation,validation-10,edge/shadow/1/cap2,0.30748243703063316,0.7390200302973529,0.8055706736004413,0.7170054874366347,31.751362442923362,0.9901457340468945,0.0016789663585884554,5.924995963452907e-17,0.008472789417613636,0.27768307860385555,0.3104941294646643,0.44637360245111823,0.4040339991722931,0.26168985087692753,31388,142196,3651,6414,16853,32.48792116644032,0.9901617961003819
validation,validation-10,edge/none/0.75/cap1.000,0.32257452155821614,0.7455064445853268,0.7450655367058197,0.7360690576606065,30.59785894804984,0.992007489033847,0.0016789663585884554,5.903287982007004e-17,0.0025856711647727275,0.19691732032791118,0.3413766602738548,0.6705721428696,0.6202410968011068,0.22195961551186968,31388,142196,3651,6414,16853,31.267695650109268,0.9916480852402974
validation,validation-10,edge/adaptive/0.75/cap1.000,0.41469503357987786,0.8863833170176794,0.6941762906484165,0.706898993435174,29.003543279498984,0.9902353094647334,0.0016789663585884548,5.460701192833307e-17,0.0025856711647727275,0.28355976057481835,0.4368422672518052,0.6795062934729058,0.6377826668427355,0.3285762523750958,31388,142196,3651,6414,16853,29.69706162177784,0.9894100684236036
validation,validation-10,edge/none/0.75/cap2.322,0.32257452155821614,0.7455064445853268,0.7450655367058197,0.7360690576606065,30.59785894804984,0.992007489033847,0.0016789663585884554,5.903287982007004e-17,0.0025856711647727275,0.19691732032791118,0.3413766602738548,0.6705721428696,0.6202410968011068,0.22195961551186968,31388,142196,3651,6414,16853,31.267695650109268,0.9916480852402974
validation,validation-10,edge/adaptive/0.75/cap2.322,0.41469503357987786,0.8863833170176794,0.6941762906484165,0.706898993435174,29.003543279498984,0.9902353094647334,0.0016789663585884548,5.460701192833307e-17,0.0025856711647727275,0.28355976057481835,0.4368422672518052,0.6795062934729058,0.6377826668427355,0.3285762523750958,31388,142196,3651,6414,16853,29.69706162177784,0.9894100684236036
validation,validation-10,edge/offset0.1,0.3975865495469434,0.8455024971589736,0.6953385575250863,0.7385489277836945,29.22084356738989,0.9909332782786301,0.0016789663585884554,5.231669265516814e-17,0.001864346590909091,0.27650412767339316,0.41473727570341734,0.7705721428696,0.7202410968011069,0.3032466707015499,31388,142196,3651,6414,16853,29.902738039870393,0.9901224167432315
validation,validation-10,edge/offset0.25,0.4887840233494772,0.9633231117428865,0.6339852160576435,0.6930867369895407,27.654425418457397,0.9893704487910617,0.0016789663585884554,2.545065405571832e-17,0.0010875355113636363,0.28430256525719166,0.5228342468595105,0.9205721428696,0.8702410968011068,0.35674689174050234,31388,142196,3651,6414,16853,28.329927817926045,0.9879027776126346
validation,validation-10,edge/offset0.4,0.5310699328680635,1.0330796448250434,0.5979130153300557,0.556916881755964,26.816765558420236,0.9882041654958792,0.001678966358588455,1.0510893843173059e-17,0.00048828125,0.2843026080719314,0.571690654841932,1.0704916279940015,1.0201115759663506,0.3634834308825606,31388,142196,3651,6414,16853,27.480184835203186,0.9863863667507539
validation,validation-10,bilinear/none/0.5/cap2,0.39219212532671843,0.8348468106475317,0.6826391775761276,0.7337861421401526,28.990120757550226,0.9908193541852203,0.0016789663585884554,5.931343169049822e-17,0.0010431463068181818,0.2259549712041277,0.4160445169767897,0.8923666283468039,0.8348457754480282,0.26836828896755927,31388,142196,3651,6414,16853,29.64913305124152,0.9900507097085152
validation,validation-10,bilinear/none/0.75/cap2,0.3229878861403365,0.745749174273999,0.7453363607186672,0.7337861421401531,30.595506580487424,0.9919450801745754,0.001678966358588455,5.943807445428469e-17,0.0026633522727272725,0.19805257789797473,0.34173387857808873,0.6669660604576829,0.6178374683282684,0.22386271048178738,31388,142196,3651,6414,16853,31.266085296578314,0.991601578848768
validation,validation-10,bilinear/none/1/cap2,0.27139324080090804,0.6739464971067448,0.8150154025869072,0.7337861421401528,32.33100800545243,0.9924834284028925,0.0016789663585884554,5.918001326171558e-17,0.008628151633522728,0.17192988728740116,0.28897922668573073,0.44156549256856203,0.4008291612085085,0.18331238661993432,31388,142196,3651,6414,16853,33.02307542062186,0.9924525864878293
validation,validation-10,bilinear/linear/0.5/cap2,0.5316253497104824,1.0327909610897241,0.5971147418360404,0.5637331814103923,26.795800091796504,0.9889710381242569,0.0016789663585884554,2.5777152943468913e-17,0.0009099786931818181,0.2843026080719314,0.572883974170749,1.05097754110976,1.0196112282408758,0.36310860531270145,31388,142196,3651,6414,16853,27.45880397010527,0.9871318469845376
validation,validation-10,bilinear/linear/0.75/cap2,0.5214600724871015,1.0131605700118618,0.6093392719727398,0.5637331814103896,27.028901777840048,0.9895213625844775,0.0016789663585884554,2.5795185095990985e-17,0.0018421519886363637,0.2843026080719314,0.5639649493277752,0.9048824296021172,0.8949856475175397,0.3623793226764109,31388,142196,3651,6414,16853,27.69735904821531,0.9877756217641774
validation,validation-10,bilinear/linear/1/cap2,0.5112948038350215,1.000141521578386,0.6225172618985505,0.5637331814103923,27.252983976636614,0.9897336069823569,0.0016789663585884556,2.5689531952177904e-17,0.0027687766335227275,0.2843026080719314,0.5550459351681857,0.7587873180944742,0.7703600667942034,0.3616500400401203,31388,142196,3651,6414,16853,27.92711333646998,0.9880925974915968
validation,validation-10,bilinear/perceptual/0.5/cap2,0.459469526795671,0.9226965794021597,0.6507166831919822,0.7060625022763558,28.06283175684214,0.9896786958655917,0.0016789663585884556,5.4558392562190644e-17,0.0010431463068181818,0.2838121829933078,0.4869754332569134,0.8983363665945598,0.8465588205996162,0.34075229203327306,31388,142196,3651,6414,16853,28.73832023374874,0.9885068763061758
validation,validation-10,bilinear/perceptual/0.75/cap2,0.4145577457046629,0.886467418574367,0.694467358888707,0.7060625022763567,29.00665468690617,0.9902249277935198,0.0016789663585884554,5.4610305561519034e-17,0.002657803622159091,0.2835674205936355,0.43676152285667713,0.6759206678293169,0.6354070360556503,0.32891865285632194,31388,142196,3651,6414,16853,29.700383049935844,0.9894069978018195
validation,validation-10,bilinear/perceptual/1/cap2,0.370455320989373,0.8623420309938448,0.7428827666253326,0.7060625022763558,29.96005549045309,0.9901938602664166,0.001678966358588455,5.4694248919119576e-17,0.007867986505681818,0.28332282287481075,0.38755636873824884,0.45350496906407406,0.4242552515116843,0.31713000155456106,31388,142196,3651,6414,16853,30.677263538319863,0.9896955503138739
validation,validation-10,bilinear/adaptive/0.5/cap2,0.459469526795671,0.9226965794021597,0.6507166831919822,0.7060625022763558,28.06283175684214,0.9896786958655917,0.0016789663585884556,5.4558392562190644e-17,0.0010431463068181818,0.2838121829933078,0.4869754332569134,0.8983363665945598,0.8465588205996162,0.34075229203327306,31388,142196,3651,6414,16853,28.73832023374874,0.9885068763061758
validation,validation-10,bilinear/adaptive/0.75/cap2,0.4145577457046629,0.886467418574367,0.694467358888707,0.7060625022763567,29.00665468690617,0.9902249277935198,0.0016789663585884554,5.4610305561519034e-17,0.002657803622159091,0.2835674205936355,0.43676152285667713,0.6759206678293169,0.6354070360556503,0.32891865285632194,31388,142196,3651,6414,16853,29.700383049935844,0.9894069978018195
validation,validation-10,bilinear/adaptive/1/cap2,0.370455320989373,0.8623420309938448,0.7428827666253326,0.7060625022763558,29.96005549045309,0.9901938602664166,0.001678966358588455,5.4694248919119576e-17,0.007867986505681818,0.28332282287481075,0.38755636873824884,0.45350496906407406,0.4242552515116843,0.31713000155456106,31388,142196,3651,6414,16853,30.677263538319863,0.9896955503138739
validation,validation-10,bilinear/shadow/0.5/cap2,0.415058050613876,0.8571936267830728,0.6784064381134534,0.7156292478806426,28.806660710473015,0.9898662931935506,0.0016789663585884554,5.933485820987545e-17,0.0010431463068181818,0.2810208851997416,0.43238979644861064,0.8923666283468039,0.8348457754480282,0.31250202313426245,31388,142196,3651,6414,16853,29.481291792299107,0.989071643889722
validation,validation-10,bilinear/shadow/0.75/cap2,0.35394155253232684,0.7985584536962261,0.738802298876879,0.7156292478806424,30.249517130120044,0.990301666629099,0.0016789663585884554,5.941621071906167e-17,0.0026633522727272725,0.2793860559258406,0.36236158860260254,0.6669660604576829,0.6178374683282684,0.2872027406942021,31388,142196,3651,6414,16853,30.94850230025999,0.9899633182110895
validation,validation-10,bilinear/shadow/1/cap2,0.3076447528987598,0.7394956054904096,0.8060478538426642,0.7156292478806426,31.749608800232924,0.9900269299891625,0.0016789663585884556,5.9170201403674e-17,0.008628151633522728,0.277755511086293,0.3108039057685682,0.44156549256856203,0.4008291612085085,0.26289163604513116,31388,142196,3651,6414,16853,32.48665448883793,0.9900582480265229
validation,validation-10,bilinear/none/0.75/cap1.000,0.3229878861403365,0.745749174273999,0.7453363607186672,0.7337861421401531,30.595506580487424,0.9919450801745754,0.001678966358588455,5.943807445428469e-17,0.0026633522727272725,0.19805257789797473,0.34173387857808873,0.6669660604576829,0.6178374683282684,0.22386271048178738,31388,142196,3651,6414,16853,31.266085296578314,0.991601578848768
validation,validation-10,bilinear/adaptive/0.75/cap1.000,0.4145577457046629,0.886467418574367,0.694467358888707,0.7060625022763567,29.00665468690617,0.9902249277935198,0.0016789663585884554,5.4610305561519034e-17,0.002657803622159091,0.2835674205936355,0.43676152285667713,0.6759206678293169,0.6354070360556503,0.32891865285632194,31388,142196,3651,6414,16853,29.700383049935844,0.9894069978018195
validation,validation-10,bilinear/none/0.75/cap2.322,0.3229878861403365,0.745749174273999,0.7453363607186672,0.7337861421401531,30.595506580487424,0.9919450801745754,0.001678966358588455,5.943807445428469e-17,0.0026633522727272725,0.19805257789797473,0.34173387857808873,0.6669660604576829,0.6178374683282684,0.22386271048178738,31388,142196,3651,6414,16853,31.266085296578314,0.991601578848768
validation,validation-10,bilinear/adaptive/0.75/cap2.322,0.4145577457046629,0.886467418574367,0.694467358888707,0.7060625022763567,29.00665468690617,0.9902249277935198,0.0016789663585884554,5.4610305561519034e-17,0.002657803622159091,0.2835674205936355,0.43676152285667713,0.6759206678293169,0.6354070360556503,0.32891865285632194,31388,142196,3651,6414,16853,29.700383049935844,0.9894069978018195
validation,validation-10,bilinear/offset0.1,0.3978145431367,0.8457435962284549,0.6955945852722647,0.736354987576274,29.21971966610315,0.9908988053814612,0.001678966358588455,5.223872795455081e-17,0.001919833096590909,0.2771791011170096,0.4149650471197597,0.7669660604576829,0.7178374683282682,0.3048259359156747,31388,142196,3651,6414,16853,29.902136725481988,0.9901030731787078
validation,validation-10,bilinear/offset0.25,0.4886241770476275,0.963487381196779,0.6342427129250741,0.69198002604568,27.657432934841925,0.9894224349750907,0.0016789663585884548,2.5570591679347778e-17,0.0011485706676136363,0.2843024141674547,0.5227276482966372,0.9169655343630666,0.8678371688628109,0.3570808664575123,31388,142196,3651,6414,16853,28.333118287363305,0.9879613058245569
validation,validation-10,bilinear/offset0.4,0.530980162791477,1.033012640259952,0.598069990629784,0.557277280917449,26.819659164317137,0.9882855297527635,0.001678966358588455,1.0538451212935861e-17,0.0005437677556818181,0.2843026080719314,0.5716729177656058,1.0668246167043443,1.0176552166288266,0.36349715487885015,31388,142196,3651,6414,16853,27.48318282518964,0.9864669950874277
validation,validation-10,input/native512-u8/none,0.32301551550840074,0.7425703898592851,0.7467535399339419,0.7321373563376901,30.623994893894245,0.991740738647675,0.0016789663585884554,5.926228562316162e-17,0.0027854225852272725,0.2017509981683812,0.3411318804036275,0.6599577361676326,0.6121132873648342,0.2289265213360066,31388,142196,3651,6414,16853,31.29668777682406,0.9914260559522621
validation,validation-10,input/native512-u8/adaptive,0.4135603347290978,0.8849817362946556,0.6955701444110867,0.706703568377293,29.030797668038815,0.9901757007370847,0.0016789663585884556,5.471113494998461e-17,0.0027854225852272725,0.28359080149213384,0.4356917174064553,0.6689669679945782,0.6298232908789735,0.3290118348729244,31388,142196,3651,6414,16853,29.725200493286103,0.9893727853865133
validation,validation-10,input/native512-float/none,0.3230087144681417,0.7425282083199574,0.7467478897147386,0.7322571821806639,30.624218839488485,0.991741467769889,0.0016789663585884554,5.934595085734238e-17,0.0027854225852272725,0.2017497912924756,0.34111981993840834,0.6601076811040684,0.612188894109667,0.22892808497192016,31388,142196,3651,6414,16853,31.296901008698942,0.9914267978091275
validation,validation-10,input/native512-float/adaptive,0.41356337607922256,0.8849618373028091,0.6955642060991525,0.7067444373724794,29.030780968733442,0.9901760028126622,0.0016789663585884556,5.471080317334493e-17,0.002779873934659091,0.2835907978682552,0.43569171260683476,0.6691148260944245,0.6298981102313423,0.3290134933318096,31388,142196,3651,6414,16853,29.725179559486786,0.9893730716136062
validation,validation-10,input/native1024-float/none,0.3236477553313942,0.7459172157528643,0.7515571908997468,0.7122937464021629,30.662143519169764,0.9916510853829303,0.0016789663585884556,5.91678359095071e-17,0.0032182173295454545,0.20683563934719945,0.3418696802090599,0.6182009918713516,0.580197761179388,0.23226320264851785,31388,142196,3651,6414,16853,31.33970123024384,0.9913889874155482
validation,validation-10,input/native1024-float/adaptive,0.41068957569594733,0.8862806291620695,0.6997948180573675,0.6964190201017786,29.08335278237101,0.9902223522633554,0.0016789663585884554,5.4835915610271095e-17,0.0031960227272727275,0.2836242021699849,0.43316393089019334,0.6277710692680998,0.5985860112055781,0.32816304542624825,31388,142196,3651,6414,16853,29.780004763995443,0.9894484027262919
validation,validation-10,input/padded512-float/none,0.3231509924331348,0.7429350069666119,0.7466439150742047,0.7322422307068646,30.621311906920386,0.9917400791465557,0.0016789663585884554,5.927141483101529e-17,0.0027854225852272725,0.20186644400943196,0.34126280280634463,0.6604428078519927,0.6126004064915331,0.22912391917967548,31388,142196,3651,6414,16853,31.294011952015058,0.9914247064274617
validation,validation-10,input/padded512-float/adaptive,0.413636201500416,0.8851327876268023,0.6954973573595017,0.7066952089287442,29.029218572489658,0.9901750119597582,0.0016789663585884554,5.472944466788676e-17,0.002779873934659091,0.2835910260303051,0.43577391316874314,0.6694466422745625,0.630293458171269,0.3290624410193371,31388,142196,3651,6414,16853,29.723581601531475,0.9893717225887894
validation,validation-10,input/flipY512-float/none,0.32371509897828993,0.7448544589008819,0.7457727232020596,0.7369037606524426,30.61009289854227,0.991737823950304,0.001678966358588455,5.912063891336568e-17,0.002591219815340909,0.20247192580757192,0.34183672535239745,0.6602689022075198,0.6123763335256251,0.23041613609626216,31388,142196,3651,6414,16853,31.28270390282003,0.9914196654423476
validation,validation-10,input/flipY512-float/adaptive,0.4142123033547344,0.8851939095423914,0.6950264149989687,0.7081274657236943,29.021182544436822,0.9901780063770564,0.0016789663585884554,5.459633603408005e-17,0.002591219815340909,0.2836018370142301,0.4364924039816214,0.6693369620112455,0.6300990401701447,0.32949445955598294,31388,142196,3651,6414,16853,29.715374210661953,0.989369604549258
validation,validation-10,input/flipX512-float/none,0.3234583143556357,0.7432504447847258,0.7463237344192187,0.7325213723166168,30.612922502722284,0.9917500247965426,0.001678966358588455,5.935613920568326e-17,0.0027854225852272725,0.2019679528077186,0.341618901060274,0.6606198266024935,0.6125178091180669,0.22933103698383006,31388,142196,3651,6414,16853,31.285525556197207,0.9914336025811957
validation,validation-10,input/flipX512-float/adaptive,0.4138847645114607,0.8853423688539799,0.6953144734978236,0.7065590761606336,29.024373804721755,0.9901757002054055,0.0016789663585884554,5.471643714327073e-17,0.0027854225852272725,0.28359341649727426,0.43607870244747376,0.6696217222545406,0.6302185656221452,0.3290831311657582,31388,142196,3651,6414,16853,29.718669920546677,0.9893710546307302
validation,validation-10,input/ensemble512-float/none,0.3233728353608368,0.7435526115615595,0.7462731244785643,0.7343363849521041,30.616447522124407,0.9917623087703098,0.001678966358588455,5.943768854699418e-17,0.0027354847301136365,0.20205568435316432,0.341500379947357,0.6603321357727722,0.6123610116981922,0.2295298575202147,31388,142196,3651,6414,16853,31.289075105282635,0.9914445957700934
validation,validation-10,input/ensemble512-float/adaptive,0.4138859533107719,0.885161376617839,0.6952967046117905,0.7072931383209021,29.025665906773327,0.9901842621646807,0.001678966358588455,5.474498131050769e-17,0.0027354847301136365,0.28359534815884485,0.4360865332922299,0.6693578359361543,0.6300719048003693,0.32919646317733525,31388,142196,3651,6414,16853,29.719965035816397,0.9893784233899748
validation,validation-10,gamma22/full,0.3155437909260197,0.7241334766463532,0.8225490236452251,0.6600527546332537,31.81928602662434,0.9858568946364096,0.0029031233974769026,0.001506007336218302,0.01009854403409091,0.43024329921783844,0.2875315403947131,0.42045800902682867,0.37823765303135476,0.305023251122069,31388,142196,3651,6414,16853,32.711288677133076,0.9864266314399964
validation,validation-10,gamma22/adaptive,0.459516496832805,0.9122968064702083,0.7005830999164439,0.6526743532224284,28.746037056709206,0.9836075191976972,0.0029031233974769026,0.0015060073362183019,0.0028464577414772725,0.5486625290353498,0.4348242138946712,0.6548131842875835,0.6128155278784967,0.45954096428531227,31388,142196,3651,6414,16853,29.55970060826749,0.9832386920904168
validation,validation-10,learned/scene-scale,0.267953654158139,0.66875310980646,0.8206860779594979,0.7337861421401531,32.46484988927418,0.9925009068468978,0.0016789663585884556,5.936145321334961e-17,0.009760076349431818,0.17002662234210839,0.2855571331740074,0.4242366923671656,0.3841455581841741,0.18039481329281426,31388,142196,3651,6414,16853,33.15903150780681,0.9924895700698892
validation,validation-10,learned/residual-cnn,0.4160323120875495,0.6685813536800689,0.859760842787655,-0.457193236838388,30.176029339771127,0.9876397019392023,0.0016789663585884554,5.893857172536456e-17,0.002435857599431818,0.4653451327571618,0.3986066459182705,0.6707650459766173,0.6195450039939805,0.40358609039998306,31388,142196,3651,6414,16853,30.934989853024458,0.9859525547868221
